source,target,topic,similarity,heuristic_relation,relation_label,source_stance,target_stance,source_sentence,target_sentence
167,319,minimum wage,0.813266396522522,attack,,pro,contra,"De exemplu , salariile mai mari tind să reducă cifra de afaceri , astfel încât angajatorii vor economisi la angajarea și formarea de noi angajați .","Pierderile de locuri de muncă ar putea apărea ca urmare a salariilor mai mari care pun o presiune mai mare asupra companiilor, ceea ce ar putea duce la tăierea locurilor de muncă, reducerea orelor de muncă și la alte metode de economisire a banilor companiei."
167,196,minimum wage,0.7640968561172485,support,,pro,pro,"De exemplu , salariile mai mari tind să reducă cifra de afaceri , astfel încât angajatorii vor economisi la angajarea și formarea de noi angajați .","Aceasta înseamnă că lucrătorii sunt mai puțin probabil să își caute un nou loc de muncă, să facă cereri de plată sau să renunțe definitiv."
167,283,minimum wage,0.7570244073867798,attack,,pro,contra,"De exemplu , salariile mai mari tind să reducă cifra de afaceri , astfel încât angajatorii vor economisi la angajarea și formarea de noi angajați .","Ar putea dura timp pentru angajatorii cu salarii mici să dezvolte modele de afaceri care să le permită să scape cu mai puțini angajați mai puțin calificați , ceea ce înseamnă că nu vedem imediat efectul total al unei creșteri ."
169,331,minimum wage,0.7862362861633301,attack,,pro,contra,Salariul minim actual este nu este un salariu de trai .,Nu este adevărat: muncitorul obișnuit cu salariul minim nu este un elev de liceu care câștigă bani de buzunar în weekend.
169,324,minimum wage,0.7761601209640503,attack,,pro,contra,Salariul minim actual este nu este un salariu de trai .,"Desigur, acest lucru nu înseamnă că creșterea salariului minim nu ar fi foarte benefică pentru cei care îl câștigă, dar, în cele din urmă, nu îi ajută pe cei care nu au deja un loc de muncă pentru început."
169,285,minimum wage,0.7660786509513855,attack,,pro,contra,Salariul minim actual este nu este un salariu de trai .,Salariul minim nu este un remediu pentru sărăcie.
174,224,minimum wage,0.8078153133392334,support,,pro,pro,"În 2014, susținătorii salariului minim au citat un studiu care a constatat că crearea de locuri de muncă în Statele Unite este mai rapidă în statele care și-au crescut salariul minim.","În 2014, susținătorii salariului minim au citat organizațiile de știri care au raportat că statul cu cel mai mare salariu minim a generat mai multe locuri de muncă decât restul Statelor Unite."
174,250,minimum wage,0.7780092358589172,attack,,pro,contra,"În 2014, susținătorii salariului minim au citat un studiu care a constatat că crearea de locuri de muncă în Statele Unite este mai rapidă în statele care și-au crescut salariul minim.","De fapt, cele mai actuale cercetări arată că un salariu minim mai mare crește șomajul; cu toate acestea, realitatea economică mai importantă este că un salariu minim mai mare crește costul forței de muncă slab calificate."
174,240,minimum wage,0.7035632133483887,support,,pro,pro,"În 2014, susținătorii salariului minim au citat un studiu care a constatat că crearea de locuri de muncă în Statele Unite este mai rapidă în statele care și-au crescut salariul minim.","Cercetările sugerează că o creștere a salariului minim ar putea avea un mic efect stimulativ asupra economiei, deoarece lucrătorii cu salarii mici își cheltuiesc veniturile suplimentare, crescând cererea și creșterea locurilor de muncă și oferind ajutor în ceea ce privește locurile de muncă. """
175,328,minimum wage,0.821940541267395,attack,,pro,contra,Un alt motiv pentru care salariul minim poate să nu afecteze ocuparea forței de muncă în anumite industrii este faptul că cererea pentru produsul produs de angajați este foarte inelastică.,"Mai puține angajări: dacă afacerile trebuie să plătească salariul minim mai mult angajaților, nu își pot permite să angajeze atât de mulți angajați."
175,277,minimum wage,0.8123345375061035,attack,,pro,contra,Un alt motiv pentru care salariul minim poate să nu afecteze ocuparea forței de muncă în anumite industrii este faptul că cererea pentru produsul produs de angajați este foarte inelastică.,"Întreprinderile sunt uneori forțate să angajeze mai puțini angajați, deoarece trebuie să plătească salariul minim."
175,324,minimum wage,0.7675292491912842,attack,,pro,contra,Un alt motiv pentru care salariul minim poate să nu afecteze ocuparea forței de muncă în anumite industrii este faptul că cererea pentru produsul produs de angajați este foarte inelastică.,"Desigur, acest lucru nu înseamnă că creșterea salariului minim nu ar fi foarte benefică pentru cei care îl câștigă, dar, în cele din urmă, nu îi ajută pe cei care nu au deja un loc de muncă pentru început."
176,233,minimum wage,0.7624880075454712,support,,pro,pro,"Această politică este mai orientată împotriva sărăciei decât a salariului minim, deoarece evită subvenționarea lucrătorilor cu venituri mici care sunt întreținute de gospodăriile cu venituri mari (de exemplu, adolescenții care încă locuiesc cu părinții lor).",Creșterea salariului minim înseamnă că unii dintre acești oameni ar fi capabili să se întrețină mai bine fără a se sprijini atât de mult pe programele sociale și acest lucru ar însemna în cele din urmă impozite mai mici sau o realocare a acelor fonduri pentru a sprijini alte nevoi.
176,291,minimum wage,0.7094008922576904,attack,,pro,contra,"Această politică este mai orientată împotriva sărăciei decât a salariului minim, deoarece evită subvenționarea lucrătorilor cu venituri mici care sunt întreținute de gospodăriile cu venituri mari (de exemplu, adolescenții care încă locuiesc cu părinții lor).",Pentru că există alternative mult mai bune pentru a ajuta familiile sărace și pentru că salariul minim este o abordare necinstită care ascunde adevăratul cost al politicii.
176,311,minimum wage,0.6949300169944763,attack,,pro,contra,"Această politică este mai orientată împotriva sărăciei decât a salariului minim, deoarece evită subvenționarea lucrătorilor cu venituri mici care sunt întreținute de gospodăriile cu venituri mari (de exemplu, adolescenții care încă locuiesc cu părinții lor).",O creștere a salariului minim este pur și simplu o modalitate ineficientă de a ajuta americanii să iasă din sărăcie.
177,190,minimum wage,0.7259814739227295,support,,pro,pro,"Dacă salariile ar fi ținut pasul cu productivitatea, studiile sugerează că ar fi ajuns la 21,72 USD/oră până în 2012.","Potrivit Institutului de Politică Economică , salariul minim în Statele Unite ar fi fost de 18,28 USD în 2013 dacă salariul minim ar fi ținut pasul cu productivitatea muncii ."
177,220,minimum wage,0.650436520576477,support,,pro,pro,"Dacă salariile ar fi ținut pasul cu productivitatea, studiile sugerează că ar fi ajuns la 21,72 USD/oră până în 2012.","Dacă salariul muncitorului crește la 15 USD, câștigurile anuale s-ar muta la 31.200 USD pe an pentru o săptămână de 40 de ore."
181,255,minimum wage,0.6910121440887451,attack,,pro,contra,Marjele de profit pe care le experimentează aceste mari companii pot rezista cu ușurință la o creștere a salariilor fără a fi nevoie să o transfere consumatorului.,"Unele companii vor putea absorbi costurile crescute cu forța de muncă, în timp ce altele, cu marje de profit reduse, își pot reduce forța de muncă sau își pot crește prețurile."
181,301,minimum wage,0.6892268657684326,attack,,pro,contra,Marjele de profit pe care le experimentează aceste mari companii pot rezista cu ușurință la o creștere a salariilor fără a fi nevoie să o transfere consumatorului.,"Prin urmare, este mai bine să lăsați piața să-și urmeze cursul și să permiteți întreprinderilor să își crească treptat salariile de la sine."
181,256,minimum wage,0.668389081954956,attack,,pro,contra,Marjele de profit pe care le experimentează aceste mari companii pot rezista cu ușurință la o creștere a salariilor fără a fi nevoie să o transfere consumatorului.,"Dacă angajatorii au putere de monopson ca cumpărători de forță de muncă și sunt capabili să stabilească salarii, de exemplu, ei pot menține salariul sub rata competitivă."
184,325,minimum wage,0.7868783473968506,attack,,pro,contra,Creșterea oportunităților de angajare oferă lucrătorilor slab calificați cele mai bune șanse de a găsi un loc de muncă și de a urca pe scara mobilității economice.,"Concurența se va intensifica: dacă salariul minim crește, persoanele prea calificate vor lupta pentru poziții cu salariul minim, împingând lucrătorii mai tineri și fără experiență din competiție și răpindu-le oportunitatea de a câștiga experiență și cunoștințe pentru a-și construi un CV și a intra în forța de muncă."
184,267,minimum wage,0.7251404523849487,attack,,pro,contra,Creșterea oportunităților de angajare oferă lucrătorilor slab calificați cele mai bune șanse de a găsi un loc de muncă și de a urca pe scara mobilității economice.,Punerea locurilor de muncă la nivel de intrare mai bine plătite crește riscul ca lucrătorii să rămână blocați în ele mai mult timp în loc să treacă la ceva mai plină de satisfacții.
184,250,minimum wage,0.7218284606933594,attack,,pro,contra,Creșterea oportunităților de angajare oferă lucrătorilor slab calificați cele mai bune șanse de a găsi un loc de muncă și de a urca pe scara mobilității economice.,"De fapt, cele mai actuale cercetări arată că un salariu minim mai mare crește șomajul; cu toate acestea, realitatea economică mai importantă este că un salariu minim mai mare crește costul forței de muncă slab calificate."
185,196,minimum wage,0.6852939128875732,support,,pro,pro,"Scăderea ratei de rotație: angajații care primesc un salariu minim mai mare se simt mai confortabil și mulțumiți de locurile de muncă cu salariul minim, ceea ce înseamnă că sunt mai puțin probabil să renunțe.","Aceasta înseamnă că lucrătorii sunt mai puțin probabil să își caute un nou loc de muncă, să facă cereri de plată sau să renunțe definitiv."
185,218,minimum wage,0.6698846817016602,support,,pro,pro,"Scăderea ratei de rotație: angajații care primesc un salariu minim mai mare se simt mai confortabil și mulțumiți de locurile de muncă cu salariul minim, ceea ce înseamnă că sunt mai puțin probabil să renunțe.","Ajută unii lucrători cu venituri mici, iar costurile în ceea ce privește ocuparea forței de muncă și ineficiența sunt probabil mici."
186,233,minimum wage,0.7576118111610413,support,,pro,pro,"Dar, în plus, plata unor salarii mai mari reduce sărăcia și presiunea asupra rețelei de siguranță socială.",Creșterea salariului minim înseamnă că unii dintre acești oameni ar fi capabili să se întrețină mai bine fără a se sprijini atât de mult pe programele sociale și acest lucru ar însemna în cele din urmă impozite mai mici sau o realocare a acelor fonduri pentru a sprijini alte nevoi.
176,186,minimum wage,0.6776366233825684,support,,pro,pro,"Această politică este mai orientată împotriva sărăciei decât a salariului minim, deoarece evită subvenționarea lucrătorilor cu venituri mici care sunt întreținute de gospodăriile cu venituri mari (de exemplu, adolescenții care încă locuiesc cu părinții lor).","Dar, în plus, plata unor salarii mai mari reduce sărăcia și presiunea asupra rețelei de siguranță socială."
186,207,minimum wage,0.6630666255950928,support,,pro,pro,"Dar, în plus, plata unor salarii mai mari reduce sărăcia și presiunea asupra rețelei de siguranță socială.","Creșterile salariului minim pun mai mulți bani în economie, deoarece lucrătorii cu venituri mici sunt mai probabil să-și cheltuiască salariile mai mari decât omologii lor mai bine plătiți, care au șanse mai mari să-i economisească."
187,240,minimum wage,0.6562674045562744,support,,pro,pro,"1 unu ) , costul real pentru client cu o creștere a salariului minim este remarcabil de neglijabil .","Cercetările sugerează că o creștere a salariului minim ar putea avea un mic efect stimulativ asupra economiei, deoarece lucrătorii cu salarii mici își cheltuiesc veniturile suplimentare, crescând cererea și creșterea locurilor de muncă și oferind ajutor în ceea ce privește locurile de muncă. """
190,192,minimum wage,0.7077157497406006,support,,pro,pro,"Potrivit Institutului de Politică Economică , salariul minim în Statele Unite ar fi fost de 18,28 USD în 2013 dacă salariul minim ar fi ținut pasul cu productivitatea muncii .",Ultima dată când salariul minim a fost majorat la nivel federal în Statele Unite a fost în 2009 .
190,237,minimum wage,0.6926017999649048,support,,pro,pro,"Potrivit Institutului de Politică Economică , salariul minim în Statele Unite ar fi fost de 18,28 USD în 2013 dacă salariul minim ar fi ținut pasul cu productivitatea muncii .","Un raport din 2015 al Alianței pentru o Societate Justă, a constatat că „salariul minim federal de 7,25 dolari pe oră reprezintă mai puțin de jumătate din salariul de trai pentru un singur adult”, iar un muncitor care se întreține numai pe sine ar trebui să lucreze 93 de ore pe săptămână la salariul minim federal pentru a-și face rostul „sau să sară peste nevoi precum mese sau medicamente”."
191,219,minimum wage,0.6573456525802612,support,,pro,pro,"Potrivit calculatorului de inflație de la Biroul de Statistică a Muncii , ar fi nevoie de un salariu minim de 7,93 dolari în dolari din 2015 doar pentru a egala puterea de cumpărare a ceea ce ar putea oferi 7,25 dolari în 2009 .","Nu numai atât, dar așa cum a spus unul dintre susținătorii legii în audierile cu privire la cifra de 40 de cenți pe oră care se discuta la acea vreme (în jur de 6,60 dolari în dolari din 2015): „ar fi o calamitate dacă un astfel de salariu minim ca cel la care se face referire ar fi în vreun fel interpretat ca un salariu de trai”."
191,237,minimum wage,0.6537573337554932,support,,pro,pro,"Potrivit calculatorului de inflație de la Biroul de Statistică a Muncii , ar fi nevoie de un salariu minim de 7,93 dolari în dolari din 2015 doar pentru a egala puterea de cumpărare a ceea ce ar putea oferi 7,25 dolari în 2009 .","Un raport din 2015 al Alianței pentru o Societate Justă, a constatat că „salariul minim federal de 7,25 dolari pe oră reprezintă mai puțin de jumătate din salariul de trai pentru un singur adult”, iar un muncitor care se întreține numai pe sine ar trebui să lucreze 93 de ore pe săptămână la salariul minim federal pentru a-și face rostul „sau să sară peste nevoi precum mese sau medicamente”."
174,192,minimum wage,0.6822108030319214,support,,pro,pro,"În 2014, susținătorii salariului minim au citat un studiu care a constatat că crearea de locuri de muncă în Statele Unite este mai rapidă în statele care și-au crescut salariul minim.",Ultima dată când salariul minim a fost majorat la nivel federal în Statele Unite a fost în 2009 .
193,215,minimum wage,0.6914231777191162,support,,pro,pro,Multe dintre argumentele anti-raise sunt contestate în această fișă informativă DOL; și faptul că întreprinderile mici și mari deopotrivă decid deja să-și majoreze salariul minim pe cont propriu face să pară că „pro” dezbaterii este câștigătoare.,"An de an, deceniu după deceniu, aceleași argumente au fost dezbătute de oponenții salariului minim de fiecare dată când s-a propus o creștere a salariului."
195,246,minimum wage,0.7404261827468872,support,,pro,pro,"Prin ridicarea recompensei pentru muncă, acest credit fiscal tinde, de asemenea, să crească oferta de muncă.","O creștere a salariului minim va pune mai mulți bani în buzunarele mai multor familii, care vor fi cheltuiți pe bunuri și servicii, stimulând creșterea economică la nivel local și național."
195,207,minimum wage,0.7026534676551819,support,,pro,pro,"Prin ridicarea recompensei pentru muncă, acest credit fiscal tinde, de asemenea, să crească oferta de muncă.","Creșterile salariului minim pun mai mulți bani în economie, deoarece lucrătorii cu venituri mici sunt mai probabil să-și cheltuiască salariile mai mari decât omologii lor mai bine plătiți, care au șanse mai mari să-i economisească."
195,206,minimum wage,0.6709631085395813,support,,pro,pro,"Prin ridicarea recompensei pentru muncă, acest credit fiscal tinde, de asemenea, să crească oferta de muncă.","Creșterea cheltuielilor consumatorilor: În sfârșit, plata suplimentară în buzunarele a aproximativ 16,5 milioane de lucrători ar putea ajunge la comercianții cu amănuntul și ar putea oferi un impuls economiei."
196,308,minimum wage,0.787638783454895,attack,,pro,contra,"Aceasta înseamnă că lucrătorii sunt mai puțin probabil să își caute un nou loc de muncă, să facă cereri de plată sau să renunțe definitiv.",Ordonarea companiilor să plătească mai mult lucrătorilor de la nivel de bază le va face să angajeze mai puțini dintre ei și să ia în considerare înlocuirea mai multor lucrători cu roboți sau computere.
196,328,minimum wage,0.7784459590911865,attack,,pro,contra,"Aceasta înseamnă că lucrătorii sunt mai puțin probabil să își caute un nou loc de muncă, să facă cereri de plată sau să renunțe definitiv.","Mai puține angajări: dacă afacerile trebuie să plătească salariul minim mai mult angajaților, nu își pot permite să angajeze atât de mulți angajați."
196,277,minimum wage,0.7648580074310303,attack,,pro,contra,"Aceasta înseamnă că lucrătorii sunt mai puțin probabil să își caute un nou loc de muncă, să facă cereri de plată sau să renunțe definitiv.","Întreprinderile sunt uneori forțate să angajeze mai puțini angajați, deoarece trebuie să plătească salariul minim."
198,205,minimum wage,0.7613556385040283,support,,pro,pro,"Pe baza datelor din răspunsurile angajatorilor, autorii au concluzionat că creșterea salariului minim a crescut ușor ocuparea forței de muncă în restaurantele din New Jersey.","Ei au analizat tendințele de angajare pentru mai multe categorii de lucrători cu salarii mici din 1990 până în 2006 și au constatat că creșterile salariilor minime nu au avut efecte negative asupra angajării cu salarii mici și au crescut cu succes veniturile lucrătorilor din sectorul alimentar și din comerțul cu amănuntul, precum și categoria mai restrânsă a lucrătorilor din restaurante."
174,198,minimum wage,0.6718800663948059,support,,pro,pro,"În 2014, susținătorii salariului minim au citat un studiu care a constatat că crearea de locuri de muncă în Statele Unite este mai rapidă în statele care și-au crescut salariul minim.","Pe baza datelor din răspunsurile angajatorilor, autorii au concluzionat că creșterea salariului minim a crescut ușor ocuparea forței de muncă în restaurantele din New Jersey."
198,325,minimum wage,0.660545825958252,attack,,pro,contra,"Pe baza datelor din răspunsurile angajatorilor, autorii au concluzionat că creșterea salariului minim a crescut ușor ocuparea forței de muncă în restaurantele din New Jersey.","Concurența se va intensifica: dacă salariul minim crește, persoanele prea calificate vor lupta pentru poziții cu salariul minim, împingând lucrătorii mai tineri și fără experiență din competiție și răpindu-le oportunitatea de a câștiga experiență și cunoștințe pentru a-și construi un CV și a intra în forța de muncă."
200,207,minimum wage,0.7754147052764893,support,,pro,pro,"Desigur, cu cât lucrătorii câștigă mai mulți bani prin salarii, cu atât trebuie să cheltuiască mai mult ca consumatori.","Creșterile salariului minim pun mai mulți bani în economie, deoarece lucrătorii cu venituri mici sunt mai probabil să-și cheltuiască salariile mai mari decât omologii lor mai bine plătiți, care au șanse mai mari să-i economisească."
200,227,minimum wage,0.7440717220306396,support,,pro,pro,"Desigur, cu cât lucrătorii câștigă mai mulți bani prin salarii, cu atât trebuie să cheltuiască mai mult ca consumatori.",Mai mulți bani câștigați înseamnă mai mulți bani înapoiați în economie pe măsură ce oamenii îi cheltuiesc.
200,206,minimum wage,0.7347551584243774,support,,pro,pro,"Desigur, cu cât lucrătorii câștigă mai mulți bani prin salarii, cu atât trebuie să cheltuiască mai mult ca consumatori.","Creșterea cheltuielilor consumatorilor: În sfârșit, plata suplimentară în buzunarele a aproximativ 16,5 milioane de lucrători ar putea ajunge la comercianții cu amănuntul și ar putea oferi un impuls economiei."
204,207,minimum wage,0.7583914995193481,support,,pro,pro,Un nivel de salariu mai mare pare o modalitate simplă și sensibilă de a îmbunătăți averea lucrătorilor.,"Creșterile salariului minim pun mai mulți bani în economie, deoarece lucrătorii cu venituri mici sunt mai probabil să-și cheltuiască salariile mai mari decât omologii lor mai bine plătiți, care au șanse mai mari să-i economisească."
204,232,minimum wage,0.7235089540481567,support,,pro,pro,Un nivel de salariu mai mare pare o modalitate simplă și sensibilă de a îmbunătăți averea lucrătorilor.,Lucrătorilor cu normă parțială care obțin salariul minim li s-ar putea oferi oportunitatea cu normă întreagă de a ajuta un angajator să economisească costul angajării și formării de noi angajați.
204,240,minimum wage,0.6901131868362427,support,,pro,pro,Un nivel de salariu mai mare pare o modalitate simplă și sensibilă de a îmbunătăți averea lucrătorilor.,"Cercetările sugerează că o creștere a salariului minim ar putea avea un mic efect stimulativ asupra economiei, deoarece lucrătorii cu salarii mici își cheltuiesc veniturile suplimentare, crescând cererea și creșterea locurilor de muncă și oferind ajutor în ceea ce privește locurile de muncă. """
205,240,minimum wage,0.791373074054718,support,,pro,pro,"Ei au analizat tendințele de angajare pentru mai multe categorii de lucrători cu salarii mici din 1990 până în 2006 și au constatat că creșterile salariilor minime nu au avut efecte negative asupra angajării cu salarii mici și au crescut cu succes veniturile lucrătorilor din sectorul alimentar și din comerțul cu amănuntul, precum și categoria mai restrânsă a lucrătorilor din restaurante.","Cercetările sugerează că o creștere a salariului minim ar putea avea un mic efect stimulativ asupra economiei, deoarece lucrătorii cu salarii mici își cheltuiesc veniturile suplimentare, crescând cererea și creșterea locurilor de muncă și oferind ajutor în ceea ce privește locurile de muncă. """
205,207,minimum wage,0.7322168350219727,support,,pro,pro,"Ei au analizat tendințele de angajare pentru mai multe categorii de lucrători cu salarii mici din 1990 până în 2006 și au constatat că creșterile salariilor minime nu au avut efecte negative asupra angajării cu salarii mici și au crescut cu succes veniturile lucrătorilor din sectorul alimentar și din comerțul cu amănuntul, precum și categoria mai restrânsă a lucrătorilor din restaurante.","Creșterile salariului minim pun mai mulți bani în economie, deoarece lucrătorii cu venituri mici sunt mai probabil să-și cheltuiască salariile mai mari decât omologii lor mai bine plătiți, care au șanse mai mari să-i economisească."
206,246,minimum wage,0.6918801069259644,support,,pro,pro,"Creșterea cheltuielilor consumatorilor: În sfârșit, plata suplimentară în buzunarele a aproximativ 16,5 milioane de lucrători ar putea ajunge la comercianții cu amănuntul și ar putea oferi un impuls economiei.","O creștere a salariului minim va pune mai mulți bani în buzunarele mai multor familii, care vor fi cheltuiți pe bunuri și servicii, stimulând creșterea economică la nivel local și național."
207,240,minimum wage,0.8522387742996216,support,,pro,pro,"Creșterile salariului minim pun mai mulți bani în economie, deoarece lucrătorii cu venituri mici sunt mai probabil să-și cheltuiască salariile mai mari decât omologii lor mai bine plătiți, care au șanse mai mari să-i economisească.","Cercetările sugerează că o creștere a salariului minim ar putea avea un mic efect stimulativ asupra economiei, deoarece lucrătorii cu salarii mici își cheltuiesc veniturile suplimentare, crescând cererea și creșterea locurilor de muncă și oferind ajutor în ceea ce privește locurile de muncă. """
207,250,minimum wage,0.8469653129577637,attack,,pro,contra,"Creșterile salariului minim pun mai mulți bani în economie, deoarece lucrătorii cu venituri mici sunt mai probabil să-și cheltuiască salariile mai mari decât omologii lor mai bine plătiți, care au șanse mai mari să-i economisească.","De fapt, cele mai actuale cercetări arată că un salariu minim mai mare crește șomajul; cu toate acestea, realitatea economică mai importantă este că un salariu minim mai mare crește costul forței de muncă slab calificate."
207,305,minimum wage,0.8202541470527649,attack,,pro,contra,"Creșterile salariului minim pun mai mulți bani în economie, deoarece lucrătorii cu venituri mici sunt mai probabil să-și cheltuiască salariile mai mari decât omologii lor mai bine plătiți, care au șanse mai mari să-i economisească.","Costul mai mare al forței de muncă se poate traduce printr-un șomaj mai mare pentru lucrătorii cu calificare scăzută, orele reduse, pierderea beneficiilor, o cerere mai mare de muncă sau chiar prețuri mai mari pentru bunurile pe care le furnizează."
190,209,minimum wage,0.6735361814498901,support,,pro,pro,"Potrivit Institutului de Politică Economică , salariul minim în Statele Unite ar fi fost de 18,28 USD în 2013 dacă salariul minim ar fi ținut pasul cu productivitatea muncii .","Potrivit Institutului de Politică Economică, vârsta medie a lucrătorilor care ar beneficia astăzi de un salariu minim mai mare este de treizeci și cinci de ani."
210,268,minimum wage,0.720184326171875,attack,,pro,contra,"Faptul că nu se poate trăi confortabil cu salariul minim este un simptom al inflaţiei, nu al lipsei de educaţie.","Deoarece salariul minim nu a fost niciodată legat de inflație, valoarea lui sa erodat semnificativ și mulți economiști spun că acest lucru a contribuit puternic la creșterea inegalității veniturilor."
210,285,minimum wage,0.6565688848495483,attack,,pro,contra,"Faptul că nu se poate trăi confortabil cu salariul minim este un simptom al inflaţiei, nu al lipsei de educaţie.",Salariul minim nu este un remediu pentru sărăcie.
169,211,minimum wage,0.7360445261001587,support,,pro,pro,Salariul minim actual este nu este un salariu de trai .,Salariul minim nu a ținut pasul cu costul mediu al vieții (COLA).
211,285,minimum wage,0.705742597579956,attack,,pro,contra,Salariul minim nu a ținut pasul cu costul mediu al vieții (COLA).,Salariul minim nu este un remediu pentru sărăcie.
211,262,minimum wage,0.667432427406311,attack,,pro,contra,Salariul minim nu a ținut pasul cu costul mediu al vieții (COLA).,Unele întreprinderi mici nu își pot permite să plătească salariul minim.
213,240,minimum wage,0.7445425987243652,support,,pro,pro,"Într-o lucrare din 2011, ei au subliniat că un salariu minim mai mare împreună cu creditul fiscal pentru venitul câștigat (care completează venitul pentru lucrătorii săraci din America) a stimulat atât ocuparea forței de muncă, cât și câștigurile pentru femeile singure cu copii (deși costa locuri de muncă mai puțin calificate, pentru bărbați din minorități).","Cercetările sugerează că o creștere a salariului minim ar putea avea un mic efect stimulativ asupra economiei, deoarece lucrătorii cu salarii mici își cheltuiesc veniturile suplimentare, crescând cererea și creșterea locurilor de muncă și oferind ajutor în ceea ce privește locurile de muncă. """
213,250,minimum wage,0.7410687208175659,attack,,pro,contra,"Într-o lucrare din 2011, ei au subliniat că un salariu minim mai mare împreună cu creditul fiscal pentru venitul câștigat (care completează venitul pentru lucrătorii săraci din America) a stimulat atât ocuparea forței de muncă, cât și câștigurile pentru femeile singure cu copii (deși costa locuri de muncă mai puțin calificate, pentru bărbați din minorități).","De fapt, cele mai actuale cercetări arată că un salariu minim mai mare crește șomajul; cu toate acestea, realitatea economică mai importantă este că un salariu minim mai mare crește costul forței de muncă slab calificate."
207,213,minimum wage,0.7312129735946655,support,,pro,pro,"Creșterile salariului minim pun mai mulți bani în economie, deoarece lucrătorii cu venituri mici sunt mai probabil să-și cheltuiască salariile mai mari decât omologii lor mai bine plătiți, care au șanse mai mari să-i economisească.","Într-o lucrare din 2011, ei au subliniat că un salariu minim mai mare împreună cu creditul fiscal pentru venitul câștigat (care completează venitul pentru lucrătorii săraci din America) a stimulat atât ocuparea forței de muncă, cât și câștigurile pentru femeile singure cu copii (deși costa locuri de muncă mai puțin calificate, pentru bărbați din minorități)."
215,313,minimum wage,0.6886926293373108,attack,,pro,contra,"An de an, deceniu după deceniu, aceleași argumente au fost dezbătute de oponenții salariului minim de fiecare dată când s-a propus o creștere a salariului.","Din punct de vedere istoric, scepticismul economiștilor își are rădăcinile în îngrijorarea că limitele salariale reduc ocuparea forței de muncă."
216,306,minimum wage,0.6912118196487427,attack,,pro,contra,"(Raportul a mai constatat că salariile mai mari ar putea împinge 900.000 de persoane peste pragul sărăciei, un rezultat fără îndoială bun.)","Înseamnă plăți mai mari pentru americanii cu salarii mici, dar unii oameni susțin că chiar și creșterea acestuia la 9 dolari ar crește în cele din urmă șomajul, deoarece angajatorii își vor putea permite să angajeze mai puțini lucrători."
216,250,minimum wage,0.672527015209198,attack,,pro,contra,"(Raportul a mai constatat că salariile mai mari ar putea împinge 900.000 de persoane peste pragul sărăciei, un rezultat fără îndoială bun.)","De fapt, cele mai actuale cercetări arată că un salariu minim mai mare crește șomajul; cu toate acestea, realitatea economică mai importantă este că un salariu minim mai mare crește costul forței de muncă slab calificate."
216,233,minimum wage,0.6596348285675049,support,,pro,pro,"(Raportul a mai constatat că salariile mai mari ar putea împinge 900.000 de persoane peste pragul sărăciei, un rezultat fără îndoială bun.)",Creșterea salariului minim înseamnă că unii dintre acești oameni ar fi capabili să se întrețină mai bine fără a se sprijini atât de mult pe programele sociale și acest lucru ar însemna în cele din urmă impozite mai mici sau o realocare a acelor fonduri pentru a sprijini alte nevoi.
217,246,minimum wage,0.7512086629867554,support,,pro,pro,"„Prin creșterea salariului la domiciliu al lucrătorilor, familiile câștigă atât securitate financiară, cât și o capacitate sporită de a cumpăra bunuri și servicii, creând astfel locuri de muncă pentru alți americani”, a concluzionat institutul de politică economică de la Washington, D.C., într-o scurtă susținere a creșterii salariului minim.","O creștere a salariului minim va pune mai mulți bani în buzunarele mai multor familii, care vor fi cheltuiți pe bunuri și servicii, stimulând creșterea economică la nivel local și național."
213,217,minimum wage,0.6928146481513977,support,,pro,pro,"Într-o lucrare din 2011, ei au subliniat că un salariu minim mai mare împreună cu creditul fiscal pentru venitul câștigat (care completează venitul pentru lucrătorii săraci din America) a stimulat atât ocuparea forței de muncă, cât și câștigurile pentru femeile singure cu copii (deși costa locuri de muncă mai puțin calificate, pentru bărbați din minorități).","„Prin creșterea salariului la domiciliu al lucrătorilor, familiile câștigă atât securitate financiară, cât și o capacitate sporită de a cumpăra bunuri și servicii, creând astfel locuri de muncă pentru alți americani”, a concluzionat institutul de politică economică de la Washington, D.C., într-o scurtă susținere a creșterii salariului minim."
207,217,minimum wage,0.6733690500259399,support,,pro,pro,"Creșterile salariului minim pun mai mulți bani în economie, deoarece lucrătorii cu venituri mici sunt mai probabil să-și cheltuiască salariile mai mari decât omologii lor mai bine plătiți, care au șanse mai mari să-i economisească.","„Prin creșterea salariului la domiciliu al lucrătorilor, familiile câștigă atât securitate financiară, cât și o capacitate sporită de a cumpăra bunuri și servicii, creând astfel locuri de muncă pentru alți americani”, a concluzionat institutul de politică economică de la Washington, D.C., într-o scurtă susținere a creșterii salariului minim."
218,282,minimum wage,0.7833086252212524,attack,,pro,contra,"Ajută unii lucrători cu venituri mici, iar costurile în ceea ce privește ocuparea forței de muncă și ineficiența sunt probabil mici.","Alţii, în special cei cu cele mai scăzute salarii de prelegislare, nu vor putea găsi de lucru."
218,240,minimum wage,0.7807228565216064,support,,pro,pro,"Ajută unii lucrători cu venituri mici, iar costurile în ceea ce privește ocuparea forței de muncă și ineficiența sunt probabil mici.","Cercetările sugerează că o creștere a salariului minim ar putea avea un mic efect stimulativ asupra economiei, deoarece lucrătorii cu salarii mici își cheltuiesc veniturile suplimentare, crescând cererea și creșterea locurilor de muncă și oferind ajutor în ceea ce privește locurile de muncă. """
218,277,minimum wage,0.7664364576339722,attack,,pro,contra,"Ajută unii lucrători cu venituri mici, iar costurile în ceea ce privește ocuparea forței de muncă și ineficiența sunt probabil mici.","Întreprinderile sunt uneori forțate să angajeze mai puțini angajați, deoarece trebuie să plătească salariul minim."
219,237,minimum wage,0.6876559257507324,support,,pro,pro,"Nu numai atât, dar așa cum a spus unul dintre susținătorii legii în audierile cu privire la cifra de 40 de cenți pe oră care se discuta la acea vreme (în jur de 6,60 dolari în dolari din 2015): „ar fi o calamitate dacă un astfel de salariu minim ca cel la care se face referire ar fi în vreun fel interpretat ca un salariu de trai”.","Un raport din 2015 al Alianței pentru o Societate Justă, a constatat că „salariul minim federal de 7,25 dolari pe oră reprezintă mai puțin de jumătate din salariul de trai pentru un singur adult”, iar un muncitor care se întreține numai pe sine ar trebui să lucreze 93 de ore pe săptămână la salariul minim federal pentru a-și face rostul „sau să sară peste nevoi precum mese sau medicamente”."
219,315,minimum wage,0.6831502914428711,attack,,pro,contra,"Nu numai atât, dar așa cum a spus unul dintre susținătorii legii în audierile cu privire la cifra de 40 de cenți pe oră care se discuta la acea vreme (în jur de 6,60 dolari în dolari din 2015): „ar fi o calamitate dacă un astfel de salariu minim ca cel la care se face referire ar fi în vreun fel interpretat ca un salariu de trai”.",Ideea că salariile nu s-ar ajusta în mod natural și că toată lumea de la acel capăt al grilei salariale nu ar ajunge să facă mai mult este de râs.
219,318,minimum wage,0.6812156438827515,attack,,pro,contra,"Nu numai atât, dar așa cum a spus unul dintre susținătorii legii în audierile cu privire la cifra de 40 de cenți pe oră care se discuta la acea vreme (în jur de 6,60 dolari în dolari din 2015): „ar fi o calamitate dacă un astfel de salariu minim ca cel la care se face referire ar fi în vreun fel interpretat ca un salariu de trai”.","În mod clar, profesioniștii nu sunt la fel de valoroși ca atunci când au fost începute legile care guvernează salariul minim."
221,233,minimum wage,0.7425532341003418,support,,pro,pro,Sprijinul public pentru o majorare a salariului minim este copleșitor.,Creșterea salariului minim înseamnă că unii dintre acești oameni ar fi capabili să se întrețină mai bine fără a se sprijini atât de mult pe programele sociale și acest lucru ar însemna în cele din urmă impozite mai mici sau o realocare a acelor fonduri pentru a sprijini alte nevoi.
221,246,minimum wage,0.7165437340736389,support,,pro,pro,Sprijinul public pentru o majorare a salariului minim este copleșitor.,"O creștere a salariului minim va pune mai mulți bani în buzunarele mai multor familii, care vor fi cheltuiți pe bunuri și servicii, stimulând creșterea economică la nivel local și național."
221,240,minimum wage,0.7165215611457825,support,,pro,pro,Sprijinul public pentru o majorare a salariului minim este copleșitor.,"Cercetările sugerează că o creștere a salariului minim ar putea avea un mic efect stimulativ asupra economiei, deoarece lucrătorii cu salarii mici își cheltuiesc veniturile suplimentare, crescând cererea și creșterea locurilor de muncă și oferind ajutor în ceea ce privește locurile de muncă. """
222,247,minimum wage,0.7299201488494873,support,,pro,pro,"Nouăzeci și doi la sută dintre democrați, 71 la sută dintre independenți și 43 la sută dintre republicani au declarat că susțin creșterea salariului minim federal la 9,00 dolari pe oră și indexarea creșterilor viitoare la inflație.","Sondajele efectuate din februarie 2013, când președintele Obama a cerut pentru prima dată Congresului să majoreze salariul minim, au arătat în mod constant că o majoritate covârșitoare a americanilor susțin o creștere."
221,222,minimum wage,0.668921709060669,support,,pro,pro,Sprijinul public pentru o majorare a salariului minim este copleșitor.,"Nouăzeci și doi la sută dintre democrați, 71 la sută dintre independenți și 43 la sută dintre republicani au declarat că susțin creșterea salariului minim federal la 9,00 dolari pe oră și indexarea creșterilor viitoare la inflație."
224,250,minimum wage,0.6886755228042603,attack,,pro,contra,"În 2014, susținătorii salariului minim au citat organizațiile de știri care au raportat că statul cu cel mai mare salariu minim a generat mai multe locuri de muncă decât restul Statelor Unite.","De fapt, cele mai actuale cercetări arată că un salariu minim mai mare crește șomajul; cu toate acestea, realitatea economică mai importantă este că un salariu minim mai mare crește costul forței de muncă slab calificate."
226,313,minimum wage,0.6696951389312744,attack,,pro,contra,Reich spune că argumentele multora care se opun creșterii salariului minim se bazează pe un „model de bază Econ 101” care nu reprezintă cu exactitate realitățile nuanțate ale industriilor care angajează muncitori cu salariul minim.,"Din punct de vedere istoric, scepticismul economiștilor își are rădăcinile în îngrijorarea că limitele salariale reduc ocuparea forței de muncă."
207,227,minimum wage,0.6850583553314209,support,,pro,pro,"Creșterile salariului minim pun mai mulți bani în economie, deoarece lucrătorii cu venituri mici sunt mai probabil să-și cheltuiască salariile mai mari decât omologii lor mai bine plătiți, care au șanse mai mari să-i economisească.",Mai mulți bani câștigați înseamnă mai mulți bani înapoiați în economie pe măsură ce oamenii îi cheltuiesc.
206,227,minimum wage,0.6507318019866943,support,,pro,pro,"Creșterea cheltuielilor consumatorilor: În sfârșit, plata suplimentară în buzunarele a aproximativ 16,5 milioane de lucrători ar putea ajunge la comercianții cu amănuntul și ar putea oferi un impuls economiei.",Mai mulți bani câștigați înseamnă mai mulți bani înapoiați în economie pe măsură ce oamenii îi cheltuiesc.
230,324,minimum wage,0.7536283731460571,attack,,pro,contra,Ei nu au găsit efecte negative asupra angajării de la un salariu minim mai mare.,"Desigur, acest lucru nu înseamnă că creșterea salariului minim nu ar fi foarte benefică pentru cei care îl câștigă, dar, în cele din urmă, nu îi ajută pe cei care nu au deja un loc de muncă pentru început."
230,236,minimum wage,0.7166166305541992,support,,pro,pro,Ei nu au găsit efecte negative asupra angajării de la un salariu minim mai mare.,Dar nimeni nu susține că creșterea salariului minim crește numărul de șomeri care își găsesc locuri de muncă.
205,230,minimum wage,0.7007971405982971,support,,pro,pro,"Ei au analizat tendințele de angajare pentru mai multe categorii de lucrători cu salarii mici din 1990 până în 2006 și au constatat că creșterile salariilor minime nu au avut efecte negative asupra angajării cu salarii mici și au crescut cu succes veniturile lucrătorilor din sectorul alimentar și din comerțul cu amănuntul, precum și categoria mai restrânsă a lucrătorilor din restaurante.",Ei nu au găsit efecte negative asupra angajării de la un salariu minim mai mare.
230,231,minimum wage,0.698028564453125,support,,pro,pro,Ei nu au găsit efecte negative asupra angajării de la un salariu minim mai mare.,"Centrul de Performanță Economică nu a găsit niciun impact vizibil asupra nivelului de ocupare a forței de muncă din creșterea salariilor, în timp ce Comisia de Salarizare Scăzută a constatat că angajatorii și-au redus rata de angajare și orele de angajare a angajaților și a găsit modalități de a-i determina pe lucrătorii actuali să fie mai productivi (în special companiile de servicii)."
205,231,minimum wage,0.6792101263999939,support,,pro,pro,"Ei au analizat tendințele de angajare pentru mai multe categorii de lucrători cu salarii mici din 1990 până în 2006 și au constatat că creșterile salariilor minime nu au avut efecte negative asupra angajării cu salarii mici și au crescut cu succes veniturile lucrătorilor din sectorul alimentar și din comerțul cu amănuntul, precum și categoria mai restrânsă a lucrătorilor din restaurante.","Centrul de Performanță Economică nu a găsit niciun impact vizibil asupra nivelului de ocupare a forței de muncă din creșterea salariilor, în timp ce Comisia de Salarizare Scăzută a constatat că angajatorii și-au redus rata de angajare și orele de angajare a angajaților și a găsit modalități de a-i determina pe lucrătorii actuali să fie mai productivi (în special companiile de servicii)."
231,236,minimum wage,0.6625325679779053,support,,pro,pro,"Centrul de Performanță Economică nu a găsit niciun impact vizibil asupra nivelului de ocupare a forței de muncă din creșterea salariilor, în timp ce Comisia de Salarizare Scăzută a constatat că angajatorii și-au redus rata de angajare și orele de angajare a angajaților și a găsit modalități de a-i determina pe lucrătorii actuali să fie mai productivi (în special companiile de servicii).",Dar nimeni nu susține că creșterea salariului minim crește numărul de șomeri care își găsesc locuri de muncă.
207,232,minimum wage,0.6994671821594238,support,,pro,pro,"Creșterile salariului minim pun mai mulți bani în economie, deoarece lucrătorii cu venituri mici sunt mai probabil să-și cheltuiască salariile mai mari decât omologii lor mai bine plătiți, care au șanse mai mari să-i economisească.",Lucrătorilor cu normă parțială care obțin salariul minim li s-ar putea oferi oportunitatea cu normă întreagă de a ajuta un angajator să economisească costul angajării și formării de noi angajați.
167,232,minimum wage,0.685059666633606,support,,pro,pro,"De exemplu , salariile mai mari tind să reducă cifra de afaceri , astfel încât angajatorii vor economisi la angajarea și formarea de noi angajați .",Lucrătorilor cu normă parțială care obțin salariul minim li s-ar putea oferi oportunitatea cu normă întreagă de a ajuta un angajator să economisească costul angajării și formării de noi angajați.
207,233,minimum wage,0.8049594759941101,support,,pro,pro,"Creșterile salariului minim pun mai mulți bani în economie, deoarece lucrătorii cu venituri mici sunt mai probabil să-și cheltuiască salariile mai mari decât omologii lor mai bine plătiți, care au șanse mai mari să-i economisească.",Creșterea salariului minim înseamnă că unii dintre acești oameni ar fi capabili să se întrețină mai bine fără a se sprijini atât de mult pe programele sociale și acest lucru ar însemna în cele din urmă impozite mai mici sau o realocare a acelor fonduri pentru a sprijini alte nevoi.
233,240,minimum wage,0.7887980341911316,support,,pro,pro,Creșterea salariului minim înseamnă că unii dintre acești oameni ar fi capabili să se întrețină mai bine fără a se sprijini atât de mult pe programele sociale și acest lucru ar însemna în cele din urmă impozite mai mici sau o realocare a acelor fonduri pentru a sprijini alte nevoi.,"Cercetările sugerează că o creștere a salariului minim ar putea avea un mic efect stimulativ asupra economiei, deoarece lucrătorii cu salarii mici își cheltuiesc veniturile suplimentare, crescând cererea și creșterea locurilor de muncă și oferind ajutor în ceea ce privește locurile de muncă. """
236,324,minimum wage,0.8001468181610107,attack,,pro,contra,Dar nimeni nu susține că creșterea salariului minim crește numărul de șomeri care își găsesc locuri de muncă.,"Desigur, acest lucru nu înseamnă că creșterea salariului minim nu ar fi foarte benefică pentru cei care îl câștigă, dar, în cele din urmă, nu îi ajută pe cei care nu au deja un loc de muncă pentru început."
236,250,minimum wage,0.7446796894073486,attack,,pro,contra,Dar nimeni nu susține că creșterea salariului minim crește numărul de șomeri care își găsesc locuri de muncă.,"De fapt, cele mai actuale cercetări arată că un salariu minim mai mare crește șomajul; cu toate acestea, realitatea economică mai importantă este că un salariu minim mai mare crește costul forței de muncă slab calificate."
236,240,minimum wage,0.7185783386230469,support,,pro,pro,Dar nimeni nu susține că creșterea salariului minim crește numărul de șomeri care își găsesc locuri de muncă.,"Cercetările sugerează că o creștere a salariului minim ar putea avea un mic efect stimulativ asupra economiei, deoarece lucrătorii cu salarii mici își cheltuiesc veniturile suplimentare, crescând cererea și creșterea locurilor de muncă și oferind ajutor în ceea ce privește locurile de muncă. """
169,237,minimum wage,0.6963441967964172,support,,pro,pro,Salariul minim actual este nu este un salariu de trai .,"Un raport din 2015 al Alianței pentru o Societate Justă, a constatat că „salariul minim federal de 7,25 dolari pe oră reprezintă mai puțin de jumătate din salariul de trai pentru un singur adult”, iar un muncitor care se întreține numai pe sine ar trebui să lucreze 93 de ore pe săptămână la salariul minim federal pentru a-și face rostul „sau să sară peste nevoi precum mese sau medicamente”."
239,331,minimum wage,0.779879093170166,attack,,pro,contra,Este un mit că salariul minim este doar pentru adolescenți și pentru lucrătorii de nivel începător.,Nu este adevărat: muncitorul obișnuit cu salariul minim nu este un elev de liceu care câștigă bani de buzunar în weekend.
239,320,minimum wage,0.737419843673706,attack,,pro,contra,Este un mit că salariul minim este doar pentru adolescenți și pentru lucrătorii de nivel începător.,Adevărul este că legile privind salariul minim blochează tinerii de pe piața muncii.
239,297,minimum wage,0.7116355299949646,attack,,pro,contra,Este un mit că salariul minim este doar pentru adolescenți și pentru lucrătorii de nivel începător.,„Locuri de muncă cu salariu minim sunt destinate elevilor de liceu!”
240,250,minimum wage,0.8521125912666321,attack,,pro,contra,"Cercetările sugerează că o creștere a salariului minim ar putea avea un mic efect stimulativ asupra economiei, deoarece lucrătorii cu salarii mici își cheltuiesc veniturile suplimentare, crescând cererea și creșterea locurilor de muncă și oferind ajutor în ceea ce privește locurile de muncă. ""","De fapt, cele mai actuale cercetări arată că un salariu minim mai mare crește șomajul; cu toate acestea, realitatea economică mai importantă este că un salariu minim mai mare crește costul forței de muncă slab calificate."
240,324,minimum wage,0.806354284286499,attack,,pro,contra,"Cercetările sugerează că o creștere a salariului minim ar putea avea un mic efect stimulativ asupra economiei, deoarece lucrătorii cu salarii mici își cheltuiesc veniturile suplimentare, crescând cererea și creșterea locurilor de muncă și oferind ajutor în ceea ce privește locurile de muncă. ""","Desigur, acest lucru nu înseamnă că creșterea salariului minim nu ar fi foarte benefică pentru cei care îl câștigă, dar, în cele din urmă, nu îi ajută pe cei care nu au deja un loc de muncă pentru început."
243,323,minimum wage,0.9161089062690735,attack,,pro,contra,"Mit: Creșterea salariului minim cu bacșiș federal (2,13 dolari pe oră din 1991) ar dăuna restaurantelor.","Mit: Creșterea salariului minim cu bacșiș federal (2,13 dolari pe oră din 1991) ar duce la pierderea locurilor de muncă în restaurante."
245,329,minimum wage,0.664137601852417,attack,,pro,contra,"Potrivit James K. Galbraith, PhD, profesor de guvernare la Universitatea Texas din Austin, „[b] deoarece veniturile din salarii și impozitele pe venit ar crește [ca urmare a unei creșteri a salariului minim], deficitul federal ar scădea.”",Creșterea salariului minim federal ar dăuna în mod disproporționat celor mai sărace zone ale Statelor Unite.
207,246,minimum wage,0.7611021995544434,support,,pro,pro,"Creșterile salariului minim pun mai mulți bani în economie, deoarece lucrătorii cu venituri mici sunt mai probabil să-și cheltuiască salariile mai mari decât omologii lor mai bine plătiți, care au șanse mai mari să-i economisească.","O creștere a salariului minim va pune mai mulți bani în buzunarele mai multor familii, care vor fi cheltuiți pe bunuri și servicii, stimulând creșterea economică la nivel local și național."
233,246,minimum wage,0.7432537078857422,support,,pro,pro,Creșterea salariului minim înseamnă că unii dintre acești oameni ar fi capabili să se întrețină mai bine fără a se sprijini atât de mult pe programele sociale și acest lucru ar însemna în cele din urmă impozite mai mici sau o realocare a acelor fonduri pentru a sprijini alte nevoi.,"O creștere a salariului minim va pune mai mulți bani în buzunarele mai multor familii, care vor fi cheltuiți pe bunuri și servicii, stimulând creșterea economică la nivel local și național."
174,247,minimum wage,0.6904892921447754,support,,pro,pro,"În 2014, susținătorii salariului minim au citat un studiu care a constatat că crearea de locuri de muncă în Statele Unite este mai rapidă în statele care și-au crescut salariul minim.","Sondajele efectuate din februarie 2013, când președintele Obama a cerut pentru prima dată Congresului să majoreze salariul minim, au arătat în mod constant că o majoritate covârșitoare a americanilor susțin o creștere."
221,247,minimum wage,0.6740847826004028,support,,pro,pro,Sprijinul public pentru o majorare a salariului minim este copleșitor.,"Sondajele efectuate din februarie 2013, când președintele Obama a cerut pentru prima dată Congresului să majoreze salariul minim, au arătat în mod constant că o majoritate covârșitoare a americanilor susțin o creștere."
246,248,minimum wage,0.7030231952667236,support,,pro,pro,"O creștere a salariului minim va pune mai mulți bani în buzunarele mai multor familii, care vor fi cheltuiți pe bunuri și servicii, stimulând creșterea economică la nivel local și național.",Creșterea salariului minim federal este o parte importantă a consolidării economiei.
221,248,minimum wage,0.6752190589904785,support,,pro,pro,Sprijinul public pentru o majorare a salariului minim este copleșitor.,Creșterea salariului minim federal este o parte importantă a consolidării economiei.
248,250,minimum wage,0.661571204662323,attack,,pro,contra,Creșterea salariului minim federal este o parte importantă a consolidării economiei.,"De fapt, cele mai actuale cercetări arată că un salariu minim mai mare crește șomajul; cu toate acestea, realitatea economică mai importantă este că un salariu minim mai mare crește costul forței de muncă slab calificate."
250,305,minimum wage,0.8311947584152222,support,,contra,contra,"De fapt, cele mai actuale cercetări arată că un salariu minim mai mare crește șomajul; cu toate acestea, realitatea economică mai importantă este că un salariu minim mai mare crește costul forței de muncă slab calificate.","Costul mai mare al forței de muncă se poate traduce printr-un șomaj mai mare pentru lucrătorii cu calificare scăzută, orele reduse, pierderea beneficiilor, o cerere mai mare de muncă sau chiar prețuri mai mari pentru bunurile pe care le furnizează."
175,251,minimum wage,0.7158652544021606,attack,,pro,contra,Un alt motiv pentru care salariul minim poate să nu afecteze ocuparea forței de muncă în anumite industrii este faptul că cererea pentru produsul produs de angajați este foarte inelastică.,"În modelele standard de piețe competitive, orice lucru care crește artificial prețul forței de muncă va reduce cererea pentru aceasta, iar primii care își vor pierde locurile de muncă vor fi muncitorii cel mai puțin calificați."
251,305,minimum wage,0.7136436700820923,support,,contra,contra,"În modelele standard de piețe competitive, orice lucru care crește artificial prețul forței de muncă va reduce cererea pentru aceasta, iar primii care își vor pierde locurile de muncă vor fi muncitorii cel mai puțin calificați.","Costul mai mare al forței de muncă se poate traduce printr-un șomaj mai mare pentru lucrătorii cu calificare scăzută, orele reduse, pierderea beneficiilor, o cerere mai mare de muncă sau chiar prețuri mai mari pentru bunurile pe care le furnizează."
167,251,minimum wage,0.7109657526016235,attack,,pro,contra,"De exemplu , salariile mai mari tind să reducă cifra de afaceri , astfel încât angajatorii vor economisi la angajarea și formarea de noi angajați .","În modelele standard de piețe competitive, orice lucru care crește artificial prețul forței de muncă va reduce cererea pentru aceasta, iar primii care își vor pierde locurile de muncă vor fi muncitorii cel mai puțin calificați."
252,306,minimum wage,0.6573742032051086,support,,contra,contra,"Sanderson și mulți alți economiști și experți în politici publice se tem de o serie de consecințe nedorite dacă salariul minim este crescut de la nivelul actual la 10,10 dolari pe oră, așa cum a propus președintele Barack Obama.","Înseamnă plăți mai mari pentru americanii cu salarii mici, dar unii oameni susțin că chiar și creșterea acestuia la 9 dolari ar crește în cele din urmă șomajul, deoarece angajatorii își vor putea permite să angajeze mai puțini lucrători."
240,252,minimum wage,0.6567516326904297,attack,,pro,contra,"Cercetările sugerează că o creștere a salariului minim ar putea avea un mic efect stimulativ asupra economiei, deoarece lucrătorii cu salarii mici își cheltuiesc veniturile suplimentare, crescând cererea și creșterea locurilor de muncă și oferind ajutor în ceea ce privește locurile de muncă. ""","Sanderson și mulți alți economiști și experți în politici publice se tem de o serie de consecințe nedorite dacă salariul minim este crescut de la nivelul actual la 10,10 dolari pe oră, așa cum a propus președintele Barack Obama."
253,317,minimum wage,0.8104603290557861,support,,contra,contra,Ei estimează în mod obișnuit că o creștere a salariului cu 10 la sută va reduce ocuparea forței de muncă a adolescenților cu aproximativ 1 până la 3 la sută.,"Un alt studiu din 2011 al lui Sen, Rybczynski și Van De Waal a constatat că „o creștere cu 10% a salariului minim este corelată în mod semnificativ cu o scădere cu 3-5% a angajării adolescenților”."
253,264,minimum wage,0.7156823873519897,support,,contra,contra,Ei estimează în mod obișnuit că o creștere a salariului cu 10 la sută va reduce ocuparea forței de muncă a adolescenților cu aproximativ 1 până la 3 la sută.,"El a descoperit că „salariul minim reduce creșterea netă a locurilor de muncă, în primul rând prin efectul său asupra creării de locuri de muncă” și că acele efecte „sunt cele mai pronunțate pentru lucrătorii mai tineri și în industriile cu o proporție mai mare de lucrători cu salarii mici”."
253,327,minimum wage,0.700742781162262,support,,contra,contra,Ei estimează în mod obișnuit că o creștere a salariului cu 10 la sută va reduce ocuparea forței de muncă a adolescenților cu aproximativ 1 până la 3 la sută.,"James Dorn, PhD, Senior Fellow la Institutul Cato, a declarat că o creștere cu 10% a salariului minim „conduce la o scădere cu 1 până la 3% a angajării lucrătorilor slab calificați” pe termen scurt și „la o scădere mai mare pe termen lung”."
255,319,minimum wage,0.7602296471595764,support,,contra,contra,"Unele companii vor putea absorbi costurile crescute cu forța de muncă, în timp ce altele, cu marje de profit reduse, își pot reduce forța de muncă sau își pot crește prețurile.","Pierderile de locuri de muncă ar putea apărea ca urmare a salariilor mai mari care pun o presiune mai mare asupra companiilor, ceea ce ar putea duce la tăierea locurilor de muncă, reducerea orelor de muncă și la alte metode de economisire a banilor companiei."
255,305,minimum wage,0.7534223794937134,support,,contra,contra,"Unele companii vor putea absorbi costurile crescute cu forța de muncă, în timp ce altele, cu marje de profit reduse, își pot reduce forța de muncă sau își pot crește prețurile.","Costul mai mare al forței de muncă se poate traduce printr-un șomaj mai mare pentru lucrătorii cu calificare scăzută, orele reduse, pierderea beneficiilor, o cerere mai mare de muncă sau chiar prețuri mai mari pentru bunurile pe care le furnizează."
167,255,minimum wage,0.7361856698989868,attack,,pro,contra,"De exemplu , salariile mai mari tind să reducă cifra de afaceri , astfel încât angajatorii vor economisi la angajarea și formarea de noi angajați .","Unele companii vor putea absorbi costurile crescute cu forța de muncă, în timp ce altele, cu marje de profit reduse, își pot reduce forța de muncă sau își pot crește prețurile."
175,256,minimum wage,0.7190184593200684,attack,,pro,contra,Un alt motiv pentru care salariul minim poate să nu afecteze ocuparea forței de muncă în anumite industrii este faptul că cererea pentru produsul produs de angajați este foarte inelastică.,"Dacă angajatorii au putere de monopson ca cumpărători de forță de muncă și sunt capabili să stabilească salarii, de exemplu, ei pot menține salariul sub rata competitivă."
167,256,minimum wage,0.7063181400299072,attack,,pro,contra,"De exemplu , salariile mai mari tind să reducă cifra de afaceri , astfel încât angajatorii vor economisi la angajarea și formarea de noi angajați .","Dacă angajatorii au putere de monopson ca cumpărători de forță de muncă și sunt capabili să stabilească salarii, de exemplu, ei pot menține salariul sub rata competitivă."
196,256,minimum wage,0.6841806173324585,attack,,pro,contra,"Aceasta înseamnă că lucrătorii sunt mai puțin probabil să își caute un nou loc de muncă, să facă cereri de plată sau să renunțe definitiv.","Dacă angajatorii au putere de monopson ca cumpărători de forță de muncă și sunt capabili să stabilească salarii, de exemplu, ei pot menține salariul sub rata competitivă."
257,319,minimum wage,0.7778395414352417,support,,contra,contra,"Principalul impact negativ potențial al creșterii salariului minim este pierderea a aproape 500.000 de locuri de muncă, care rezultă într-o scădere de aproximativ 0,3% a ocupării forței de muncă.","Pierderile de locuri de muncă ar putea apărea ca urmare a salariilor mai mari care pun o presiune mai mare asupra companiilor, ceea ce ar putea duce la tăierea locurilor de muncă, reducerea orelor de muncă și la alte metode de economisire a banilor companiei."
257,327,minimum wage,0.7554486989974976,support,,contra,contra,"Principalul impact negativ potențial al creșterii salariului minim este pierderea a aproape 500.000 de locuri de muncă, care rezultă într-o scădere de aproximativ 0,3% a ocupării forței de muncă.","James Dorn, PhD, Senior Fellow la Institutul Cato, a declarat că o creștere cu 10% a salariului minim „conduce la o scădere cu 1 până la 3% a angajării lucrătorilor slab calificați” pe termen scurt și „la o scădere mai mare pe termen lung”."
257,264,minimum wage,0.721084475517273,support,,contra,contra,"Principalul impact negativ potențial al creșterii salariului minim este pierderea a aproape 500.000 de locuri de muncă, care rezultă într-o scădere de aproximativ 0,3% a ocupării forței de muncă.","El a descoperit că „salariul minim reduce creșterea netă a locurilor de muncă, în primul rând prin efectul său asupra creării de locuri de muncă” și că acele efecte „sunt cele mai pronunțate pentru lucrătorii mai tineri și în industriile cu o proporție mai mare de lucrători cu salarii mici”."
260,286,minimum wage,0.7421205043792725,support,,contra,contra,"Și chiar dacă experimentele locale au succes, cred că inițiativele de salariu de trai direcționate sunt o idee mai bună decât un salariu minim federal.","O idee mult mai bună ar fi campaniile locale de „salariu de trai”, fiecare făcând presiuni pentru un număr care este adecvat piețelor de muncă specifice."
261,277,minimum wage,0.711154580116272,support,,contra,contra,"Salariul minim va stabili prețul serviciilor celor mai puțin productivi (și, prin urmare, cu cel mai mic salariu) de pe piață.","Întreprinderile sunt uneori forțate să angajeze mai puțini angajați, deoarece trebuie să plătească salariul minim."
218,261,minimum wage,0.7075014114379883,attack,,pro,contra,"Ajută unii lucrători cu venituri mici, iar costurile în ceea ce privește ocuparea forței de muncă și ineficiența sunt probabil mici.","Salariul minim va stabili prețul serviciilor celor mai puțin productivi (și, prin urmare, cu cel mai mic salariu) de pe piață."
175,261,minimum wage,0.6544718146324158,attack,,pro,contra,Un alt motiv pentru care salariul minim poate să nu afecteze ocuparea forței de muncă în anumite industrii este faptul că cererea pentru produsul produs de angajați este foarte inelastică.,"Salariul minim va stabili prețul serviciilor celor mai puțin productivi (și, prin urmare, cu cel mai mic salariu) de pe piață."
262,277,minimum wage,0.8404582738876343,support,,contra,contra,Unele întreprinderi mici nu își pot permite să plătească salariul minim.,"Întreprinderile sunt uneori forțate să angajeze mai puțini angajați, deoarece trebuie să plătească salariul minim."
262,328,minimum wage,0.8095719814300537,support,,contra,contra,Unele întreprinderi mici nu își pot permite să plătească salariul minim.,"Mai puține angajări: dacă afacerile trebuie să plătească salariul minim mai mult angajaților, nu își pot permite să angajeze atât de mulți angajați."
262,282,minimum wage,0.7652899026870728,support,,contra,contra,Unele întreprinderi mici nu își pot permite să plătească salariul minim.,"Alţii, în special cei cu cele mai scăzute salarii de prelegislare, nu vor putea găsi de lucru."
240,264,minimum wage,0.7918044924736023,attack,,pro,contra,"Cercetările sugerează că o creștere a salariului minim ar putea avea un mic efect stimulativ asupra economiei, deoarece lucrătorii cu salarii mici își cheltuiesc veniturile suplimentare, crescând cererea și creșterea locurilor de muncă și oferind ajutor în ceea ce privește locurile de muncă. ""","El a descoperit că „salariul minim reduce creșterea netă a locurilor de muncă, în primul rând prin efectul său asupra creării de locuri de muncă” și că acele efecte „sunt cele mai pronunțate pentru lucrătorii mai tineri și în industriile cu o proporție mai mare de lucrători cu salarii mici”."
264,327,minimum wage,0.7537782788276672,support,,contra,contra,"El a descoperit că „salariul minim reduce creșterea netă a locurilor de muncă, în primul rând prin efectul său asupra creării de locuri de muncă” și că acele efecte „sunt cele mai pronunțate pentru lucrătorii mai tineri și în industriile cu o proporție mai mare de lucrători cu salarii mici”.","James Dorn, PhD, Senior Fellow la Institutul Cato, a declarat că o creștere cu 10% a salariului minim „conduce la o scădere cu 1 până la 3% a angajării lucrătorilor slab calificați” pe termen scurt și „la o scădere mai mare pe termen lung”."
250,264,minimum wage,0.7420531511306763,support,,contra,contra,"De fapt, cele mai actuale cercetări arată că un salariu minim mai mare crește șomajul; cu toate acestea, realitatea economică mai importantă este că un salariu minim mai mare crește costul forței de muncă slab calificate.","El a descoperit că „salariul minim reduce creșterea netă a locurilor de muncă, în primul rând prin efectul său asupra creării de locuri de muncă” și că acele efecte „sunt cele mai pronunțate pentru lucrătorii mai tineri și în industriile cu o proporție mai mare de lucrători cu salarii mici”."
265,329,minimum wage,0.7107919454574585,support,,contra,contra,"În opinia oponenților săi, salariul minim – sau creșterea unui minim existent – ​​va deteriora întotdeauna și inevitabil economia, va ucide locuri de muncă, va condamna libertatea americană și/sau va dăuna însăși oamenilor pe care este menit să îi ajute.",Creșterea salariului minim federal ar dăuna în mod disproporționat celor mai sărace zone ale Statelor Unite.
264,265,minimum wage,0.6567090749740601,support,,contra,contra,"El a descoperit că „salariul minim reduce creșterea netă a locurilor de muncă, în primul rând prin efectul său asupra creării de locuri de muncă” și că acele efecte „sunt cele mai pronunțate pentru lucrătorii mai tineri și în industriile cu o proporție mai mare de lucrători cu salarii mici”.","În opinia oponenților săi, salariul minim – sau creșterea unui minim existent – ​​va deteriora întotdeauna și inevitabil economia, va ucide locuri de muncă, va condamna libertatea americană și/sau va dăuna însăși oamenilor pe care este menit să îi ajute."
205,266,minimum wage,0.6688218116760254,attack,,pro,contra,"Ei au analizat tendințele de angajare pentru mai multe categorii de lucrători cu salarii mici din 1990 până în 2006 și au constatat că creșterile salariilor minime nu au avut efecte negative asupra angajării cu salarii mici și au crescut cu succes veniturile lucrătorilor din sectorul alimentar și din comerțul cu amănuntul, precum și categoria mai restrânsă a lucrătorilor din restaurante.","Pe de altă parte, o evaluare a datelor colectate și analizate de Neumark și Wascher nu a contrazis inițial rezultatele Card și Krueger, dar într-o versiune editată ulterioară au constatat o scădere cu patru procente a ocupării forței de muncă și au raportat că „efectele estimate ale șomajului în datele privind salariile sunt adesea semnificative din punct de vedere statistic la nivel de 5 sau 10 procente, deși există întotdeauna niște estimatori aproape nesemnificativi și nesemnificativi. efectele angajării."
266,273,minimum wage,0.6565829515457153,support,,contra,contra,"Pe de altă parte, o evaluare a datelor colectate și analizate de Neumark și Wascher nu a contrazis inițial rezultatele Card și Krueger, dar într-o versiune editată ulterioară au constatat o scădere cu patru procente a ocupării forței de muncă și au raportat că „efectele estimate ale șomajului în datele privind salariile sunt adesea semnificative din punct de vedere statistic la nivel de 5 sau 10 procente, deși există întotdeauna niște estimatori aproape nesemnificativi și nesemnificativi. efectele angajării.","Și acei angajatori, la rândul lor, nu ar putea angaja atât de mulți oameni - un rezultat nedorit atunci când șomajul continuă să se situeze la aproximativ 8%."
267,305,minimum wage,0.7534126043319702,support,,contra,contra,Punerea locurilor de muncă la nivel de intrare mai bine plătite crește riscul ca lucrătorii să rămână blocați în ele mai mult timp în loc să treacă la ceva mai plină de satisfacții.,"Costul mai mare al forței de muncă se poate traduce printr-un șomaj mai mare pentru lucrătorii cu calificare scăzută, orele reduse, pierderea beneficiilor, o cerere mai mare de muncă sau chiar prețuri mai mari pentru bunurile pe care le furnizează."
167,267,minimum wage,0.7524920701980591,attack,,pro,contra,"De exemplu , salariile mai mari tind să reducă cifra de afaceri , astfel încât angajatorii vor economisi la angajarea și formarea de noi angajați .",Punerea locurilor de muncă la nivel de intrare mai bine plătite crește riscul ca lucrătorii să rămână blocați în ele mai mult timp în loc să treacă la ceva mai plină de satisfacții.
196,267,minimum wage,0.7409583330154419,attack,,pro,contra,"Aceasta înseamnă că lucrătorii sunt mai puțin probabil să își caute un nou loc de muncă, să facă cereri de plată sau să renunțe definitiv.",Punerea locurilor de muncă la nivel de intrare mai bine plătite crește riscul ca lucrătorii să rămână blocați în ele mai mult timp în loc să treacă la ceva mai plină de satisfacții.
207,268,minimum wage,0.6883708238601685,attack,,pro,contra,"Creșterile salariului minim pun mai mulți bani în economie, deoarece lucrătorii cu venituri mici sunt mai probabil să-și cheltuiască salariile mai mari decât omologii lor mai bine plătiți, care au șanse mai mari să-i economisească.","Deoarece salariul minim nu a fost niciodată legat de inflație, valoarea lui sa erodat semnificativ și mulți economiști spun că acest lucru a contribuit puternic la creșterea inegalității veniturilor."
250,268,minimum wage,0.6802338361740112,support,,contra,contra,"De fapt, cele mai actuale cercetări arată că un salariu minim mai mare crește șomajul; cu toate acestea, realitatea economică mai importantă este că un salariu minim mai mare crește costul forței de muncă slab calificate.","Deoarece salariul minim nu a fost niciodată legat de inflație, valoarea lui sa erodat semnificativ și mulți economiști spun că acest lucru a contribuit puternic la creșterea inegalității veniturilor."
272,320,minimum wage,0.6637395620346069,support,,contra,contra,Legea salariului minim dăunează efectiv sindicatelor .,Adevărul este că legile privind salariul minim blochează tinerii de pe piața muncii.
273,282,minimum wage,0.7332741618156433,support,,contra,contra,"Și acei angajatori, la rândul lor, nu ar putea angaja atât de mulți oameni - un rezultat nedorit atunci când șomajul continuă să se situeze la aproximativ 8%.","Alţii, în special cei cu cele mai scăzute salarii de prelegislare, nu vor putea găsi de lucru."
273,328,minimum wage,0.723094642162323,support,,contra,contra,"Și acei angajatori, la rândul lor, nu ar putea angaja atât de mulți oameni - un rezultat nedorit atunci când șomajul continuă să se situeze la aproximativ 8%.","Mai puține angajări: dacă afacerile trebuie să plătească salariul minim mai mult angajaților, nu își pot permite să angajeze atât de mulți angajați."
273,306,minimum wage,0.7086037397384644,support,,contra,contra,"Și acei angajatori, la rândul lor, nu ar putea angaja atât de mulți oameni - un rezultat nedorit atunci când șomajul continuă să se situeze la aproximativ 8%.","Înseamnă plăți mai mari pentru americanii cu salarii mici, dar unii oameni susțin că chiar și creșterea acestuia la 9 dolari ar crește în cele din urmă șomajul, deoarece angajatorii își vor putea permite să angajeze mai puțini lucrători."
275,324,minimum wage,0.6997390985488892,support,,contra,contra,"Managerul unei companii de cherestea din Louisiana a susținut că, în timp ce costul scăzut al vieții în sud însemna că angajatorii nu au recurs până acum la „mașini care economisesc forța de muncă”, creșterile salariale dincolo de un anumit punct i-ar forța să facă acest lucru și „eliminând peste jumătate dintre oamenii lor”.","Desigur, acest lucru nu înseamnă că creșterea salariului minim nu ar fi foarte benefică pentru cei care îl câștigă, dar, în cele din urmă, nu îi ajută pe cei care nu au deja un loc de muncă pentru început."
167,275,minimum wage,0.6985851526260376,attack,,pro,contra,"De exemplu , salariile mai mari tind să reducă cifra de afaceri , astfel încât angajatorii vor economisi la angajarea și formarea de noi angajați .","Managerul unei companii de cherestea din Louisiana a susținut că, în timp ce costul scăzut al vieții în sud însemna că angajatorii nu au recurs până acum la „mașini care economisesc forța de muncă”, creșterile salariale dincolo de un anumit punct i-ar forța să facă acest lucru și „eliminând peste jumătate dintre oamenii lor”."
275,328,minimum wage,0.6869382858276367,support,,contra,contra,"Managerul unei companii de cherestea din Louisiana a susținut că, în timp ce costul scăzut al vieții în sud însemna că angajatorii nu au recurs până acum la „mașini care economisesc forța de muncă”, creșterile salariale dincolo de un anumit punct i-ar forța să facă acest lucru și „eliminând peste jumătate dintre oamenii lor”.","Mai puține angajări: dacă afacerile trebuie să plătească salariul minim mai mult angajaților, nu își pot permite să angajeze atât de mulți angajați."
277,328,minimum wage,0.8736430406570435,support,,contra,contra,"Întreprinderile sunt uneori forțate să angajeze mai puțini angajați, deoarece trebuie să plătească salariul minim.","Mai puține angajări: dacă afacerile trebuie să plătească salariul minim mai mult angajaților, nu își pot permite să angajeze atât de mulți angajați."
278,282,minimum wage,0.7536156177520752,support,,contra,contra,"Chiar dacă lucrătorii primesc un salariu competitiv, mulți dintre noi sunt profund deranjați de faptul că unele familii muncitoare au încă foarte puțin.","Alţii, în special cei cu cele mai scăzute salarii de prelegislare, nu vor putea găsi de lucru."
218,278,minimum wage,0.7023358345031738,attack,,pro,contra,"Ajută unii lucrători cu venituri mici, iar costurile în ceea ce privește ocuparea forței de muncă și ineficiența sunt probabil mici.","Chiar dacă lucrătorii primesc un salariu competitiv, mulți dintre noi sunt profund deranjați de faptul că unele familii muncitoare au încă foarte puțin."
278,324,minimum wage,0.6691288948059082,support,,contra,contra,"Chiar dacă lucrătorii primesc un salariu competitiv, mulți dintre noi sunt profund deranjați de faptul că unele familii muncitoare au încă foarte puțin.","Desigur, acest lucru nu înseamnă că creșterea salariului minim nu ar fi foarte benefică pentru cei care îl câștigă, dar, în cele din urmă, nu îi ajută pe cei care nu au deja un loc de muncă pentru început."
279,282,minimum wage,0.7792694568634033,support,,contra,contra,Mulți lucrători necalificați nu vor putea găsi de lucru și li se va refuza o pregătire valoroasă la locul de muncă și posibilitatea de a dobândi experiență și abilități.,"Alţii, în special cei cu cele mai scăzute salarii de prelegislare, nu vor putea găsi de lucru."
196,279,minimum wage,0.6957682371139526,attack,,pro,contra,"Aceasta înseamnă că lucrătorii sunt mai puțin probabil să își caute un nou loc de muncă, să facă cereri de plată sau să renunțe definitiv.",Mulți lucrători necalificați nu vor putea găsi de lucru și li se va refuza o pregătire valoroasă la locul de muncă și posibilitatea de a dobândi experiență și abilități.
279,328,minimum wage,0.6682910323143005,support,,contra,contra,Mulți lucrători necalificați nu vor putea găsi de lucru și li se va refuza o pregătire valoroasă la locul de muncă și posibilitatea de a dobândi experiență și abilități.,"Mai puține angajări: dacă afacerile trebuie să plătească salariul minim mai mult angajaților, nu își pot permite să angajeze atât de mulți angajați."
280,297,minimum wage,0.661914587020874,support,,contra,contra,"„Dacă vor locuri de muncă bune, trebuie să meargă la școală!”",„Locuri de muncă cu salariu minim sunt destinate elevilor de liceu!”
282,328,minimum wage,0.7856360077857971,support,,contra,contra,"Alţii, în special cei cu cele mai scăzute salarii de prelegislare, nu vor putea găsi de lucru.","Mai puține angajări: dacă afacerile trebuie să plătească salariul minim mai mult angajaților, nu își pot permite să angajeze atât de mulți angajați."
196,283,minimum wage,0.7540215253829956,attack,,pro,contra,"Aceasta înseamnă că lucrătorii sunt mai puțin probabil să își caute un nou loc de muncă, să facă cereri de plată sau să renunțe definitiv.","Ar putea dura timp pentru angajatorii cu salarii mici să dezvolte modele de afaceri care să le permită să scape cu mai puțini angajați mai puțin calificați , ceea ce înseamnă că nu vedem imediat efectul total al unei creșteri ."
240,283,minimum wage,0.7440277934074402,attack,,pro,contra,"Cercetările sugerează că o creștere a salariului minim ar putea avea un mic efect stimulativ asupra economiei, deoarece lucrătorii cu salarii mici își cheltuiesc veniturile suplimentare, crescând cererea și creșterea locurilor de muncă și oferind ajutor în ceea ce privește locurile de muncă. ""","Ar putea dura timp pentru angajatorii cu salarii mici să dezvolte modele de afaceri care să le permită să scape cu mai puțini angajați mai puțin calificați , ceea ce înseamnă că nu vedem imediat efectul total al unei creșteri ."
284,288,minimum wage,0.750729501247406,support,,contra,contra,"Guy L. Harrington de la National Publishers’ Association a avertizat că impunerea unui salariu minim va „arunca din angajare pe toți lucrătorii substandard sau marginali, ca o povară pentru societate”, în timp ce Battle a prezentat scrisori de la două companii diferite în care susțineau că lucrătorii slab calificați – sau „cei care nu sunt suficient de competenți pentru a-și câștiga salariul” – își vor pierde rapid locurile de muncă odată ce legea va fi adoptată.","„În concluzie,” au scris ei, „considerăm literatura – atunci când este citită pe scară largă și critic – ca solidificând în mare măsură opinia convențională că salariile minime reduc ocuparea forței de muncă în rândul lucrătorilor cu calificare scăzută."
282,284,minimum wage,0.7284496426582336,support,,contra,contra,"Alţii, în special cei cu cele mai scăzute salarii de prelegislare, nu vor putea găsi de lucru.","Guy L. Harrington de la National Publishers’ Association a avertizat că impunerea unui salariu minim va „arunca din angajare pe toți lucrătorii substandard sau marginali, ca o povară pentru societate”, în timp ce Battle a prezentat scrisori de la două companii diferite în care susțineau că lucrătorii slab calificați – sau „cei care nu sunt suficient de competenți pentru a-și câștiga salariul” – își vor pierde rapid locurile de muncă odată ce legea va fi adoptată."
284,328,minimum wage,0.7066222429275513,support,,contra,contra,"Guy L. Harrington de la National Publishers’ Association a avertizat că impunerea unui salariu minim va „arunca din angajare pe toți lucrătorii substandard sau marginali, ca o povară pentru societate”, în timp ce Battle a prezentat scrisori de la două companii diferite în care susțineau că lucrătorii slab calificați – sau „cei care nu sunt suficient de competenți pentru a-și câștiga salariul” – își vor pierde rapid locurile de muncă odată ce legea va fi adoptată.","Mai puține angajări: dacă afacerile trebuie să plătească salariul minim mai mult angajaților, nu își pot permite să angajeze atât de mulți angajați."
285,311,minimum wage,0.7322945594787598,support,,contra,contra,Salariul minim nu este un remediu pentru sărăcie.,O creștere a salariului minim este pur și simplu o modalitate ineficientă de a ajuta americanii să iasă din sărăcie.
285,324,minimum wage,0.7062941193580627,support,,contra,contra,Salariul minim nu este un remediu pentru sărăcie.,"Desigur, acest lucru nu înseamnă că creșterea salariului minim nu ar fi foarte benefică pentru cei care îl câștigă, dar, în cele din urmă, nu îi ajută pe cei care nu au deja un loc de muncă pentru început."
221,286,minimum wage,0.6583802700042725,attack,,pro,contra,Sprijinul public pentru o majorare a salariului minim este copleșitor.,"O idee mult mai bună ar fi campaniile locale de „salariu de trai”, fiecare făcând presiuni pentru un număr care este adecvat piețelor de muncă specifice."
264,288,minimum wage,0.6921154856681824,support,,contra,contra,"El a descoperit că „salariul minim reduce creșterea netă a locurilor de muncă, în primul rând prin efectul său asupra creării de locuri de muncă” și că acele efecte „sunt cele mai pronunțate pentru lucrătorii mai tineri și în industriile cu o proporție mai mare de lucrători cu salarii mici”.","„În concluzie,” au scris ei, „considerăm literatura – atunci când este citită pe scară largă și critic – ca solidificând în mare măsură opinia convențională că salariile minime reduc ocuparea forței de muncă în rândul lucrătorilor cu calificare scăzută."
200,289,minimum wage,0.66993248462677,attack,,pro,contra,"Desigur, cu cât lucrătorii câștigă mai mulți bani prin salarii, cu atât trebuie să cheltuiască mai mult ca consumatori.","La urma urmei, există milioane de muncitori care câștigă 8 sau 9 dolari pe oră, adunând burgeri sau schimbând cearșafurile, care ar putea fi afectați de o excursie."
239,290,minimum wage,0.7029153108596802,attack,,pro,contra,Este un mit că salariul minim este doar pentru adolescenți și pentru lucrătorii de nivel începător.,"Dar majoritatea colegilor lor nu au fost de acord; iar până în jurul anului 1990, majoritatea studiilor empirice au constatat că salariile minime mai mari costă locuri de muncă, în special în rândul tinerilor lucrători."
205,290,minimum wage,0.7005511522293091,attack,,pro,contra,"Ei au analizat tendințele de angajare pentru mai multe categorii de lucrători cu salarii mici din 1990 până în 2006 și au constatat că creșterile salariilor minime nu au avut efecte negative asupra angajării cu salarii mici și au crescut cu succes veniturile lucrătorilor din sectorul alimentar și din comerțul cu amănuntul, precum și categoria mai restrânsă a lucrătorilor din restaurante.","Dar majoritatea colegilor lor nu au fost de acord; iar până în jurul anului 1990, majoritatea studiilor empirice au constatat că salariile minime mai mari costă locuri de muncă, în special în rândul tinerilor lucrători."
282,290,minimum wage,0.6752669215202332,support,,contra,contra,"Alţii, în special cei cu cele mai scăzute salarii de prelegislare, nu vor putea găsi de lucru.","Dar majoritatea colegilor lor nu au fost de acord; iar până în jurul anului 1990, majoritatea studiilor empirice au constatat că salariile minime mai mari costă locuri de muncă, în special în rândul tinerilor lucrători."
291,311,minimum wage,0.6677132248878479,support,,contra,contra,Pentru că există alternative mult mai bune pentru a ajuta familiile sărace și pentru că salariul minim este o abordare necinstită care ascunde adevăratul cost al politicii.,O creștere a salariului minim este pur și simplu o modalitate ineficientă de a ajuta americanii să iasă din sărăcie.
233,291,minimum wage,0.6575126647949219,attack,,pro,contra,Creșterea salariului minim înseamnă că unii dintre acești oameni ar fi capabili să se întrețină mai bine fără a se sprijini atât de mult pe programele sociale și acest lucru ar însemna în cele din urmă impozite mai mici sau o realocare a acelor fonduri pentru a sprijini alte nevoi.,Pentru că există alternative mult mai bune pentru a ajuta familiile sărace și pentru că salariul minim este o abordare necinstită care ascunde adevăratul cost al politicii.
250,294,minimum wage,0.6972939968109131,support,,contra,contra,"De fapt, cele mai actuale cercetări arată că un salariu minim mai mare crește șomajul; cu toate acestea, realitatea economică mai importantă este că un salariu minim mai mare crește costul forței de muncă slab calificate.","În plus , majoritatea a considerat șomajul ca fiind un dezavantaj potențial moderat al creșterii pe care o susțineau ."
257,294,minimum wage,0.6883854866027832,support,,contra,contra,"Principalul impact negativ potențial al creșterii salariului minim este pierderea a aproape 500.000 de locuri de muncă, care rezultă într-o scădere de aproximativ 0,3% a ocupării forței de muncă.","În plus , majoritatea a considerat șomajul ca fiind un dezavantaj potențial moderat al creșterii pe care o susțineau ."
240,294,minimum wage,0.6743108034133911,attack,,pro,contra,"Cercetările sugerează că o creștere a salariului minim ar putea avea un mic efect stimulativ asupra economiei, deoarece lucrătorii cu salarii mici își cheltuiesc veniturile suplimentare, crescând cererea și creșterea locurilor de muncă și oferind ajutor în ceea ce privește locurile de muncă. ""","În plus , majoritatea a considerat șomajul ca fiind un dezavantaj potențial moderat al creșterii pe care o susțineau ."
297,331,minimum wage,0.7217025756835938,support,,contra,contra,„Locuri de muncă cu salariu minim sunt destinate elevilor de liceu!”,Nu este adevărat: muncitorul obișnuit cu salariul minim nu este un elev de liceu care câștigă bani de buzunar în weekend.
264,297,minimum wage,0.6626680493354797,support,,contra,contra,"El a descoperit că „salariul minim reduce creșterea netă a locurilor de muncă, în primul rând prin efectul său asupra creării de locuri de muncă” și că acele efecte „sunt cele mai pronunțate pentru lucrătorii mai tineri și în industriile cu o proporție mai mare de lucrători cu salarii mici”.",„Locuri de muncă cu salariu minim sunt destinate elevilor de liceu!”
298,325,minimum wage,0.6530451774597168,support,,contra,contra,"Părerea mea este că piața muncii se schimbă în moduri care fac ca majorările uriașe ale salariului minim, precum cea susținută de mișcarea Lupta pentru 15, să fie foarte periculoase.","Concurența se va intensifica: dacă salariul minim crește, persoanele prea calificate vor lupta pentru poziții cu salariul minim, împingând lucrătorii mai tineri și fără experiență din competiție și răpindu-le oportunitatea de a câștiga experiență și cunoștințe pentru a-și construi un CV și a intra în forța de muncă."
305,306,minimum wage,0.7983300685882568,support,,contra,contra,"Costul mai mare al forței de muncă se poate traduce printr-un șomaj mai mare pentru lucrătorii cu calificare scăzută, orele reduse, pierderea beneficiilor, o cerere mai mare de muncă sau chiar prețuri mai mari pentru bunurile pe care le furnizează.","Înseamnă plăți mai mari pentru americanii cu salarii mici, dar unii oameni susțin că chiar și creșterea acestuia la 9 dolari ar crește în cele din urmă șomajul, deoarece angajatorii își vor putea permite să angajeze mai puțini lucrători."
250,306,minimum wage,0.8210043907165527,support,,contra,contra,"De fapt, cele mai actuale cercetări arată că un salariu minim mai mare crește șomajul; cu toate acestea, realitatea economică mai importantă este că un salariu minim mai mare crește costul forței de muncă slab calificate.","Înseamnă plăți mai mari pentru americanii cu salarii mici, dar unii oameni susțin că chiar și creșterea acestuia la 9 dolari ar crește în cele din urmă șomajul, deoarece angajatorii își vor putea permite să angajeze mai puțini lucrători."
207,306,minimum wage,0.7723297476768494,attack,,pro,contra,"Creșterile salariului minim pun mai mulți bani în economie, deoarece lucrătorii cu venituri mici sunt mai probabil să-și cheltuiască salariile mai mari decât omologii lor mai bine plătiți, care au șanse mai mari să-i economisească.","Înseamnă plăți mai mari pentru americanii cu salarii mici, dar unii oameni susțin că chiar și creșterea acestuia la 9 dolari ar crește în cele din urmă șomajul, deoarece angajatorii își vor putea permite să angajeze mai puțini lucrători."
308,328,minimum wage,0.7842690348625183,support,,contra,contra,Ordonarea companiilor să plătească mai mult lucrătorilor de la nivel de bază le va face să angajeze mai puțini dintre ei și să ia în considerare înlocuirea mai multor lucrători cu roboți sau computere.,"Mai puține angajări: dacă afacerile trebuie să plătească salariul minim mai mult angajaților, nu își pot permite să angajeze atât de mulți angajați."
277,308,minimum wage,0.7678088545799255,support,,contra,contra,"Întreprinderile sunt uneori forțate să angajeze mai puțini angajați, deoarece trebuie să plătească salariul minim.",Ordonarea companiilor să plătească mai mult lucrătorilor de la nivel de bază le va face să angajeze mai puțini dintre ei și să ia în considerare înlocuirea mai multor lucrători cu roboți sau computere.
240,310,minimum wage,0.7026916742324829,attack,,pro,contra,"Cercetările sugerează că o creștere a salariului minim ar putea avea un mic efect stimulativ asupra economiei, deoarece lucrătorii cu salarii mici își cheltuiesc veniturile suplimentare, crescând cererea și creșterea locurilor de muncă și oferind ajutor în ceea ce privește locurile de muncă. ""","În sectorul de afaceri, preocupările includ creșterea preconizată a costurilor de desfășurare a afacerilor, amenințările la adresa profitabilității, nivelurile în creștere ale șomajului (și cheltuielile guvernamentale mai mari ulterioare pentru beneficiile sociale, creșterea cotelor de impozitare) și posibilele efecte secundare asupra salariilor lucrătorilor mai experimentați care ar putea câștiga deja noul salariu minim legal mai mult sau."
310,319,minimum wage,0.656201958656311,support,,contra,contra,"În sectorul de afaceri, preocupările includ creșterea preconizată a costurilor de desfășurare a afacerilor, amenințările la adresa profitabilității, nivelurile în creștere ale șomajului (și cheltuielile guvernamentale mai mari ulterioare pentru beneficiile sociale, creșterea cotelor de impozitare) și posibilele efecte secundare asupra salariilor lucrătorilor mai experimentați care ar putea câștiga deja noul salariu minim legal mai mult sau.","Pierderile de locuri de muncă ar putea apărea ca urmare a salariilor mai mari care pun o presiune mai mare asupra companiilor, ceea ce ar putea duce la tăierea locurilor de muncă, reducerea orelor de muncă și la alte metode de economisire a banilor companiei."
283,310,minimum wage,0.6561572551727295,support,,contra,contra,"Ar putea dura timp pentru angajatorii cu salarii mici să dezvolte modele de afaceri care să le permită să scape cu mai puțini angajați mai puțin calificați , ceea ce înseamnă că nu vedem imediat efectul total al unei creșteri .","În sectorul de afaceri, preocupările includ creșterea preconizată a costurilor de desfășurare a afacerilor, amenințările la adresa profitabilității, nivelurile în creștere ale șomajului (și cheltuielile guvernamentale mai mari ulterioare pentru beneficiile sociale, creșterea cotelor de impozitare) și posibilele efecte secundare asupra salariilor lucrătorilor mai experimentați care ar putea câștiga deja noul salariu minim legal mai mult sau."
311,329,minimum wage,0.729156494140625,support,,contra,contra,O creștere a salariului minim este pur și simplu o modalitate ineficientă de a ajuta americanii să iasă din sărăcie.,Creșterea salariului minim federal ar dăuna în mod disproporționat celor mai sărace zone ale Statelor Unite.
167,313,minimum wage,0.6694323420524597,attack,,pro,contra,"De exemplu , salariile mai mari tind să reducă cifra de afaceri , astfel încât angajatorii vor economisi la angajarea și formarea de noi angajați .","Din punct de vedere istoric, scepticismul economiștilor își are rădăcinile în îngrijorarea că limitele salariale reduc ocuparea forței de muncă."
315,324,minimum wage,0.7317790985107422,support,,contra,contra,Ideea că salariile nu s-ar ajusta în mod natural și că toată lumea de la acel capăt al grilei salariale nu ar ajunge să facă mai mult este de râs.,"Desigur, acest lucru nu înseamnă că creșterea salariului minim nu ar fi foarte benefică pentru cei care îl câștigă, dar, în cele din urmă, nu îi ajută pe cei care nu au deja un loc de muncă pentru început."
315,318,minimum wage,0.6988012194633484,support,,contra,contra,Ideea că salariile nu s-ar ajusta în mod natural și că toată lumea de la acel capăt al grilei salariale nu ar ajunge să facă mai mult este de râs.,"În mod clar, profesioniștii nu sunt la fel de valoroși ca atunci când au fost începute legile care guvernează salariul minim."
315,331,minimum wage,0.6878117918968201,support,,contra,contra,Ideea că salariile nu s-ar ajusta în mod natural și că toată lumea de la acel capăt al grilei salariale nu ar ajunge să facă mai mult este de râs.,Nu este adevărat: muncitorul obișnuit cu salariul minim nu este un elev de liceu care câștigă bani de buzunar în weekend.
317,327,minimum wage,0.7231459021568298,support,,contra,contra,"Un alt studiu din 2011 al lui Sen, Rybczynski și Van De Waal a constatat că „o creștere cu 10% a salariului minim este corelată în mod semnificativ cu o scădere cu 3-5% a angajării adolescenților”.","James Dorn, PhD, Senior Fellow la Institutul Cato, a declarat că o creștere cu 10% a salariului minim „conduce la o scădere cu 1 până la 3% a angajării lucrătorilor slab calificați” pe termen scurt și „la o scădere mai mare pe termen lung”."
264,317,minimum wage,0.6934179663658142,support,,contra,contra,"El a descoperit că „salariul minim reduce creșterea netă a locurilor de muncă, în primul rând prin efectul său asupra creării de locuri de muncă” și că acele efecte „sunt cele mai pronunțate pentru lucrătorii mai tineri și în industriile cu o proporție mai mare de lucrători cu salarii mici”.","Un alt studiu din 2011 al lui Sen, Rybczynski și Van De Waal a constatat că „o creștere cu 10% a salariului minim este corelată în mod semnificativ cu o scădere cu 3-5% a angajării adolescenților”."
282,318,minimum wage,0.7651870250701904,support,,contra,contra,"Alţii, în special cei cu cele mai scăzute salarii de prelegislare, nu vor putea găsi de lucru.","În mod clar, profesioniștii nu sunt la fel de valoroși ca atunci când au fost începute legile care guvernează salariul minim."
318,324,minimum wage,0.7250248789787292,support,,contra,contra,"În mod clar, profesioniștii nu sunt la fel de valoroși ca atunci când au fost începute legile care guvernează salariul minim.","Desigur, acest lucru nu înseamnă că creșterea salariului minim nu ar fi foarte benefică pentru cei care îl câștigă, dar, în cele din urmă, nu îi ajută pe cei care nu au deja un loc de muncă pentru început."
318,328,minimum wage,0.7229552268981934,support,,contra,contra,"În mod clar, profesioniștii nu sunt la fel de valoroși ca atunci când au fost începute legile care guvernează salariul minim.","Mai puține angajări: dacă afacerile trebuie să plătească salariul minim mai mult angajaților, nu își pot permite să angajeze atât de mulți angajați."
305,319,minimum wage,0.794532299041748,support,,contra,contra,"Costul mai mare al forței de muncă se poate traduce printr-un șomaj mai mare pentru lucrătorii cu calificare scăzută, orele reduse, pierderea beneficiilor, o cerere mai mare de muncă sau chiar prețuri mai mari pentru bunurile pe care le furnizează.","Pierderile de locuri de muncă ar putea apărea ca urmare a salariilor mai mari care pun o presiune mai mare asupra companiilor, ceea ce ar putea duce la tăierea locurilor de muncă, reducerea orelor de muncă și la alte metode de economisire a banilor companiei."
282,320,minimum wage,0.6924697160720825,support,,contra,contra,"Alţii, în special cei cu cele mai scăzute salarii de prelegislare, nu vor putea găsi de lucru.",Adevărul este că legile privind salariul minim blochează tinerii de pe piața muncii.
176,320,minimum wage,0.6896247863769531,attack,,pro,contra,"Această politică este mai orientată împotriva sărăciei decât a salariului minim, deoarece evită subvenționarea lucrătorilor cu venituri mici care sunt întreținute de gospodăriile cu venituri mari (de exemplu, adolescenții care încă locuiesc cu părinții lor).",Adevărul este că legile privind salariul minim blochează tinerii de pe piața muncii.
257,323,minimum wage,0.6930870413780212,support,,contra,contra,"Principalul impact negativ potențial al creșterii salariului minim este pierderea a aproape 500.000 de locuri de muncă, care rezultă într-o scădere de aproximativ 0,3% a ocupării forței de muncă.","Mit: Creșterea salariului minim cu bacșiș federal (2,13 dolari pe oră din 1991) ar duce la pierderea locurilor de muncă în restaurante."
319,323,minimum wage,0.6914917230606079,support,,contra,contra,"Pierderile de locuri de muncă ar putea apărea ca urmare a salariilor mai mari care pun o presiune mai mare asupra companiilor, ceea ce ar putea duce la tăierea locurilor de muncă, reducerea orelor de muncă și la alte metode de economisire a banilor companiei.","Mit: Creșterea salariului minim cu bacșiș federal (2,13 dolari pe oră din 1991) ar duce la pierderea locurilor de muncă în restaurante."
250,325,minimum wage,0.7769578695297241,support,,contra,contra,"De fapt, cele mai actuale cercetări arată că un salariu minim mai mare crește șomajul; cu toate acestea, realitatea economică mai importantă este că un salariu minim mai mare crește costul forței de muncă slab calificate.","Concurența se va intensifica: dacă salariul minim crește, persoanele prea calificate vor lupta pentru poziții cu salariul minim, împingând lucrătorii mai tineri și fără experiență din competiție și răpindu-le oportunitatea de a câștiga experiență și cunoștințe pentru a-și construi un CV și a intra în forța de muncă."
240,325,minimum wage,0.7737269401550293,attack,,pro,contra,"Cercetările sugerează că o creștere a salariului minim ar putea avea un mic efect stimulativ asupra economiei, deoarece lucrătorii cu salarii mici își cheltuiesc veniturile suplimentare, crescând cererea și creșterea locurilor de muncă și oferind ajutor în ceea ce privește locurile de muncă. ""","Concurența se va intensifica: dacă salariul minim crește, persoanele prea calificate vor lupta pentru poziții cu salariul minim, împingând lucrătorii mai tineri și fără experiență din competiție și răpindu-le oportunitatea de a câștiga experiență și cunoștințe pentru a-și construi un CV și a intra în forța de muncă."
221,329,minimum wage,0.6841480731964111,attack,,pro,contra,Sprijinul public pentru o majorare a salariului minim este copleșitor.,Creșterea salariului minim federal ar dăuna în mod disproporționat celor mai sărace zone ale Statelor Unite.
324,331,minimum wage,0.7429687976837158,support,,contra,contra,"Desigur, acest lucru nu înseamnă că creșterea salariului minim nu ar fi foarte benefică pentru cei care îl câștigă, dar, în cele din urmă, nu îi ajută pe cei care nu au deja un loc de muncă pentru început.",Nu este adevărat: muncitorul obișnuit cu salariul minim nu este un elev de liceu care câștigă bani de buzunar în weekend.
1,95,nuclear energy,0.793076753616333,attack,,pro,contra,"În plus, energia nucleară ocupă mult mai puțin spațiu pentru a genera aceeași cantitate de energie pe care o ar face eolianul sau solarul.","Deci energia nucleară , care poate genera doar electricitate , este aproape irelevantă ."
1,8,nuclear energy,0.7746837139129639,support,,pro,pro,"În plus, energia nucleară ocupă mult mai puțin spațiu pentru a genera aceeași cantitate de energie pe care o ar face eolianul sau solarul.","Iar energia nucleară are emisii mai mici de gaze cu efect de seră decât alte surse de energie, în special cărbunele, deci este considerată un furnizor curat de energie electrică."
1,84,nuclear energy,0.7699183225631714,attack,,pro,contra,"În plus, energia nucleară ocupă mult mai puțin spațiu pentru a genera aceeași cantitate de energie pe care o ar face eolianul sau solarul.","Ei susțin că, atunci când sunt luate în considerare toate etapele consumatoare de energie ale lanțului de combustibil nuclear, de la extracția de uraniu până la dezafectarea nucleară, energia nucleară nu este o sursă de electricitate cu emisii scăzute de carbon."
2,9,nuclear energy,0.6879833340644836,support,,pro,pro,"Aproximativ 100 de centrale nucleare funcționează acum în Statele Unite, furnizând aproximativ o cincime din energia electrică a națiunii.","În plus, energia nucleară este o industrie tehnologică intensivă în care Statele Unite au condus în mod tradițional lumea."
2,133,nuclear energy,0.6816321015357971,attack,,pro,contra,"Aproximativ 100 de centrale nucleare funcționează acum în Statele Unite, furnizând aproximativ o cincime din energia electrică a națiunii.",Aceasta include 20-30 de tone de deșeuri radioactive de mare activitate de la fiecare dintre cele 103 reactoare nucleare actuale din SUA în fiecare an.
2,50,nuclear energy,0.660539984703064,support,,pro,pro,"Aproximativ 100 de centrale nucleare funcționează acum în Statele Unite, furnizând aproximativ o cincime din energia electrică a națiunii.","În ciuda depășirii costurilor de construcție, majoritatea centralelor nucleare produc energie electrică la costuri competitive."
8,84,nuclear energy,0.8345915675163269,attack,,pro,contra,"Iar energia nucleară are emisii mai mici de gaze cu efect de seră decât alte surse de energie, în special cărbunele, deci este considerată un furnizor curat de energie electrică.","Ei susțin că, atunci când sunt luate în considerare toate etapele consumatoare de energie ale lanțului de combustibil nuclear, de la extracția de uraniu până la dezafectarea nucleară, energia nucleară nu este o sursă de electricitate cu emisii scăzute de carbon."
8,29,nuclear energy,0.8136149644851685,support,,pro,pro,"Iar energia nucleară are emisii mai mici de gaze cu efect de seră decât alte surse de energie, în special cărbunele, deci este considerată un furnizor curat de energie electrică.","De fapt, o centrală nucleară care funcționează corect eliberează de fapt mai puțină radioactivitate în atmosferă decât o centrală pe cărbune."
8,57,nuclear energy,0.800351619720459,support,,pro,pro,"Iar energia nucleară are emisii mai mici de gaze cu efect de seră decât alte surse de energie, în special cărbunele, deci este considerată un furnizor curat de energie electrică.",Centralele nucleare nu produc gaze cu efect de seră la fel ca cele alimentate cu cărbune sau gaze naturale.
9,142,nuclear energy,0.7704893350601196,attack,,pro,contra,"În plus, energia nucleară este o industrie tehnologică intensivă în care Statele Unite au condus în mod tradițional lumea.","Energia nucleară este modalitatea supremă de centralizare a puterii, punând-o în mâinile experților, corporațiilor multinaționale și a guvernelor mari."
9,152,nuclear energy,0.7035444378852844,attack,,pro,contra,"În plus, energia nucleară este o industrie tehnologică intensivă în care Statele Unite au condus în mod tradițional lumea.",Sprijinul energiei nucleare de către guvern este rezultatul unui lobby special din partea industriei.
9,59,nuclear energy,0.6996963620185852,support,,pro,pro,"În plus, energia nucleară este o industrie tehnologică intensivă în care Statele Unite au condus în mod tradițional lumea.","Energia nucleară, în virtutea dimensiunii sale mari, a producției centralizate de energie electrică și a dependenței de experți, era potrivită pentru control de către birocrațiile de stat."
11,88,nuclear energy,0.7128512263298035,attack,,pro,contra,Abordarea comercială pe scară largă este sever limitată din cauza concepțiilor greșite populare despre pericolele energiei nucleare.,Țările mai puțin avansate din punct de vedere tehnic cu centrale nucleare sporesc riscurile de siguranță.
11,160,nuclear energy,0.7085840702056885,attack,,pro,contra,Abordarea comercială pe scară largă este sever limitată din cauza concepțiilor greșite populare despre pericolele energiei nucleare.,Industria nucleară și cei care pretind să o reglementeze au minimizat potențialul unui astfel de accident.
11,107,nuclear energy,0.6732015013694763,attack,,pro,contra,Abordarea comercială pe scară largă este sever limitată din cauza concepțiilor greșite populare despre pericolele energiei nucleare.,Această nepotrivire rezultă în principal din eficienţa slabă a consumului de energie electrică în comparaţie cu alţi purtători de energie şi din pierderile de transport asociate centralelor nucleare care sunt de obicei situate departe de sursele de cerere.
17,22,nuclear energy,0.7528395652770996,support,,pro,pro,"Susținătorii cred, de asemenea, că energia nucleară este singura cale viabilă pentru a obține independența energetică pentru majoritatea țărilor occidentale.",Cifrele sale arată că energia nucleară este singura sursă care poate provoca combustibilii fosili care schimbă climatul și distrug mediul pentru supremație în asigurarea nevoilor de energie ale lumii.
17,84,nuclear energy,0.7315500974655151,attack,,pro,contra,"Susținătorii cred, de asemenea, că energia nucleară este singura cale viabilă pentru a obține independența energetică pentru majoritatea țărilor occidentale.","Ei susțin că, atunci când sunt luate în considerare toate etapele consumatoare de energie ale lanțului de combustibil nuclear, de la extracția de uraniu până la dezafectarea nucleară, energia nucleară nu este o sursă de electricitate cu emisii scăzute de carbon."
17,95,nuclear energy,0.7153958082199097,attack,,pro,contra,"Susținătorii cred, de asemenea, că energia nucleară este singura cale viabilă pentru a obține independența energetică pentru majoritatea țărilor occidentale.","Deci energia nucleară , care poate genera doar electricitate , este aproape irelevantă ."
18,89,nuclear energy,0.7020053863525391,attack,,pro,contra,13 martie 2009: „Nu există deşeuri nucleare”.,Nu este nevoie de nucleare.
19,28,nuclear energy,0.8955607414245605,support,,pro,pro,"În măsura în care combustibilii fosili contribuie la încălzirea globală, iar energia nucleară nu contribuie, prin urmare, combustibilii fosili sunt adevăratul inamic al surselor regenerabile.","Combustibilii fosili, nu nucleare, sunt adevărații inamici ai surselor regenerabile."
19,22,nuclear energy,0.7925399541854858,support,,pro,pro,"În măsura în care combustibilii fosili contribuie la încălzirea globală, iar energia nucleară nu contribuie, prin urmare, combustibilii fosili sunt adevăratul inamic al surselor regenerabile.",Cifrele sale arată că energia nucleară este singura sursă care poate provoca combustibilii fosili care schimbă climatul și distrug mediul pentru supremație în asigurarea nevoilor de energie ale lumii.
19,57,nuclear energy,0.731823742389679,support,,pro,pro,"În măsura în care combustibilii fosili contribuie la încălzirea globală, iar energia nucleară nu contribuie, prin urmare, combustibilii fosili sunt adevăratul inamic al surselor regenerabile.",Centralele nucleare nu produc gaze cu efect de seră la fel ca cele alimentate cu cărbune sau gaze naturale.
20,43,nuclear energy,0.8226300477981567,support,,pro,pro,Energia nucleară este sursa cea mai sigură.,"Centralele nucleare sunt, de asemenea, sigure pentru muncitori."
20,157,nuclear energy,0.7783994078636169,attack,,pro,contra,Energia nucleară este sursa cea mai sigură.,"Deși nicio tehnologie nu poate fi perfect sigură, energia nucleară este o tehnologie în mod inerent riscantă, iar reducerea la minimum a riscurilor necesită standarde și practici stricte de siguranță."
20,119,nuclear energy,0.7639564275741577,attack,,pro,contra,Energia nucleară este sursa cea mai sigură.,Afirmațiile conform cărora energia nucleară este „sigură” nu au mai multe temelii decât terenul pe care se află centrala electrică decimată de la Fukushima.
22,84,nuclear energy,0.7825511693954468,attack,,pro,contra,Cifrele sale arată că energia nucleară este singura sursă care poate provoca combustibilii fosili care schimbă climatul și distrug mediul pentru supremație în asigurarea nevoilor de energie ale lumii.,"Ei susțin că, atunci când sunt luate în considerare toate etapele consumatoare de energie ale lanțului de combustibil nuclear, de la extracția de uraniu până la dezafectarea nucleară, energia nucleară nu este o sursă de electricitate cu emisii scăzute de carbon."
23,42,nuclear energy,0.7000628709793091,support,,pro,pro,"Cu toate acestea, gazele naturale sunt încă o tehnologie care emite carbon și contribuie la schimbările climatice.","Emisiile de carbon se numără printre principalele cauze ale schimbărilor climatice globale, potrivit Agenției pentru Protecția Mediului și un consens larg al cercetătorilor climatici."
24,62,nuclear energy,0.8612479567527771,support,,pro,pro,Energia nucleară oferă alte beneficii pe lângă aerul curat.,Avantaje Energia nucleară poate genera o cantitate mare de energie fără a arunca poluarea aerului în timpul funcționării.
20,24,nuclear energy,0.7630527019500732,support,,pro,pro,Energia nucleară este sursa cea mai sigură.,Energia nucleară oferă alte beneficii pe lângă aerul curat.
8,24,nuclear energy,0.7495180368423462,support,,pro,pro,"Iar energia nucleară are emisii mai mici de gaze cu efect de seră decât alte surse de energie, în special cărbunele, deci este considerată un furnizor curat de energie electrică.",Energia nucleară oferă alte beneficii pe lângă aerul curat.
25,44,nuclear energy,0.7908157110214233,support,,pro,pro,Cred cu tărie că Australia ar trebui să folosească energia nucleară.,"În primul rând, dacă Australia nu utilizează energia nucleară, Australia ar elibera gaze cu efect de seră."
25,113,nuclear energy,0.7281181812286377,attack,,pro,contra,Cred cu tărie că Australia ar trebui să folosească energia nucleară.,"Ce rost are energia nucleară în Austraila, este doar o talie a spațiului."
25,135,nuclear energy,0.6963082551956177,attack,,pro,contra,Cred cu tărie că Australia ar trebui să folosească energia nucleară.,"Dacă Australia ar avea o centrală nucleară și ar avea o prăbușire, Australia ar fi devastată."
27,84,nuclear energy,0.7251796722412109,attack,,pro,contra,"Autorii concluzionează, de asemenea, că emisiile a aproximativ 64 de miliarde de tone echivalent dioxid de carbon au fost evitate de energia nucleară între 1971 și 2009 și că între 2010 și 2050, nuclearul ar putea evita suplimentar până la 80 până la 240 de miliarde de tone.","Ei susțin că, atunci când sunt luate în considerare toate etapele consumatoare de energie ale lanțului de combustibil nuclear, de la extracția de uraniu până la dezafectarea nucleară, energia nucleară nu este o sursă de electricitate cu emisii scăzute de carbon."
8,27,nuclear energy,0.6828721761703491,support,,pro,pro,"Iar energia nucleară are emisii mai mici de gaze cu efect de seră decât alte surse de energie, în special cărbunele, deci este considerată un furnizor curat de energie electrică.","Autorii concluzionează, de asemenea, că emisiile a aproximativ 64 de miliarde de tone echivalent dioxid de carbon au fost evitate de energia nucleară între 1971 și 2009 și că între 2010 și 2050, nuclearul ar putea evita suplimentar până la 80 până la 240 de miliarde de tone."
27,98,nuclear energy,0.6787676811218262,attack,,pro,contra,"Autorii concluzionează, de asemenea, că emisiile a aproximativ 64 de miliarde de tone echivalent dioxid de carbon au fost evitate de energia nucleară între 1971 și 2009 și că între 2010 și 2050, nuclearul ar putea evita suplimentar până la 80 până la 240 de miliarde de tone.","De-a lungul timpului, combustibilul nuclear uzat se descompune la niveluri radioactive sigure, dar acest proces durează zeci de mii de ani."
22,28,nuclear energy,0.6603821516036987,support,,pro,pro,Cifrele sale arată că energia nucleară este singura sursă care poate provoca combustibilii fosili care schimbă climatul și distrug mediul pentru supremație în asigurarea nevoilor de energie ale lumii.,"Combustibilii fosili, nu nucleare, sunt adevărații inamici ai surselor regenerabile."
29,38,nuclear energy,0.8251017332077026,support,,pro,pro,"De fapt, o centrală nucleară care funcționează corect eliberează de fapt mai puțină radioactivitate în atmosferă decât o centrală pe cărbune.","Centralele pe cărbune eliberează mai multă radioactivitate în mediu decât centralele nucleare, prin eliberarea de toriu și uraniu în cenușa de cărbune."
29,97,nuclear energy,0.8192722797393799,attack,,pro,contra,"De fapt, o centrală nucleară care funcționează corect eliberează de fapt mai puțină radioactivitate în atmosferă decât o centrală pe cărbune.","Cu toate acestea, centralele nucleare nu reprezintă o îmbunătățire semnificativă față de centralele convenționale pe cărbune, în ciuda afirmațiilor că nuclearul este „energia aerului curat”. ’"
20,30,nuclear energy,0.7042551040649414,support,,pro,pro,Energia nucleară este sursa cea mai sigură.,"Aceștia sprijină aplicarea sporită a siguranței din partea Comisiei de Reglementare Nucleară, printre alți pași de îmbunătățire a energiei nucleare."
30,43,nuclear energy,0.6950747966766357,support,,pro,pro,"Aceștia sprijină aplicarea sporită a siguranței din partea Comisiei de Reglementare Nucleară, printre alți pași de îmbunătățire a energiei nucleare.","Centralele nucleare sunt, de asemenea, sigure pentru muncitori."
30,58,nuclear energy,0.6948221921920776,support,,pro,pro,"Aceștia sprijină aplicarea sporită a siguranței din partea Comisiei de Reglementare Nucleară, printre alți pași de îmbunătățire a energiei nucleare.",„Propunerea de simplificare a procesului de acordare a licențelor ar accelera dezvoltarea energiei nucleare este aprobată de Congres.”
31,84,nuclear energy,0.747077465057373,attack,,pro,contra,"În timp ce ardem combustibili fosili, folosim energia eoliană hidroelectrică, folosim energia mareelor ​​și solară și căutăm alte modalități de a ne satisface nevoile energetice - pur și simplu trebuie să folosim energia nucleară ca metodă pentru a realiza acest lucru.","Ei susțin că, atunci când sunt luate în considerare toate etapele consumatoare de energie ale lanțului de combustibil nuclear, de la extracția de uraniu până la dezafectarea nucleară, energia nucleară nu este o sursă de electricitate cu emisii scăzute de carbon."
31,161,nuclear energy,0.7381972074508667,attack,,pro,contra,"În timp ce ardem combustibili fosili, folosim energia eoliană hidroelectrică, folosim energia mareelor ​​și solară și căutăm alte modalități de a ne satisface nevoile energetice - pur și simplu trebuie să folosim energia nucleară ca metodă pentru a realiza acest lucru.","Energia nucleară este prea scumpă, eficiența energetică este tot ceea ce este necesar, cu o utilizare mai mare a surselor regenerabile."
31,54,nuclear energy,0.7345383167266846,support,,pro,pro,"În timp ce ardem combustibili fosili, folosim energia eoliană hidroelectrică, folosim energia mareelor ​​și solară și căutăm alte modalități de a ne satisface nevoile energetice - pur și simplu trebuie să folosim energia nucleară ca metodă pentru a realiza acest lucru.","Atât energia nucleară, cât și cea regenerabilă sunt generatoare de energie electrică curată, fără emisii de carbon, care ar trebui sprijinite, dar viziunea conform căreia sursele regenerabile singure pot face treaba în următoarele câteva decenii este o iluzie."
31,33,nuclear energy,0.6655706167221069,support,,pro,pro,"În timp ce ardem combustibili fosili, folosim energia eoliană hidroelectrică, folosim energia mareelor ​​și solară și căutăm alte modalități de a ne satisface nevoile energetice - pur și simplu trebuie să folosim energia nucleară ca metodă pentru a realiza acest lucru.","Palo Alto, California (CNN) – Dacă națiunea noastră dorește să reducă încălzirea globală, poluarea aerului și instabilitatea energetică, ar trebui să investim doar în cele mai bune opțiuni energetice."
35,90,nuclear energy,0.7662907838821411,attack,,pro,contra,"Deși teoretic ar putea fi posibilă stabilizarea climei fără energie nucleară, în lumea reală nu există o cale credibilă către stabilizarea climei care să nu includă un rol substanțial pentru energia nucleară.","„Energia nucleară nu este o soluție pe termen scurt la provocarea schimbărilor climatice”, scrie Sharon Squassoni în buletinul AIEA."
35,95,nuclear energy,0.7269444465637207,attack,,pro,contra,"Deși teoretic ar putea fi posibilă stabilizarea climei fără energie nucleară, în lumea reală nu există o cale credibilă către stabilizarea climei care să nu includă un rol substanțial pentru energia nucleară.","Deci energia nucleară , care poate genera doar electricitate , este aproape irelevantă ."
35,84,nuclear energy,0.716963529586792,attack,,pro,contra,"Deși teoretic ar putea fi posibilă stabilizarea climei fără energie nucleară, în lumea reală nu există o cale credibilă către stabilizarea climei care să nu includă un rol substanțial pentru energia nucleară.","Ei susțin că, atunci când sunt luate în considerare toate etapele consumatoare de energie ale lanțului de combustibil nuclear, de la extracția de uraniu până la dezafectarea nucleară, energia nucleară nu este o sursă de electricitate cu emisii scăzute de carbon."
38,97,nuclear energy,0.7255713939666748,attack,,pro,contra,"Centralele pe cărbune eliberează mai multă radioactivitate în mediu decât centralele nucleare, prin eliberarea de toriu și uraniu în cenușa de cărbune.","Cu toate acestea, centralele nucleare nu reprezintă o îmbunătățire semnificativă față de centralele convenționale pe cărbune, în ciuda afirmațiilor că nuclearul este „energia aerului curat”. ’"
38,57,nuclear energy,0.7209097146987915,support,,pro,pro,"Centralele pe cărbune eliberează mai multă radioactivitate în mediu decât centralele nucleare, prin eliberarea de toriu și uraniu în cenușa de cărbune.",Centralele nucleare nu produc gaze cu efect de seră la fel ca cele alimentate cu cărbune sau gaze naturale.
40,54,nuclear energy,0.8078797459602356,support,,pro,pro,"Fără baterii care să stocheze energia regenerabilă pe o perioadă de luni și nu doar zile, Statele Unite nu vor atinge 100% energie regenerabilă în acest secol și vor trebui să se bazeze fie pe combustibili fosili cu captarea carbonului, fie pe energia nucleară, a spus Chu, concluzionand că „deși energia nucleară are multe lucruri rele, este fără carbon”.","Atât energia nucleară, cât și cea regenerabilă sunt generatoare de energie electrică curată, fără emisii de carbon, care ar trebui sprijinite, dar viziunea conform căreia sursele regenerabile singure pot face treaba în următoarele câteva decenii este o iluzie."
40,84,nuclear energy,0.7373149394989014,attack,,pro,contra,"Fără baterii care să stocheze energia regenerabilă pe o perioadă de luni și nu doar zile, Statele Unite nu vor atinge 100% energie regenerabilă în acest secol și vor trebui să se bazeze fie pe combustibili fosili cu captarea carbonului, fie pe energia nucleară, a spus Chu, concluzionand că „deși energia nucleară are multe lucruri rele, este fără carbon”.","Ei susțin că, atunci când sunt luate în considerare toate etapele consumatoare de energie ale lanțului de combustibil nuclear, de la extracția de uraniu până la dezafectarea nucleară, energia nucleară nu este o sursă de electricitate cu emisii scăzute de carbon."
40,95,nuclear energy,0.7366949319839478,attack,,pro,contra,"Fără baterii care să stocheze energia regenerabilă pe o perioadă de luni și nu doar zile, Statele Unite nu vor atinge 100% energie regenerabilă în acest secol și vor trebui să se bazeze fie pe combustibili fosili cu captarea carbonului, fie pe energia nucleară, a spus Chu, concluzionand că „deși energia nucleară are multe lucruri rele, este fără carbon”.","Deci energia nucleară , care poate genera doar electricitate , este aproape irelevantă ."
43,119,nuclear energy,0.7412023544311523,attack,,pro,contra,"Centralele nucleare sunt, de asemenea, sigure pentru muncitori.",Afirmațiile conform cărora energia nucleară este „sigură” nu au mai multe temelii decât terenul pe care se află centrala electrică decimată de la Fukushima.
24,43,nuclear energy,0.7103928923606873,support,,pro,pro,Energia nucleară oferă alte beneficii pe lângă aerul curat.,"Centralele nucleare sunt, de asemenea, sigure pentru muncitori."
44,135,nuclear energy,0.7435241937637329,attack,,pro,contra,"În primul rând, dacă Australia nu utilizează energia nucleară, Australia ar elibera gaze cu efect de seră.","Dacă Australia ar avea o centrală nucleară și ar avea o prăbușire, Australia ar fi devastată."
44,113,nuclear energy,0.7125115394592285,attack,,pro,contra,"În primul rând, dacă Australia nu utilizează energia nucleară, Australia ar elibera gaze cu efect de seră.","Ce rost are energia nucleară în Austraila, este doar o talie a spațiului."
45,98,nuclear energy,0.7630349397659302,attack,,pro,contra,"Fuziunea nucleară este o realitate, am observat-o în univers, dar construirea unui reactor capabil să o producă și să o conțină este încă la câteva decenii - unii spun că nu va ajunge până la mijlocul acestui secol cel mai devreme (17, p7-8).","De-a lungul timpului, combustibilul nuclear uzat se descompune la niveluri radioactive sigure, dar acest proces durează zeci de mii de ani."
45,139,nuclear energy,0.7602325677871704,attack,,pro,contra,"Fuziunea nucleară este o realitate, am observat-o în univers, dar construirea unui reactor capabil să o producă și să o conțină este încă la câteva decenii - unii spun că nu va ajunge până la mijlocul acestui secol cel mai devreme (17, p7-8).","În plus, dacă autoritățile de reglementare reautorizează centralele nucleare pentru încă 20 de ani și încep să construiască altele noi care vor funcționa timp de 60 de ani, atunci nu va exista nicio „tranziție” la energie curată până aproape de sfârșitul acestui secol."
45,128,nuclear energy,0.7143287658691406,attack,,pro,contra,"Fuziunea nucleară este o realitate, am observat-o în univers, dar construirea unui reactor capabil să o producă și să o conțină este încă la câteva decenii - unii spun că nu va ajunge până la mijlocul acestui secol cel mai devreme (17, p7-8).","Deși construirea de centrale nucleare sigure poate fi fezabilă și poate ajuta la satisfacerea nevoilor de energie în creștere pe termen scurt, ignorarea implicațiilor pe termen lung ale energiei nucleare poate duce la probleme și mai mari."
47,144,nuclear energy,0.7137236595153809,attack,,pro,contra,Noile sisteme de reprocesare nucleară reduc riscurile de utilizare a armelor Sistemele de reprocesare pot fi proiectate pentru a face mai dificilă redirecționarea combustibilului nuclear în materiale nucleare de calitate pentru arme.,"Mai rău, industria nucleară vrea să reproceseze deșeurile pentru a obține mai multă energie din uraniu din ce în ce mai rar."
47,128,nuclear energy,0.6907678842544556,attack,,pro,contra,Noile sisteme de reprocesare nucleară reduc riscurile de utilizare a armelor Sistemele de reprocesare pot fi proiectate pentru a face mai dificilă redirecționarea combustibilului nuclear în materiale nucleare de calitate pentru arme.,"Deși construirea de centrale nucleare sigure poate fi fezabilă și poate ajuta la satisfacerea nevoilor de energie în creștere pe termen scurt, ignorarea implicațiilor pe termen lung ale energiei nucleare poate duce la probleme și mai mari."
47,65,nuclear energy,0.6738907098770142,support,,pro,pro,Noile sisteme de reprocesare nucleară reduc riscurile de utilizare a armelor Sistemele de reprocesare pot fi proiectate pentru a face mai dificilă redirecționarea combustibilului nuclear în materiale nucleare de calitate pentru arme.,"Iar următoarea generație de reactoare nucleare va fi și mai ieftină, mai sigură și mai ecologică."
20,49,nuclear energy,0.7385872602462769,support,,pro,pro,Energia nucleară este sursa cea mai sigură.,"Această tehnologie sa dovedit deja a fi sigură și controlabilă, cu mult peste cea a altor nucleare."
43,49,nuclear energy,0.7055193185806274,support,,pro,pro,"Centralele nucleare sunt, de asemenea, sigure pentru muncitori.","Această tehnologie sa dovedit deja a fi sigură și controlabilă, cu mult peste cea a altor nucleare."
49,60,nuclear energy,0.6708323955535889,support,,pro,pro,"Această tehnologie sa dovedit deja a fi sigură și controlabilă, cu mult peste cea a altor nucleare.",Industria nucleară este puternic reglementată.
50,96,nuclear energy,0.7743096351623535,attack,,pro,contra,"În ciuda depășirii costurilor de construcție, majoritatea centralelor nucleare produc energie electrică la costuri competitive.","Întrucât centralele nucleare sunt renumite pentru depășirile de costuri, o cifră mai mare este mult mai probabilă."
50,79,nuclear energy,0.7623669505119324,support,,pro,pro,"În ciuda depășirii costurilor de construcție, majoritatea centralelor nucleare produc energie electrică la costuri competitive.","Cantitatea de combustibil necesară unei centrale nucleare este comparativ mai mică decât cea cerută de alte centrale electrice, deoarece energia eliberată de fisiunea nucleară este de aproximativ zece milioane de ori mai mare decât cantitatea de energie eliberată de atomul de combustibil fosil."
50,84,nuclear energy,0.7427057027816772,attack,,pro,contra,"În ciuda depășirii costurilor de construcție, majoritatea centralelor nucleare produc energie electrică la costuri competitive.","Ei susțin că, atunci când sunt luate în considerare toate etapele consumatoare de energie ale lanțului de combustibil nuclear, de la extracția de uraniu până la dezafectarea nucleară, energia nucleară nu este o sursă de electricitate cu emisii scăzute de carbon."
53,139,nuclear energy,0.7246357202529907,attack,,pro,contra,"Deși scăderea combustibililor fosili nu a fost o problemă în anii 1950 când s-au deschis primele centrale nucleare comerciale (2) în întreaga lume, era clar că există un potențial de generare eficientă a energiei mai curate, care ar putea face față cu ușurință cerințelor tot mai mari ale viitorului.","În plus, dacă autoritățile de reglementare reautorizează centralele nucleare pentru încă 20 de ani și încep să construiască altele noi care vor funcționa timp de 60 de ani, atunci nu va exista nicio „tranziție” la energie curată până aproape de sfârșitul acestui secol."
53,128,nuclear energy,0.7170624732971191,attack,,pro,contra,"Deși scăderea combustibililor fosili nu a fost o problemă în anii 1950 când s-au deschis primele centrale nucleare comerciale (2) în întreaga lume, era clar că există un potențial de generare eficientă a energiei mai curate, care ar putea face față cu ușurință cerințelor tot mai mari ale viitorului.","Deși construirea de centrale nucleare sigure poate fi fezabilă și poate ajuta la satisfacerea nevoilor de energie în creștere pe termen scurt, ignorarea implicațiilor pe termen lung ale energiei nucleare poate duce la probleme și mai mari."
53,54,nuclear energy,0.7078779935836792,support,,pro,pro,"Deși scăderea combustibililor fosili nu a fost o problemă în anii 1950 când s-au deschis primele centrale nucleare comerciale (2) în întreaga lume, era clar că există un potențial de generare eficientă a energiei mai curate, care ar putea face față cu ușurință cerințelor tot mai mari ale viitorului.","Atât energia nucleară, cât și cea regenerabilă sunt generatoare de energie electrică curată, fără emisii de carbon, care ar trebui sprijinite, dar viziunea conform căreia sursele regenerabile singure pot face treaba în următoarele câteva decenii este o iluzie."
54,95,nuclear energy,0.7676834464073181,attack,,pro,contra,"Atât energia nucleară, cât și cea regenerabilă sunt generatoare de energie electrică curată, fără emisii de carbon, care ar trebui sprijinite, dar viziunea conform căreia sursele regenerabile singure pot face treaba în următoarele câteva decenii este o iluzie.","Deci energia nucleară , care poate genera doar electricitate , este aproape irelevantă ."
8,54,nuclear energy,0.7565542459487915,support,,pro,pro,"Iar energia nucleară are emisii mai mici de gaze cu efect de seră decât alte surse de energie, în special cărbunele, deci este considerată un furnizor curat de energie electrică.","Atât energia nucleară, cât și cea regenerabilă sunt generatoare de energie electrică curată, fără emisii de carbon, care ar trebui sprijinite, dar viziunea conform căreia sursele regenerabile singure pot face treaba în următoarele câteva decenii este o iluzie."
57,97,nuclear energy,0.8076789975166321,attack,,pro,contra,Centralele nucleare nu produc gaze cu efect de seră la fel ca cele alimentate cu cărbune sau gaze naturale.,"Cu toate acestea, centralele nucleare nu reprezintă o îmbunătățire semnificativă față de centralele convenționale pe cărbune, în ciuda afirmațiilor că nuclearul este „energia aerului curat”. ’"
57,84,nuclear energy,0.8073185682296753,attack,,pro,contra,Centralele nucleare nu produc gaze cu efect de seră la fel ca cele alimentate cu cărbune sau gaze naturale.,"Ei susțin că, atunci când sunt luate în considerare toate etapele consumatoare de energie ale lanțului de combustibil nuclear, de la extracția de uraniu până la dezafectarea nucleară, energia nucleară nu este o sursă de electricitate cu emisii scăzute de carbon."
59,142,nuclear energy,0.8292015790939331,attack,,pro,contra,"Energia nucleară, în virtutea dimensiunii sale mari, a producției centralizate de energie electrică și a dependenței de experți, era potrivită pentru control de către birocrațiile de stat.","Energia nucleară este modalitatea supremă de centralizare a puterii, punând-o în mâinile experților, corporațiilor multinaționale și a guvernelor mari."
59,60,nuclear energy,0.7336437702178955,support,,pro,pro,"Energia nucleară, în virtutea dimensiunii sale mari, a producției centralizate de energie electrică și a dependenței de experți, era potrivită pentru control de către birocrațiile de stat.",Industria nucleară este puternic reglementată.
50,59,nuclear energy,0.7139445543289185,support,,pro,pro,"În ciuda depășirii costurilor de construcție, majoritatea centralelor nucleare produc energie electrică la costuri competitive.","Energia nucleară, în virtutea dimensiunii sale mari, a producției centralizate de energie electrică și a dependenței de experți, era potrivită pentru control de către birocrațiile de stat."
60,142,nuclear energy,0.687523603439331,attack,,pro,contra,Industria nucleară este puternic reglementată.,"Energia nucleară este modalitatea supremă de centralizare a puterii, punând-o în mâinile experților, corporațiilor multinaționale și a guvernelor mari."
9,60,nuclear energy,0.682500422000885,support,,pro,pro,"În plus, energia nucleară este o industrie tehnologică intensivă în care Statele Unite au condus în mod tradițional lumea.",Industria nucleară este puternic reglementată.
20,62,nuclear energy,0.7496404647827148,support,,pro,pro,Energia nucleară este sursa cea mai sigură.,Avantaje Energia nucleară poate genera o cantitate mare de energie fără a arunca poluarea aerului în timpul funcționării.
62,66,nuclear energy,0.7470680475234985,support,,pro,pro,Avantaje Energia nucleară poate genera o cantitate mare de energie fără a arunca poluarea aerului în timpul funcționării.,"Susținătorii nucleari susțin, de asemenea, că producția de energie nucleară este constantă, spre deosebire de vânturile instabile și soarele."
65,96,nuclear energy,0.7232296466827393,attack,,pro,contra,"Iar următoarea generație de reactoare nucleare va fi și mai ieftină, mai sigură și mai ecologică.","Întrucât centralele nucleare sunt renumite pentru depășirile de costuri, o cifră mai mare este mult mai probabilă."
53,65,nuclear energy,0.6976402997970581,support,,pro,pro,"Deși scăderea combustibililor fosili nu a fost o problemă în anii 1950 când s-au deschis primele centrale nucleare comerciale (2) în întreaga lume, era clar că există un potențial de generare eficientă a energiei mai curate, care ar putea face față cu ușurință cerințelor tot mai mari ale viitorului.","Iar următoarea generație de reactoare nucleare va fi și mai ieftină, mai sigură și mai ecologică."
20,65,nuclear energy,0.6967122554779053,support,,pro,pro,Energia nucleară este sursa cea mai sigură.,"Iar următoarea generație de reactoare nucleare va fi și mai ieftină, mai sigură și mai ecologică."
66,108,nuclear energy,0.7892626523971558,attack,,pro,contra,"Susținătorii nucleari susțin, de asemenea, că producția de energie nucleară este constantă, spre deosebire de vânturile instabile și soarele.","Furnizarea sa este nesfârșită, spre deosebire de cea a energiei nucleare."
66,84,nuclear energy,0.7313737869262695,attack,,pro,contra,"Susținătorii nucleari susțin, de asemenea, că producția de energie nucleară este constantă, spre deosebire de vânturile instabile și soarele.","Ei susțin că, atunci când sunt luate în considerare toate etapele consumatoare de energie ale lanțului de combustibil nuclear, de la extracția de uraniu până la dezafectarea nucleară, energia nucleară nu este o sursă de electricitate cu emisii scăzute de carbon."
70,144,nuclear energy,0.6663280725479126,attack,,pro,contra,"Costul uraniului, care este folosit ca combustibil în acest proces, este scăzut.","Mai rău, industria nucleară vrea să reproceseze deșeurile pentru a obține mai multă energie din uraniu din ce în ce mai rar."
66,77,nuclear energy,0.6901068687438965,support,,pro,pro,"Susținătorii nucleari susțin, de asemenea, că producția de energie nucleară este constantă, spre deosebire de vânturile instabile și soarele.","De asemenea , dacă știm să controlăm fuziunea atomică , aceleași reacții care alimentează soarele , putem avea energie aproape nelimitată ."
77,108,nuclear energy,0.675993800163269,attack,,pro,contra,"De asemenea , dacă știm să controlăm fuziunea atomică , aceleași reacții care alimentează soarele , putem avea energie aproape nelimitată .","Furnizarea sa este nesfârșită, spre deosebire de cea a energiei nucleare."
62,77,nuclear energy,0.6744997501373291,support,,pro,pro,Avantaje Energia nucleară poate genera o cantitate mare de energie fără a arunca poluarea aerului în timpul funcționării.,"De asemenea , dacă știm să controlăm fuziunea atomică , aceleași reacții care alimentează soarele , putem avea energie aproape nelimitată ."
79,115,nuclear energy,0.7841508984565735,attack,,pro,contra,"Cantitatea de combustibil necesară unei centrale nucleare este comparativ mai mică decât cea cerută de alte centrale electrice, deoarece energia eliberată de fisiunea nucleară este de aproximativ zece milioane de ori mai mare decât cantitatea de energie eliberată de atomul de combustibil fosil.","Comparativ cu 2010 , industria nucleară a produs cu 11 % mai puţină energie electrică în 2012 ."
8,79,nuclear energy,0.7788794040679932,support,,pro,pro,"Iar energia nucleară are emisii mai mici de gaze cu efect de seră decât alte surse de energie, în special cărbunele, deci este considerată un furnizor curat de energie electrică.","Cantitatea de combustibil necesară unei centrale nucleare este comparativ mai mică decât cea cerută de alte centrale electrice, deoarece energia eliberată de fisiunea nucleară este de aproximativ zece milioane de ori mai mare decât cantitatea de energie eliberată de atomul de combustibil fosil."
79,84,nuclear energy,0.770068883895874,attack,,pro,contra,"Cantitatea de combustibil necesară unei centrale nucleare este comparativ mai mică decât cea cerută de alte centrale electrice, deoarece energia eliberată de fisiunea nucleară este de aproximativ zece milioane de ori mai mare decât cantitatea de energie eliberată de atomul de combustibil fosil.","Ei susțin că, atunci când sunt luate în considerare toate etapele consumatoare de energie ale lanțului de combustibil nuclear, de la extracția de uraniu până la dezafectarea nucleară, energia nucleară nu este o sursă de electricitate cu emisii scăzute de carbon."
83,151,nuclear energy,0.6686322689056396,support,,contra,contra,"În ciuda asigurărilor din partea politicienilor americani și a industriei nucleare că un dezastru similar „nu s-ar putea întâmpla aici”, posibilitatea unui accident nuclear în Statele Unite este foarte reală.","Cu cât sunt construite mai multe centrale nucleare (și adăposturi de depozitare a deșeurilor nucleare), cu atât este mai mare probabilitatea unei eșecuri dezastruoase undeva în lume. """
84,95,nuclear energy,0.8392876982688904,support,,contra,contra,"Ei susțin că, atunci când sunt luate în considerare toate etapele consumatoare de energie ale lanțului de combustibil nuclear, de la extracția de uraniu până la dezafectarea nucleară, energia nucleară nu este o sursă de electricitate cu emisii scăzute de carbon.","Deci energia nucleară , care poate genera doar electricitate , este aproape irelevantă ."
88,163,nuclear energy,0.7832654714584351,support,,contra,contra,Țările mai puțin avansate din punct de vedere tehnic cu centrale nucleare sporesc riscurile de siguranță.,"Cu toate acestea, exploatarea centralelor nucleare mai mult decât a fost planificat inițial poate fi destul de periculoasă, deoarece orice instalație sau aparat tehnic devine de obicei mai supărătoare spre sfârșitul speranței de viață planificate."
88,128,nuclear energy,0.7667783498764038,support,,contra,contra,Țările mai puțin avansate din punct de vedere tehnic cu centrale nucleare sporesc riscurile de siguranță.,"Deși construirea de centrale nucleare sigure poate fi fezabilă și poate ajuta la satisfacerea nevoilor de energie în creștere pe termen scurt, ignorarea implicațiilor pe termen lung ale energiei nucleare poate duce la probleme și mai mari."
88,103,nuclear energy,0.7614591121673584,support,,contra,contra,Țările mai puțin avansate din punct de vedere tehnic cu centrale nucleare sporesc riscurile de siguranță.,"Contribuabilii, nu industria nucleară, își asumă riscurile de dezastru „6 motive împotriva energiei nucleare”."
89,127,nuclear energy,0.657291829586029,support,,contra,contra,Nu este nevoie de nucleare.,"Cu toate acestea, nu există combustibil uzat radioactiv care să fie depozitat sau reprocesat cu surse convenționale de energie regenerabilă."
84,89,nuclear energy,0.6541038751602173,support,,contra,contra,"Ei susțin că, atunci când sunt luate în considerare toate etapele consumatoare de energie ale lanțului de combustibil nuclear, de la extracția de uraniu până la dezafectarea nucleară, energia nucleară nu este o sursă de electricitate cu emisii scăzute de carbon.",Nu este nevoie de nucleare.
22,90,nuclear energy,0.6817151308059692,attack,,pro,contra,Cifrele sale arată că energia nucleară este singura sursă care poate provoca combustibilii fosili care schimbă climatul și distrug mediul pentru supremație în asigurarea nevoilor de energie ale lumii.,"„Energia nucleară nu este o soluție pe termen scurt la provocarea schimbărilor climatice”, scrie Sharon Squassoni în buletinul AIEA."
84,90,nuclear energy,0.6683556437492371,support,,contra,contra,"Ei susțin că, atunci când sunt luate în considerare toate etapele consumatoare de energie ale lanțului de combustibil nuclear, de la extracția de uraniu până la dezafectarea nucleară, energia nucleară nu este o sursă de electricitate cu emisii scăzute de carbon.","„Energia nucleară nu este o soluție pe termen scurt la provocarea schimbărilor climatice”, scrie Sharon Squassoni în buletinul AIEA."
93,151,nuclear energy,0.8301081657409668,support,,contra,contra,"Construirea de noi centrale nucleare ar însemna producerea a mult mai mult din aceste deșeuri periculoase, fără unde să se ducă. ""","Cu cât sunt construite mai multe centrale nucleare (și adăposturi de depozitare a deșeurilor nucleare), cu atât este mai mare probabilitatea unei eșecuri dezastruoase undeva în lume. """
93,144,nuclear energy,0.7751378417015076,support,,contra,contra,"Construirea de noi centrale nucleare ar însemna producerea a mult mai mult din aceste deșeuri periculoase, fără unde să se ducă. ""","Mai rău, industria nucleară vrea să reproceseze deșeurile pentru a obține mai multă energie din uraniu din ce în ce mai rar."
93,148,nuclear energy,0.7553220987319946,support,,contra,contra,"Construirea de noi centrale nucleare ar însemna producerea a mult mai mult din aceste deșeuri periculoase, fără unde să se ducă. ""","Deșeuri radioactive: Întregul lanț de combustibil nuclear, de la minerit la măcinat, procesare, îmbogățire, fabricarea combustibilului și iradierea combustibilului în reactoare, generează deșeuri radioactive."
94,151,nuclear energy,0.6886041164398193,support,,contra,contra,"Reactoarele nucleare sunt ținte majore pentru teroriști: din cauza potențialei amenințări de distrugere în masă, centralele nucleare sunt ținte majore pentru teroriști.","Cu cât sunt construite mai multe centrale nucleare (și adăposturi de depozitare a deșeurilor nucleare), cu atât este mai mare probabilitatea unei eșecuri dezastruoase undeva în lume. """
43,94,nuclear energy,0.6878149509429932,attack,,pro,contra,"Centralele nucleare sunt, de asemenea, sigure pentru muncitori.","Reactoarele nucleare sunt ținte majore pentru teroriști: din cauza potențialei amenințări de distrugere în masă, centralele nucleare sunt ținte majore pentru teroriști."
20,94,nuclear energy,0.6875821352005005,attack,,pro,contra,Energia nucleară este sursa cea mai sigură.,"Reactoarele nucleare sunt ținte majore pentru teroriști: din cauza potențialei amenințări de distrugere în masă, centralele nucleare sunt ținte majore pentru teroriști."
95,132,nuclear energy,0.7729299664497375,support,,contra,contra,"Deci energia nucleară , care poate genera doar electricitate , este aproape irelevantă .","Din nou, fără această indemnizație, fără subvențiile guvernamentale și garanțiile de împrumut și scutiri fiscale, industria nucleară nu ar putea exista; legile pieţei libere nu au voie să se aplice energiei nucleare ."
96,151,nuclear energy,0.7823053002357483,support,,contra,contra,"Întrucât centralele nucleare sunt renumite pentru depășirile de costuri, o cifră mai mare este mult mai probabilă.","Cu cât sunt construite mai multe centrale nucleare (și adăposturi de depozitare a deșeurilor nucleare), cu atât este mai mare probabilitatea unei eșecuri dezastruoase undeva în lume. """
96,163,nuclear energy,0.7726445198059082,support,,contra,contra,"Întrucât centralele nucleare sunt renumite pentru depășirile de costuri, o cifră mai mare este mult mai probabilă.","Cu toate acestea, exploatarea centralelor nucleare mai mult decât a fost planificat inițial poate fi destul de periculoasă, deoarece orice instalație sau aparat tehnic devine de obicei mai supărătoare spre sfârșitul speranței de viață planificate."
84,97,nuclear energy,0.7759476900100708,support,,contra,contra,"Ei susțin că, atunci când sunt luate în considerare toate etapele consumatoare de energie ale lanțului de combustibil nuclear, de la extracția de uraniu până la dezafectarea nucleară, energia nucleară nu este o sursă de electricitate cu emisii scăzute de carbon.","Cu toate acestea, centralele nucleare nu reprezintă o îmbunătățire semnificativă față de centralele convenționale pe cărbune, în ciuda afirmațiilor că nuclearul este „energia aerului curat”. ’"
98,148,nuclear energy,0.7521648406982422,support,,contra,contra,"De-a lungul timpului, combustibilul nuclear uzat se descompune la niveluri radioactive sigure, dar acest proces durează zeci de mii de ani.","Deșeuri radioactive: Întregul lanț de combustibil nuclear, de la minerit la măcinat, procesare, îmbogățire, fabricarea combustibilului și iradierea combustibilului în reactoare, generează deșeuri radioactive."
98,144,nuclear energy,0.7161926031112671,support,,contra,contra,"De-a lungul timpului, combustibilul nuclear uzat se descompune la niveluri radioactive sigure, dar acest proces durează zeci de mii de ani.","Mai rău, industria nucleară vrea să reproceseze deșeurile pentru a obține mai multă energie din uraniu din ce în ce mai rar."
96,99,nuclear energy,0.7248774170875549,support,,contra,contra,"Întrucât centralele nucleare sunt renumite pentru depășirile de costuri, o cifră mai mare este mult mai probabilă.",Construcția centralei nucleare depășește timpul și depășește bugetul „Cazul împotriva energiei nucleare”.
99,128,nuclear energy,0.7163559198379517,support,,contra,contra,Construcția centralei nucleare depășește timpul și depășește bugetul „Cazul împotriva energiei nucleare”.,"Deși construirea de centrale nucleare sigure poate fi fezabilă și poate ajuta la satisfacerea nevoilor de energie în creștere pe termen scurt, ignorarea implicațiilor pe termen lung ale energiei nucleare poate duce la probleme și mai mari."
99,163,nuclear energy,0.7095522880554199,support,,contra,contra,Construcția centralei nucleare depășește timpul și depășește bugetul „Cazul împotriva energiei nucleare”.,"Cu toate acestea, exploatarea centralelor nucleare mai mult decât a fost planificat inițial poate fi destul de periculoasă, deoarece orice instalație sau aparat tehnic devine de obicei mai supărătoare spre sfârșitul speranței de viață planificate."
62,100,nuclear energy,0.6846872568130493,attack,,pro,contra,Avantaje Energia nucleară poate genera o cantitate mare de energie fără a arunca poluarea aerului în timpul funcționării.,"Pur și simplu pentru că focul avea un potențial mai mare pentru bine decât pentru rău nu înseamnă că același lucru este valabil și pentru energia nucleară. """
95,100,nuclear energy,0.6840599775314331,support,,contra,contra,"Deci energia nucleară , care poate genera doar electricitate , este aproape irelevantă .","Pur și simplu pentru că focul avea un potențial mai mare pentru bine decât pentru rău nu înseamnă că același lucru este valabil și pentru energia nucleară. """
97,100,nuclear energy,0.6803023219108582,support,,contra,contra,"Cu toate acestea, centralele nucleare nu reprezintă o îmbunătățire semnificativă față de centralele convenționale pe cărbune, în ciuda afirmațiilor că nuclearul este „energia aerului curat”. ’","Pur și simplu pentru că focul avea un potențial mai mare pentru bine decât pentru rău nu înseamnă că același lucru este valabil și pentru energia nucleară. """
101,148,nuclear energy,0.6879374980926514,support,,contra,contra,"În consecință, deșeurile radioactive de nivel înalt necesită un tratament și un management sofisticat pentru a le izola cu succes de biosferă.","Deșeuri radioactive: Întregul lanț de combustibil nuclear, de la minerit la măcinat, procesare, îmbogățire, fabricarea combustibilului și iradierea combustibilului în reactoare, generează deșeuri radioactive."
101,144,nuclear energy,0.6716182827949524,support,,contra,contra,"În consecință, deșeurile radioactive de nivel înalt necesită un tratament și un management sofisticat pentru a le izola cu succes de biosferă.","Mai rău, industria nucleară vrea să reproceseze deșeurile pentru a obține mai multă energie din uraniu din ce în ce mai rar."
101,126,nuclear energy,0.6547049283981323,support,,contra,contra,"În consecință, deșeurile radioactive de nivel înalt necesită un tratament și un management sofisticat pentru a le izola cu succes de biosferă.","Estimările de costuri trebuie să ia în considerare , de asemenea , costurile de dezafectare a instalațiilor și de depozitarea deșeurilor nucleare ."
103,151,nuclear energy,0.7057141065597534,support,,contra,contra,"Contribuabilii, nu industria nucleară, își asumă riscurile de dezastru „6 motive împotriva energiei nucleare”.","Cu cât sunt construite mai multe centrale nucleare (și adăposturi de depozitare a deșeurilor nucleare), cu atât este mai mare probabilitatea unei eșecuri dezastruoase undeva în lume. """
103,128,nuclear energy,0.6996660232543945,support,,contra,contra,"Contribuabilii, nu industria nucleară, își asumă riscurile de dezastru „6 motive împotriva energiei nucleare”.","Deși construirea de centrale nucleare sigure poate fi fezabilă și poate ajuta la satisfacerea nevoilor de energie în creștere pe termen scurt, ignorarea implicațiilor pe termen lung ale energiei nucleare poate duce la probleme și mai mari."
50,107,nuclear energy,0.7301090955734253,attack,,pro,contra,"În ciuda depășirii costurilor de construcție, majoritatea centralelor nucleare produc energie electrică la costuri competitive.",Această nepotrivire rezultă în principal din eficienţa slabă a consumului de energie electrică în comparaţie cu alţi purtători de energie şi din pierderile de transport asociate centralelor nucleare care sunt de obicei situate departe de sursele de cerere.
79,107,nuclear energy,0.7235140800476074,attack,,pro,contra,"Cantitatea de combustibil necesară unei centrale nucleare este comparativ mai mică decât cea cerută de alte centrale electrice, deoarece energia eliberată de fisiunea nucleară este de aproximativ zece milioane de ori mai mare decât cantitatea de energie eliberată de atomul de combustibil fosil.",Această nepotrivire rezultă în principal din eficienţa slabă a consumului de energie electrică în comparaţie cu alţi purtători de energie şi din pierderile de transport asociate centralelor nucleare care sunt de obicei situate departe de sursele de cerere.
107,115,nuclear energy,0.708209216594696,support,,contra,contra,Această nepotrivire rezultă în principal din eficienţa slabă a consumului de energie electrică în comparaţie cu alţi purtători de energie şi din pierderile de transport asociate centralelor nucleare care sunt de obicei situate departe de sursele de cerere.,"Comparativ cu 2010 , industria nucleară a produs cu 11 % mai puţină energie electrică în 2012 ."
98,108,nuclear energy,0.7119523286819458,support,,contra,contra,"De-a lungul timpului, combustibilul nuclear uzat se descompune la niveluri radioactive sigure, dar acest proces durează zeci de mii de ani.","Furnizarea sa este nesfârșită, spre deosebire de cea a energiei nucleare."
95,108,nuclear energy,0.7026612758636475,support,,contra,contra,"Deci energia nucleară , care poate genera doar electricitate , este aproape irelevantă .","Furnizarea sa este nesfârșită, spre deosebire de cea a energiei nucleare."
109,157,nuclear energy,0.7385740280151367,support,,contra,contra,Centralele nucleare sunt atât de periculoase încât nicio companie de asigurări nu se va angaja să plătească costurile totale ale unui dezastru sau al unui atac terorist.,"Deși nicio tehnologie nu poate fi perfect sigură, energia nucleară este o tehnologie în mod inerent riscantă, iar reducerea la minimum a riscurilor necesită standarde și practici stricte de siguranță."
109,132,nuclear energy,0.6835458278656006,support,,contra,contra,Centralele nucleare sunt atât de periculoase încât nicio companie de asigurări nu se va angaja să plătească costurile totale ale unui dezastru sau al unui atac terorist.,"Din nou, fără această indemnizație, fără subvențiile guvernamentale și garanțiile de împrumut și scutiri fiscale, industria nucleară nu ar putea exista; legile pieţei libere nu au voie să se aplice energiei nucleare ."
94,109,nuclear energy,0.6757270097732544,support,,contra,contra,"Reactoarele nucleare sunt ținte majore pentru teroriști: din cauza potențialei amenințări de distrugere în masă, centralele nucleare sunt ținte majore pentru teroriști.",Centralele nucleare sunt atât de periculoase încât nicio companie de asigurări nu se va angaja să plătească costurile totale ale unui dezastru sau al unui atac terorist.
111,144,nuclear energy,0.6815598011016846,support,,contra,contra,Deșeurile nucleare nu sunt reprocesate decât în ​​foarte puține țări.,"Mai rău, industria nucleară vrea să reproceseze deșeurile pentru a obține mai multă energie din uraniu din ce în ce mai rar."
111,151,nuclear energy,0.6519980430603027,support,,contra,contra,Deșeurile nucleare nu sunt reprocesate decât în ​​foarte puține țări.,"Cu cât sunt construite mai multe centrale nucleare (și adăposturi de depozitare a deșeurilor nucleare), cu atât este mai mare probabilitatea unei eșecuri dezastruoase undeva în lume. """
22,113,nuclear energy,0.7065987586975098,attack,,pro,contra,Cifrele sale arată că energia nucleară este singura sursă care poate provoca combustibilii fosili care schimbă climatul și distrug mediul pentru supremație în asigurarea nevoilor de energie ale lumii.,"Ce rost are energia nucleară în Austraila, este doar o talie a spațiului."
114,157,nuclear energy,0.742070734500885,support,,contra,contra,"În 2011, The Economist a raportat că energia nucleară „pare periculoasă, nepopulară, costisitoare și riscantă” și că „este înlocuibilă cu relativă ușurință și ar putea fi renunțată fără schimbări structurale uriașe în modul în care funcționează lumea”.","Deși nicio tehnologie nu poate fi perfect sigură, energia nucleară este o tehnologie în mod inerent riscantă, iar reducerea la minimum a riscurilor necesită standarde și practici stricte de siguranță."
114,128,nuclear energy,0.7349883317947388,support,,contra,contra,"În 2011, The Economist a raportat că energia nucleară „pare periculoasă, nepopulară, costisitoare și riscantă” și că „este înlocuibilă cu relativă ușurință și ar putea fi renunțată fără schimbări structurale uriașe în modul în care funcționează lumea”.","Deși construirea de centrale nucleare sigure poate fi fezabilă și poate ajuta la satisfacerea nevoilor de energie în creștere pe termen scurt, ignorarea implicațiilor pe termen lung ale energiei nucleare poate duce la probleme și mai mari."
114,163,nuclear energy,0.7145054340362549,support,,contra,contra,"În 2011, The Economist a raportat că energia nucleară „pare periculoasă, nepopulară, costisitoare și riscantă” și că „este înlocuibilă cu relativă ușurință și ar putea fi renunțată fără schimbări structurale uriașe în modul în care funcționează lumea”.","Cu toate acestea, exploatarea centralelor nucleare mai mult decât a fost planificat inițial poate fi destul de periculoasă, deoarece orice instalație sau aparat tehnic devine de obicei mai supărătoare spre sfârșitul speranței de viață planificate."
8,115,nuclear energy,0.7181459665298462,attack,,pro,contra,"Iar energia nucleară are emisii mai mici de gaze cu efect de seră decât alte surse de energie, în special cărbunele, deci este considerată un furnizor curat de energie electrică.","Comparativ cu 2010 , industria nucleară a produs cu 11 % mai puţină energie electrică în 2012 ."
119,128,nuclear energy,0.7392909526824951,support,,contra,contra,Afirmațiile conform cărora energia nucleară este „sigură” nu au mai multe temelii decât terenul pe care se află centrala electrică decimată de la Fukushima.,"Deși construirea de centrale nucleare sigure poate fi fezabilă și poate ajuta la satisfacerea nevoilor de energie în creștere pe termen scurt, ignorarea implicațiilor pe termen lung ale energiei nucleare poate duce la probleme și mai mari."
121,155,nuclear energy,0.8576990365982056,support,,contra,contra,"Mai mult decât atât, reactoarele de putere în sine produc plutoniu, care poate fi folosit în bombe.",Reprocesarea combustibilului uzat dă naștere la plutoniu care este probabil să fie folosit în bombe.
121,148,nuclear energy,0.6925559639930725,support,,contra,contra,"Mai mult decât atât, reactoarele de putere în sine produc plutoniu, care poate fi folosit în bombe.","Deșeuri radioactive: Întregul lanț de combustibil nuclear, de la minerit la măcinat, procesare, îmbogățire, fabricarea combustibilului și iradierea combustibilului în reactoare, generează deșeuri radioactive."
121,144,nuclear energy,0.6818810105323792,support,,contra,contra,"Mai mult decât atât, reactoarele de putere în sine produc plutoniu, care poate fi folosit în bombe.","Mai rău, industria nucleară vrea să reproceseze deșeurile pentru a obține mai multă energie din uraniu din ce în ce mai rar."
84,122,nuclear energy,0.7029235363006592,support,,contra,contra,"Ei susțin că, atunci când sunt luate în considerare toate etapele consumatoare de energie ale lanțului de combustibil nuclear, de la extracția de uraniu până la dezafectarea nucleară, energia nucleară nu este o sursă de electricitate cu emisii scăzute de carbon.","Într-o respingere publicată a analizelor lui Hansen, opt cercetători în domeniul energiei și climatului spun că „reactoarele nucleare sunt mai puțin eficiente în înlocuirea emisiilor de gaze cu efect de seră decât inițiativele de eficiență energetică și tehnologiile de energie regenerabilă”."
79,122,nuclear energy,0.6998158693313599,attack,,pro,contra,"Cantitatea de combustibil necesară unei centrale nucleare este comparativ mai mică decât cea cerută de alte centrale electrice, deoarece energia eliberată de fisiunea nucleară este de aproximativ zece milioane de ori mai mare decât cantitatea de energie eliberată de atomul de combustibil fosil.","Într-o respingere publicată a analizelor lui Hansen, opt cercetători în domeniul energiei și climatului spun că „reactoarele nucleare sunt mai puțin eficiente în înlocuirea emisiilor de gaze cu efect de seră decât inițiativele de eficiență energetică și tehnologiile de energie regenerabilă”."
114,122,nuclear energy,0.6941731572151184,support,,contra,contra,"În 2011, The Economist a raportat că energia nucleară „pare periculoasă, nepopulară, costisitoare și riscantă” și că „este înlocuibilă cu relativă ușurință și ar putea fi renunțată fără schimbări structurale uriașe în modul în care funcționează lumea”.","Într-o respingere publicată a analizelor lui Hansen, opt cercetători în domeniul energiei și climatului spun că „reactoarele nucleare sunt mai puțin eficiente în înlocuirea emisiilor de gaze cu efect de seră decât inițiativele de eficiență energetică și tehnologiile de energie regenerabilă”."
119,125,nuclear energy,0.6729626059532166,support,,contra,contra,Afirmațiile conform cărora energia nucleară este „sigură” nu au mai multe temelii decât terenul pe care se află centrala electrică decimată de la Fukushima.,"Energia nucleară este împotriva voinței oamenilor: încă de la dezastrul de la Fukushima din 2011, cea mai mare parte a publicului japonez a fost împotriva energiei nucleare."
114,125,nuclear energy,0.6592351198196411,support,,contra,contra,"În 2011, The Economist a raportat că energia nucleară „pare periculoasă, nepopulară, costisitoare și riscantă” și că „este înlocuibilă cu relativă ușurință și ar putea fi renunțată fără schimbări structurale uriașe în modul în care funcționează lumea”.","Energia nucleară este împotriva voinței oamenilor: încă de la dezastrul de la Fukushima din 2011, cea mai mare parte a publicului japonez a fost împotriva energiei nucleare."
84,125,nuclear energy,0.6516351699829102,support,,contra,contra,"Ei susțin că, atunci când sunt luate în considerare toate etapele consumatoare de energie ale lanțului de combustibil nuclear, de la extracția de uraniu până la dezafectarea nucleară, energia nucleară nu este o sursă de electricitate cu emisii scăzute de carbon.","Energia nucleară este împotriva voinței oamenilor: încă de la dezastrul de la Fukushima din 2011, cea mai mare parte a publicului japonez a fost împotriva energiei nucleare."
96,126,nuclear energy,0.6632521152496338,support,,contra,contra,"Întrucât centralele nucleare sunt renumite pentru depășirile de costuri, o cifră mai mare este mult mai probabilă.","Estimările de costuri trebuie să ia în considerare , de asemenea , costurile de dezafectare a instalațiilor și de depozitarea deșeurilor nucleare ."
126,151,nuclear energy,0.6631103754043579,support,,contra,contra,"Estimările de costuri trebuie să ia în considerare , de asemenea , costurile de dezafectare a instalațiilor și de depozitarea deșeurilor nucleare .","Cu cât sunt construite mai multe centrale nucleare (și adăposturi de depozitare a deșeurilor nucleare), cu atât este mai mare probabilitatea unei eșecuri dezastruoase undeva în lume. """
84,127,nuclear energy,0.783223032951355,support,,contra,contra,"Ei susțin că, atunci când sunt luate în considerare toate etapele consumatoare de energie ale lanțului de combustibil nuclear, de la extracția de uraniu până la dezafectarea nucleară, energia nucleară nu este o sursă de electricitate cu emisii scăzute de carbon.","Cu toate acestea, nu există combustibil uzat radioactiv care să fie depozitat sau reprocesat cu surse convenționale de energie regenerabilă."
95,127,nuclear energy,0.7529065608978271,support,,contra,contra,"Deci energia nucleară , care poate genera doar electricitate , este aproape irelevantă .","Cu toate acestea, nu există combustibil uzat radioactiv care să fie depozitat sau reprocesat cu surse convenționale de energie regenerabilă."
57,127,nuclear energy,0.749363899230957,attack,,pro,contra,Centralele nucleare nu produc gaze cu efect de seră la fel ca cele alimentate cu cărbune sau gaze naturale.,"Cu toate acestea, nu există combustibil uzat radioactiv care să fie depozitat sau reprocesat cu surse convenționale de energie regenerabilă."
128,163,nuclear energy,0.7951377630233765,support,,contra,contra,"Deși construirea de centrale nucleare sigure poate fi fezabilă și poate ajuta la satisfacerea nevoilor de energie în creștere pe termen scurt, ignorarea implicațiilor pe termen lung ale energiei nucleare poate duce la probleme și mai mari.","Cu toate acestea, exploatarea centralelor nucleare mai mult decât a fost planificat inițial poate fi destul de periculoasă, deoarece orice instalație sau aparat tehnic devine de obicei mai supărătoare spre sfârșitul speranței de viață planificate."
128,151,nuclear energy,0.7510982751846313,support,,contra,contra,"Deși construirea de centrale nucleare sigure poate fi fezabilă și poate ajuta la satisfacerea nevoilor de energie în creștere pe termen scurt, ignorarea implicațiilor pe termen lung ale energiei nucleare poate duce la probleme și mai mari.","Cu cât sunt construite mai multe centrale nucleare (și adăposturi de depozitare a deșeurilor nucleare), cu atât este mai mare probabilitatea unei eșecuri dezastruoase undeva în lume. """
9,129,nuclear energy,0.6909533739089966,attack,,pro,contra,"În plus, energia nucleară este o industrie tehnologică intensivă în care Statele Unite au condus în mod tradițional lumea.",Unul dintre lucrurile interesante despre energia nucleară modernă din SUA este că puțini înțeleg cu adevărat cum funcționează zi de zi -- inclusiv majoritatea experților care comentează mass-media pe această temă.
84,129,nuclear energy,0.6588441133499146,support,,contra,contra,"Ei susțin că, atunci când sunt luate în considerare toate etapele consumatoare de energie ale lanțului de combustibil nuclear, de la extracția de uraniu până la dezafectarea nucleară, energia nucleară nu este o sursă de electricitate cu emisii scăzute de carbon.",Unul dintre lucrurile interesante despre energia nucleară modernă din SUA este că puțini înțeleg cu adevărat cum funcționează zi de zi -- inclusiv majoritatea experților care comentează mass-media pe această temă.
128,129,nuclear energy,0.6500791311264038,support,,contra,contra,"Deși construirea de centrale nucleare sigure poate fi fezabilă și poate ajuta la satisfacerea nevoilor de energie în creștere pe termen scurt, ignorarea implicațiilor pe termen lung ale energiei nucleare poate duce la probleme și mai mari.",Unul dintre lucrurile interesante despre energia nucleară modernă din SUA este că puțini înțeleg cu adevărat cum funcționează zi de zi -- inclusiv majoritatea experților care comentează mass-media pe această temă.
130,136,nuclear energy,0.7584724426269531,support,,contra,contra,"Graba de a construi noi centrale nucleare poate „crea probleme pentru gestionarea eficientă, operarea și supravegherea reglementară”, cel mai mare blocaj potențial fiind resursele umane – „amenajarea cu personal calificat suficient pentru a construi și a opera toate aceste noi centrale, precum și pentru a reglementa industria”.","Există, de asemenea, blocaje la fabricile care produc vase sub presiune pentru reactoare și alte echipamente și există o lipsă de personal calificat pentru construirea și operarea reactoarelor, deși accelerarea recentă a construcției centralelor nucleare atrage o extindere substanțială a capacității de inginerie grea."
128,130,nuclear energy,0.7174779176712036,support,,contra,contra,"Deși construirea de centrale nucleare sigure poate fi fezabilă și poate ajuta la satisfacerea nevoilor de energie în creștere pe termen scurt, ignorarea implicațiilor pe termen lung ale energiei nucleare poate duce la probleme și mai mari.","Graba de a construi noi centrale nucleare poate „crea probleme pentru gestionarea eficientă, operarea și supravegherea reglementară”, cel mai mare blocaj potențial fiind resursele umane – „amenajarea cu personal calificat suficient pentru a construi și a opera toate aceste noi centrale, precum și pentru a reglementa industria”."
130,163,nuclear energy,0.7010043859481812,support,,contra,contra,"Graba de a construi noi centrale nucleare poate „crea probleme pentru gestionarea eficientă, operarea și supravegherea reglementară”, cel mai mare blocaj potențial fiind resursele umane – „amenajarea cu personal calificat suficient pentru a construi și a opera toate aceste noi centrale, precum și pentru a reglementa industria”.","Cu toate acestea, exploatarea centralelor nucleare mai mult decât a fost planificat inițial poate fi destul de periculoasă, deoarece orice instalație sau aparat tehnic devine de obicei mai supărătoare spre sfârșitul speranței de viață planificate."
84,132,nuclear energy,0.7427859306335449,support,,contra,contra,"Ei susțin că, atunci când sunt luate în considerare toate etapele consumatoare de energie ale lanțului de combustibil nuclear, de la extracția de uraniu până la dezafectarea nucleară, energia nucleară nu este o sursă de electricitate cu emisii scăzute de carbon.","Din nou, fără această indemnizație, fără subvențiile guvernamentale și garanțiile de împrumut și scutiri fiscale, industria nucleară nu ar putea exista; legile pieţei libere nu au voie să se aplice energiei nucleare ."
133,148,nuclear energy,0.7621685266494751,support,,contra,contra,Aceasta include 20-30 de tone de deșeuri radioactive de mare activitate de la fiecare dintre cele 103 reactoare nucleare actuale din SUA în fiecare an.,"Deșeuri radioactive: Întregul lanț de combustibil nuclear, de la minerit la măcinat, procesare, îmbogățire, fabricarea combustibilului și iradierea combustibilului în reactoare, generează deșeuri radioactive."
133,144,nuclear energy,0.6963000893592834,support,,contra,contra,Aceasta include 20-30 de tone de deșeuri radioactive de mare activitate de la fiecare dintre cele 103 reactoare nucleare actuale din SUA în fiecare an.,"Mai rău, industria nucleară vrea să reproceseze deșeurile pentru a obține mai multă energie din uraniu din ce în ce mai rar."
93,133,nuclear energy,0.6898219585418701,support,,contra,contra,"Construirea de noi centrale nucleare ar însemna producerea a mult mai mult din aceste deșeuri periculoase, fără unde să se ducă. """,Aceasta include 20-30 de tone de deșeuri radioactive de mare activitate de la fiecare dintre cele 103 reactoare nucleare actuale din SUA în fiecare an.
135,151,nuclear energy,0.6573777198791504,support,,contra,contra,"Dacă Australia ar avea o centrală nucleară și ar avea o prăbușire, Australia ar fi devastată.","Cu cât sunt construite mai multe centrale nucleare (și adăposturi de depozitare a deșeurilor nucleare), cu atât este mai mare probabilitatea unei eșecuri dezastruoase undeva în lume. """
136,163,nuclear energy,0.6734600067138672,support,,contra,contra,"Există, de asemenea, blocaje la fabricile care produc vase sub presiune pentru reactoare și alte echipamente și există o lipsă de personal calificat pentru construirea și operarea reactoarelor, deși accelerarea recentă a construcției centralelor nucleare atrage o extindere substanțială a capacității de inginerie grea.","Cu toate acestea, exploatarea centralelor nucleare mai mult decât a fost planificat inițial poate fi destul de periculoasă, deoarece orice instalație sau aparat tehnic devine de obicei mai supărătoare spre sfârșitul speranței de viață planificate."
128,136,nuclear energy,0.6582731008529663,support,,contra,contra,"Deși construirea de centrale nucleare sigure poate fi fezabilă și poate ajuta la satisfacerea nevoilor de energie în creștere pe termen scurt, ignorarea implicațiilor pe termen lung ale energiei nucleare poate duce la probleme și mai mari.","Există, de asemenea, blocaje la fabricile care produc vase sub presiune pentru reactoare și alte echipamente și există o lipsă de personal calificat pentru construirea și operarea reactoarelor, deși accelerarea recentă a construcției centralelor nucleare atrage o extindere substanțială a capacității de inginerie grea."
137,149,nuclear energy,0.7203360199928284,support,,contra,contra,Centralele nucleare necesită cantităţi semnificative de apă pentru a elimina căldura reziduală - de obicei în mediu.,Centralele nucleare necesită puțin mai multă apă de răcire decât centralele pe combustibili fosili datorită eficienței lor de generare ușor mai scăzute .
24,137,nuclear energy,0.6634441614151001,attack,,pro,contra,Energia nucleară oferă alte beneficii pe lângă aerul curat.,Centralele nucleare necesită cantităţi semnificative de apă pentru a elimina căldura reziduală - de obicei în mediu.
128,139,nuclear energy,0.7179224491119385,support,,contra,contra,"Deși construirea de centrale nucleare sigure poate fi fezabilă și poate ajuta la satisfacerea nevoilor de energie în creștere pe termen scurt, ignorarea implicațiilor pe termen lung ale energiei nucleare poate duce la probleme și mai mari.","În plus, dacă autoritățile de reglementare reautorizează centralele nucleare pentru încă 20 de ani și încep să construiască altele noi care vor funcționa timp de 60 de ani, atunci nu va exista nicio „tranziție” la energie curată până aproape de sfârșitul acestui secol."
142,152,nuclear energy,0.7299976348876953,support,,contra,contra,"Energia nucleară este modalitatea supremă de centralizare a puterii, punând-o în mâinile experților, corporațiilor multinaționale și a guvernelor mari.",Sprijinul energiei nucleare de către guvern este rezultatul unui lobby special din partea industriei.
143,148,nuclear energy,0.7016436457633972,support,,contra,contra,"În prezent, deșeurile sunt depozitate în principal în locații individuale ale reactoarelor și există peste 430 de locații în întreaga lume în care materialul radioactiv continuă să se acumuleze.","Deșeuri radioactive: Întregul lanț de combustibil nuclear, de la minerit la măcinat, procesare, îmbogățire, fabricarea combustibilului și iradierea combustibilului în reactoare, generează deșeuri radioactive."
133,143,nuclear energy,0.6711431741714478,support,,contra,contra,Aceasta include 20-30 de tone de deșeuri radioactive de mare activitate de la fiecare dintre cele 103 reactoare nucleare actuale din SUA în fiecare an.,"În prezent, deșeurile sunt depozitate în principal în locații individuale ale reactoarelor și există peste 430 de locații în întreaga lume în care materialul radioactiv continuă să se acumuleze."
93,143,nuclear energy,0.6581705808639526,support,,contra,contra,"Construirea de noi centrale nucleare ar însemna producerea a mult mai mult din aceste deșeuri periculoase, fără unde să se ducă. ""","În prezent, deșeurile sunt depozitate în principal în locații individuale ale reactoarelor și există peste 430 de locații în întreaga lume în care materialul radioactiv continuă să se acumuleze."
144,148,nuclear energy,0.7905528545379639,support,,contra,contra,"Mai rău, industria nucleară vrea să reproceseze deșeurile pentru a obține mai multă energie din uraniu din ce în ce mai rar.","Deșeuri radioactive: Întregul lanț de combustibil nuclear, de la minerit la măcinat, procesare, îmbogățire, fabricarea combustibilului și iradierea combustibilului în reactoare, generează deșeuri radioactive."
144,151,nuclear energy,0.745527446269989,support,,contra,contra,"Mai rău, industria nucleară vrea să reproceseze deșeurile pentru a obține mai multă energie din uraniu din ce în ce mai rar.","Cu cât sunt construite mai multe centrale nucleare (și adăposturi de depozitare a deșeurilor nucleare), cu atât este mai mare probabilitatea unei eșecuri dezastruoase undeva în lume. """
79,149,nuclear energy,0.7628705501556396,attack,,pro,contra,"Cantitatea de combustibil necesară unei centrale nucleare este comparativ mai mică decât cea cerută de alte centrale electrice, deoarece energia eliberată de fisiunea nucleară este de aproximativ zece milioane de ori mai mare decât cantitatea de energie eliberată de atomul de combustibil fosil.",Centralele nucleare necesită puțin mai multă apă de răcire decât centralele pe combustibili fosili datorită eficienței lor de generare ușor mai scăzute .
29,149,nuclear energy,0.7380375266075134,attack,,pro,contra,"De fapt, o centrală nucleară care funcționează corect eliberează de fapt mai puțină radioactivitate în atmosferă decât o centrală pe cărbune.",Centralele nucleare necesită puțin mai multă apă de răcire decât centralele pe combustibili fosili datorită eficienței lor de generare ușor mai scăzute .
8,149,nuclear energy,0.7203574180603027,attack,,pro,contra,"Iar energia nucleară are emisii mai mici de gaze cu efect de seră decât alte surse de energie, în special cărbunele, deci este considerată un furnizor curat de energie electrică.",Centralele nucleare necesită puțin mai multă apă de răcire decât centralele pe combustibili fosili datorită eficienței lor de generare ușor mai scăzute .
94,150,nuclear energy,0.6500849723815918,support,,contra,contra,"Reactoarele nucleare sunt ținte majore pentru teroriști: din cauza potențialei amenințări de distrugere în masă, centralele nucleare sunt ținte majore pentru teroriști.","Există patru state cu stocuri nedeclarate de arme nucleare dezvoltate din programe civile și nu este o coincidență că acestea se află în unele dintre cele mai volatile, militarizate – și, prin urmare, periculoase – zone ale lumii: Israel, Pakistan, India și Coreea de Nord."
151,163,nuclear energy,0.8067636489868164,support,,contra,contra,"Cu cât sunt construite mai multe centrale nucleare (și adăposturi de depozitare a deșeurilor nucleare), cu atât este mai mare probabilitatea unei eșecuri dezastruoase undeva în lume. ""","Cu toate acestea, exploatarea centralelor nucleare mai mult decât a fost planificat inițial poate fi destul de periculoasă, deoarece orice instalație sau aparat tehnic devine de obicei mai supărătoare spre sfârșitul speranței de viață planificate."
59,152,nuclear energy,0.7041156888008118,attack,,pro,contra,"Energia nucleară, în virtutea dimensiunii sale mari, a producției centralizate de energie electrică și a dependenței de experți, era potrivită pentru control de către birocrațiile de stat.",Sprijinul energiei nucleare de către guvern este rezultatul unui lobby special din partea industriei.
94,153,nuclear energy,0.6711366772651672,support,,contra,contra,"Reactoarele nucleare sunt ținte majore pentru teroriști: din cauza potențialei amenințări de distrugere în masă, centralele nucleare sunt ținte majore pentru teroriști.",* Țintă pentru terorism (cum sunt toate sursele centralizate de producere a energiei).
128,154,nuclear energy,0.6798549890518188,support,,contra,contra,"Deși construirea de centrale nucleare sigure poate fi fezabilă și poate ajuta la satisfacerea nevoilor de energie în creștere pe termen scurt, ignorarea implicațiilor pe termen lung ale energiei nucleare poate duce la probleme și mai mari.","Prin urmare, sunt necesare soluții costisitoare pentru a proteja Mama Pământ de efectele devastatoare ale energiei nucleare."
103,154,nuclear energy,0.6790294647216797,support,,contra,contra,"Contribuabilii, nu industria nucleară, își asumă riscurile de dezastru „6 motive împotriva energiei nucleare”.","Prin urmare, sunt necesare soluții costisitoare pentru a proteja Mama Pământ de efectele devastatoare ale energiei nucleare."
20,154,nuclear energy,0.6658650636672974,attack,,pro,contra,Energia nucleară este sursa cea mai sigură.,"Prin urmare, sunt necesare soluții costisitoare pentru a proteja Mama Pământ de efectele devastatoare ale energiei nucleare."
148,155,nuclear energy,0.6951271295547485,support,,contra,contra,"Deșeuri radioactive: Întregul lanț de combustibil nuclear, de la minerit la măcinat, procesare, îmbogățire, fabricarea combustibilului și iradierea combustibilului în reactoare, generează deșeuri radioactive.",Reprocesarea combustibilului uzat dă naștere la plutoniu care este probabil să fie folosit în bombe.
144,155,nuclear energy,0.6501877307891846,support,,contra,contra,"Mai rău, industria nucleară vrea să reproceseze deșeurile pentru a obține mai multă energie din uraniu din ce în ce mai rar.",Reprocesarea combustibilului uzat dă naștere la plutoniu care este probabil să fie folosit în bombe.
157,163,nuclear energy,0.7464886903762817,support,,contra,contra,"Deși nicio tehnologie nu poate fi perfect sigură, energia nucleară este o tehnologie în mod inerent riscantă, iar reducerea la minimum a riscurilor necesită standarde și practici stricte de siguranță.","Cu toate acestea, exploatarea centralelor nucleare mai mult decât a fost planificat inițial poate fi destul de periculoasă, deoarece orice instalație sau aparat tehnic devine de obicei mai supărătoare spre sfârșitul speranței de viață planificate."
22,159,nuclear energy,0.6802732944488525,attack,,pro,contra,Cifrele sale arată că energia nucleară este singura sursă care poate provoca combustibilii fosili care schimbă climatul și distrug mediul pentru supremație în asigurarea nevoilor de energie ale lumii.,Singura soluție este oprirea expansiunii întregii energie nucleară și închiderea centralelor existente.
95,159,nuclear energy,0.6541247367858887,support,,contra,contra,"Deci energia nucleară , care poate genera doar electricitate , este aproape irelevantă .",Singura soluție este oprirea expansiunii întregii energie nucleară și închiderea centralelor existente.
88,160,nuclear energy,0.7172818779945374,support,,contra,contra,Țările mai puțin avansate din punct de vedere tehnic cu centrale nucleare sporesc riscurile de siguranță.,Industria nucleară și cei care pretind să o reglementeze au minimizat potențialul unui astfel de accident.
160,163,nuclear energy,0.6678841710090637,support,,contra,contra,Industria nucleară și cei care pretind să o reglementeze au minimizat potențialul unui astfel de accident.,"Cu toate acestea, exploatarea centralelor nucleare mai mult decât a fost planificat inițial poate fi destul de periculoasă, deoarece orice instalație sau aparat tehnic devine de obicei mai supărătoare spre sfârșitul speranței de viață planificate."
50,161,nuclear energy,0.7324905395507812,attack,,pro,contra,"În ciuda depășirii costurilor de construcție, majoritatea centralelor nucleare produc energie electrică la costuri competitive.","Energia nucleară este prea scumpă, eficiența energetică este tot ceea ce este necesar, cu o utilizare mai mare a surselor regenerabile."
96,161,nuclear energy,0.697460949420929,support,,contra,contra,"Întrucât centralele nucleare sunt renumite pentru depășirile de costuri, o cifră mai mare este mult mai probabilă.","Energia nucleară este prea scumpă, eficiența energetică este tot ceea ce este necesar, cu o utilizare mai mare a surselor regenerabile."
96,162,nuclear energy,0.7131509184837341,support,,contra,contra,"Întrucât centralele nucleare sunt renumite pentru depășirile de costuri, o cifră mai mare este mult mai probabilă.","Dar, după cum a remarcat Michael Grunwald în Time, estimările recente ale prețurilor pentru o fabrică mare din Florida au fost de la 12 la 18 miliarde de dolari, și asta înainte de a lua în considerare faptul că industria nucleară are o istorie de depășiri de 250% a costurilor. Unii analiști spun că metodele alternative ar aduce mult mai mult profit pentru economisirea climei decât energia nucleară."
31,164,nuclear energy,0.6698310375213623,attack,,pro,contra,"În timp ce ardem combustibili fosili, folosim energia eoliană hidroelectrică, folosim energia mareelor ​​și solară și căutăm alte modalități de a ne satisface nevoile energetice - pur și simplu trebuie să folosim energia nucleară ca metodă pentru a realiza acest lucru.","În calitate de lideri mondiali, puteți lucra împreună pentru a înlocui această cantitate mică de energie din alte surse de energie ușor disponibile, foarte sigure și accesibile, pentru a ne îndrepta către un viitor fără carbon și fără nucleare. ”"
337,407,school uniforms,0.8081466555595398,support,,pro,pro,"Școlile spun, de asemenea, că uniformele ajută la stabilirea unor standarde academice înalte.",Uniformele școlare pot îmbunătăți prezența și disciplina.
337,441,school uniforms,0.7587525844573975,attack,,pro,contra,"Școlile spun, de asemenea, că uniformele ajută la stabilirea unor standarde academice înalte.","Din nou, dacă era nevoie de mai multă disciplină, cum beneficiază uniformele școlare?"
337,405,school uniforms,0.7248273491859436,support,,pro,pro,"Școlile spun, de asemenea, că uniformele ajută la stabilirea unor standarde academice înalte.",Majoritatea părinților și educatorilor susțin uniformele școlare obligatorii.
338,492,school uniforms,0.7306355237960815,attack,,pro,contra,"Ideea este că elevii nu pot pleca cu ușurință de la școală fără a fi imediat identificați de publicul larg colaborator, reținuți și predați școlii lor pentru pedeapsă.","Școlile petrec atât de mult timp încercând să-și țină elevii sub control, încât ajung să zdrobească scânteile cu care s-au născut unii dintre acești copii... Uniformele pun în pericol capacitatea tinerilor Americii de a se exprima, de a deveni oamenii care își doresc să fie."
338,415,school uniforms,0.6981856822967529,attack,,pro,contra,"Ideea este că elevii nu pot pleca cu ușurință de la școală fără a fi imediat identificați de publicul larg colaborator, reținuți și predați școlii lor pentru pedeapsă.","Ei pot da școlii un nume prost: dacă copiii unei școli sunt plecați cauzând probleme cu purtarea uniformei de la o școală, se poate reflecta prost asupra școlii și poate duce la ca mai puțini părinți să-și trimită copiii acolo."
338,493,school uniforms,0.6833248138427734,attack,,pro,contra,"Ideea este că elevii nu pot pleca cu ușurință de la școală fără a fi imediat identificați de publicul larg colaborator, reținuți și predați școlii lor pentru pedeapsă.",Uniformele școlare de astăzi par mai degrabă o măsură punitivă menită să le refuze elevilor dreptul la libertatea de exprimare și la individualitate.
340,437,school uniforms,0.6901682019233704,attack,,pro,contra,Cele mai multe probleme legate de aplicarea regulilor uniforme în SUA se datorează faptului că uniforma este voluntară sau studenților li se permite să renunțe la ea.,"În plus, oponenții susțin că uniformele ar putea să nu fie confortabile pentru toți elevii, ceea ce va limita învățarea, deoarece studenții își fac griji pentru aspectul lor."
340,368,school uniforms,0.6821946501731873,support,,pro,pro,Cele mai multe probleme legate de aplicarea regulilor uniforme în SUA se datorează faptului că uniforma este voluntară sau studenților li se permite să renunțe la ea.,"Prin Knownroads (Proprie lucrare) [Domeniu public], prin Wikimedia Commons. Conform statisticilor raportate de școală și a administratorului școlii, mandatul de uniforme în campusuri a redus întârzierile, cursurile sărite, suspendările și recomandările disciplinare în rândul elevilor."
340,480,school uniforms,0.6679191589355469,attack,,pro,contra,Cele mai multe probleme legate de aplicarea regulilor uniforme în SUA se datorează faptului că uniforma este voluntară sau studenților li se permite să renunțe la ea.,"Dar, conform rapoartelor publicate, unii studenți nu au fost la fel de receptivi la idee; un elev de liceu a spus că o politică obligatorie privind uniforma școlară ar fi „îngrozitoare” și ar cauza doar mai multe probleme."
341,380,school uniforms,0.666132926940918,support,,pro,pro,Elevii sunt adesea atât de concentrați pe garderoba lor încât le distrage atenția de la învățare.,"În plus, tendințele modei care distrag atenția și îmbrăcămintea simbol al statutului sunt eliminate, permițând studenților să se concentreze mai mult pe obiectivele lor academice."
342,405,school uniforms,0.7763002514839172,support,,pro,pro,Părinții doresc ca copiii lor să fie educați și să se comporte bine; un studiu din 1994 demonstrează că elevii care poartă uniformă la școală sunt bine percepuți de profesori.,Majoritatea părinților și educatorilor susțin uniformele școlare obligatorii.
342,384,school uniforms,0.7530719041824341,support,,pro,pro,Părinții doresc ca copiii lor să fie educați și să se comporte bine; un studiu din 1994 demonstrează că elevii care poartă uniformă la școală sunt bine percepuți de profesori.,"Ei cred că elevii se simt mai profesioniști și simt că aparțin ceva atunci când poartă uniforme școlare, încurajându-i ca urmare să se comporte în consecință."
342,408,school uniforms,0.6828534603118896,support,,pro,pro,Părinții doresc ca copiii lor să fie educați și să se comporte bine; un studiu din 1994 demonstrează că elevii care poartă uniformă la școală sunt bine percepuți de profesori.,"Un studiu din 2007, evaluat de colegi, a constatat că, după introducerea uniformelor, „Profesorii au perceput o creștere a nivelului de respect, grijă și încredere... în întreaga școală” și au spus că „elevii sunt făcuți să se simtă „importanți” și ca și cum ar fi parte dintr-o echipă purtând o uniformă”."
348,397,school uniforms,0.8055124878883362,support,,pro,pro,"Tema 3: Uniformele vor facilita identificarea celor care nu sunt de la școală și, prin urmare, vor crește securitatea/siguranța.","Solicitarea uniformelor sporește securitatea școlii, permițând identificarea non-studentilor care încearcă să intre în campus."
348,407,school uniforms,0.6647568941116333,support,,pro,pro,"Tema 3: Uniformele vor facilita identificarea celor care nu sunt de la școală și, prin urmare, vor crește securitatea/siguranța.",Uniformele școlare pot îmbunătăți prezența și disciplina.
349,404,school uniforms,0.7067878246307373,support,,pro,pro,Susținătorii susțin în continuare că uniformele îmbunătățesc prezența.,Uniformele încurajează și reflectă asemănarea.
353,494,school uniforms,0.7025147676467896,attack,,pro,contra,"Uniformele școlare îndepărtează acești factori din mediul social din școală, eliberând astfel elevii de presiunea de a se integra.",Uniformele școlare din școlile publice subminează promisiunea unei educații gratuite prin impunerea unei cheltuieli suplimentare familiilor.
353,493,school uniforms,0.6991888284683228,attack,,pro,contra,"Uniformele școlare îndepărtează acești factori din mediul social din școală, eliberând astfel elevii de presiunea de a se integra.",Uniformele școlare de astăzi par mai degrabă o măsură punitivă menită să le refuze elevilor dreptul la libertatea de exprimare și la individualitate.
353,492,school uniforms,0.6862851977348328,attack,,pro,contra,"Uniformele școlare îndepărtează acești factori din mediul social din școală, eliberând astfel elevii de presiunea de a se integra.","Școlile petrec atât de mult timp încercând să-și țină elevii sub control, încât ajung să zdrobească scânteile cu care s-au născut unii dintre acești copii... Uniformele pun în pericol capacitatea tinerilor Americii de a se exprima, de a deveni oamenii care își doresc să fie."
354,448,school uniforms,0.7565066814422607,attack,,pro,contra,"Oamenii care sunt pentru uniforme spun că promovează conformitatea socială, astfel încât cei mai puțin de făcut nu trebuie să fie presați să țină pasul cu contemporanii lor înstăriți.","În ceea ce privește dezvoltarea personală, uniformele promovează mai degrabă conformitatea decât individualitatea."
355,384,school uniforms,0.6591769456863403,support,,pro,pro,Elevii în uniformă se simt uniți și conectați.,"Ei cred că elevii se simt mai profesioniști și simt că aparțin ceva atunci când poartă uniforme școlare, încurajându-i ca urmare să se comporte în consecință."
358,379,school uniforms,0.7178882360458374,support,,pro,pro,Oficialii școlii din Chicago au constatat o scădere a violenței bandelor după ce au adoptat uniforme școlare.,"Școlile din Birmingham au raportat o scădere a incidentelor cu arme și droguri, iar școlile din Houston au raportat o scădere a criminalității violente."
358,361,school uniforms,0.7018904089927673,support,,pro,pro,Oficialii școlii din Chicago au constatat o scădere a violenței bandelor după ce au adoptat uniforme școlare.,Școlile primare cu uniforme obligatorie au înregistrat o uşoară scădere a problemelor de disciplină.
359,399,school uniforms,0.7806119918823242,support,,pro,pro,"Deși uniformele au fost un pilon de bază al școlilor private, școlile publice nu s-au urcat pe val până în 1994, când Districtul școlar din Long Beach California a integrat uniformele școlare pentru a aborda problemele de siguranță care provoacă districtul.","În Long Beach , California , primul district care a avut o politică de uniformă obligatorie pe scară largă în școlile publice , rapoartele inițiale privind scăderea criminalității și a disciplinei au fost uimitoare."
359,398,school uniforms,0.6827796697616577,support,,pro,pro,"Deși uniformele au fost un pilon de bază al școlilor private, școlile publice nu s-au urcat pe val până în 1994, când Districtul școlar din Long Beach California a integrat uniformele școlare pentru a aborda problemele de siguranță care provoacă districtul.","Aceste statistici oferite de Long Beach sunt adesea citate ca un factor de descurajare dovedit a violenţei în şcoală , după adoptarea unei politici de uniformă obligatorie în 1994 ."
360,384,school uniforms,0.7723155617713928,support,,pro,pro,"Menționați cum purtarea uniformei poate influența dezvoltarea personalității elevilor, insuflându-le dorința de a arăta îngrijit, de a-și dezvolta abilitățile de lucru etc.","Ei cred că elevii se simt mai profesioniști și simt că aparțin ceva atunci când poartă uniforme școlare, încurajându-i ca urmare să se comporte în consecință."
360,420,school uniforms,0.7508758306503296,attack,,pro,contra,"Menționați cum purtarea uniformei poate influența dezvoltarea personalității elevilor, insuflându-le dorința de a arăta îngrijit, de a-și dezvolta abilitățile de lucru etc.","Uniformele școlare pot fi urâte și/sau nemăgulitoare, iar nevoia de a purta ceva neatractiv sau nemăgulitor nu este bună pentru imaginea de sine a elevilor."
360,448,school uniforms,0.7369365692138672,attack,,pro,contra,"Menționați cum purtarea uniformei poate influența dezvoltarea personalității elevilor, insuflându-le dorința de a arăta îngrijit, de a-și dezvolta abilitățile de lucru etc.","În ceea ce privește dezvoltarea personală, uniformele promovează mai degrabă conformitatea decât individualitatea."
361,368,school uniforms,0.6998878717422485,support,,pro,pro,Școlile primare cu uniforme obligatorie au înregistrat o uşoară scădere a problemelor de disciplină.,"Prin Knownroads (Proprie lucrare) [Domeniu public], prin Wikimedia Commons. Conform statisticilor raportate de școală și a administratorului școlii, mandatul de uniforme în campusuri a redus întârzierile, cursurile sărite, suspendările și recomandările disciplinare în rândul elevilor."
361,390,school uniforms,0.671727180480957,support,,pro,pro,Școlile primare cu uniforme obligatorie au înregistrat o uşoară scădere a problemelor de disciplină.,"În toată țara , statistici similare abundă ; de exemplu , la Ruffner Middle School din Norfolk , VA , numărul de recomandări disciplinare a scăzut cu 42 % odată ce uniformele au fost aplicate ."
363,407,school uniforms,0.7588325142860413,support,,pro,pro,Profesorii au fost de acord în mod covârșitor că uniformele școlare au îmbunătățit mediul de învățare.,Uniformele școlare pot îmbunătăți prezența și disciplina.
337,363,school uniforms,0.6858763694763184,support,,pro,pro,"Școlile spun, de asemenea, că uniformele ajută la stabilirea unor standarde academice înalte.",Profesorii au fost de acord în mod covârșitor că uniformele școlare au îmbunătățit mediul de învățare.
363,408,school uniforms,0.6616934537887573,support,,pro,pro,Profesorii au fost de acord în mod covârșitor că uniformele școlare au îmbunătățit mediul de învățare.,"Un studiu din 2007, evaluat de colegi, a constatat că, după introducerea uniformelor, „Profesorii au perceput o creștere a nivelului de respect, grijă și încredere... în întreaga școală” și au spus că „elevii sunt făcuți să se simtă „importanți” și ca și cum ar fi parte dintr-o echipă purtând o uniformă”."
366,417,school uniforms,0.6971613168716431,attack,,pro,contra,"De asemenea, este de remarcat faptul că uniformele nu trebuie să fie neapărat scumpe, ele pot fi pur și simplu niște pantaloni și pulovere.","Pur și simplu, uniformele sunt în general antipatice!"
366,440,school uniforms,0.6771122813224792,attack,,pro,contra,"De asemenea, este de remarcat faptul că uniformele nu trebuie să fie neapărat scumpe, ele pot fi pur și simplu niște pantaloni și pulovere.",Uniformele pot fi mai scumpe pentru o familie care cumpără din magazinele second-hand sau care se bazează pe haine de la prieteni și familie .
366,442,school uniforms,0.6626019477844238,attack,,pro,contra,"De asemenea, este de remarcat faptul că uniformele nu trebuie să fie neapărat scumpe, ele pot fi pur și simplu niște pantaloni și pulovere.",Unele uniforme sunt confecționate din țesături neplăcute care te vor face să te mâncărimi de la prima clasă la ultima clasă.
367,371,school uniforms,0.7778071165084839,support,,pro,pro,"Ideea unei uniforme școlare este ca elevii să poarte uniforma la școală, dar să nu poarte uniforma, să zicem, la o discotecă sau la alte evenimente în afara școlii.","Costul mediu de îmbrăcăminte per copil în școlile cu uniformă de elev este semnificativ mai mic decât cel din școlile fără uniforme... Alese de fiecare școală, uniformele școlare oferă elevilor o identitate școlară, întăresc școala și spiritul și mândria individuală - nu spre deosebire de modul în care o uniformă de echipă de atletism construiește identitatea echipei, moralul și stima de sine."
367,441,school uniforms,0.7510650157928467,attack,,pro,contra,"Ideea unei uniforme școlare este ca elevii să poarte uniforma la școală, dar să nu poarte uniforma, să zicem, la o discotecă sau la alte evenimente în afara școlii.","Din nou, dacă era nevoie de mai multă disciplină, cum beneficiază uniformele școlare?"
367,493,school uniforms,0.7345480918884277,attack,,pro,contra,"Ideea unei uniforme școlare este ca elevii să poarte uniforma la școală, dar să nu poarte uniforma, să zicem, la o discotecă sau la alte evenimente în afara școlii.",Uniformele școlare de astăzi par mai degrabă o măsură punitivă menită să le refuze elevilor dreptul la libertatea de exprimare și la individualitate.
368,441,school uniforms,0.7123175859451294,attack,,pro,contra,"Prin Knownroads (Proprie lucrare) [Domeniu public], prin Wikimedia Commons. Conform statisticilor raportate de școală și a administratorului școlii, mandatul de uniforme în campusuri a redus întârzierile, cursurile sărite, suspendările și recomandările disciplinare în rândul elevilor.","Din nou, dacă era nevoie de mai multă disciplină, cum beneficiază uniformele școlare?"
368,493,school uniforms,0.7116968035697937,attack,,pro,contra,"Prin Knownroads (Proprie lucrare) [Domeniu public], prin Wikimedia Commons. Conform statisticilor raportate de școală și a administratorului școlii, mandatul de uniforme în campusuri a redus întârzierile, cursurile sărite, suspendările și recomandările disciplinare în rândul elevilor.",Uniformele școlare de astăzi par mai degrabă o măsură punitivă menită să le refuze elevilor dreptul la libertatea de exprimare și la individualitate.
368,377,school uniforms,0.7043131589889526,support,,pro,pro,"Prin Knownroads (Proprie lucrare) [Domeniu public], prin Wikimedia Commons. Conform statisticilor raportate de școală și a administratorului școlii, mandatul de uniforme în campusuri a redus întârzierile, cursurile sărite, suspendările și recomandările disciplinare în rândul elevilor.","Cercetările au arătat că printre elevii de gimnaziu și liceu, uniformele reduc absențele în medie cu o jumătate de zi în fiecare an școlar."
369,420,school uniforms,0.6632852554321289,attack,,pro,contra,O „perturbare substanțială” are loc atunci când administratorii școlii sau profesorii nu pot continua cu activitățile școlare obișnuite din cauza interferenței cauzate de îmbrăcămintea unui elev.,"Uniformele școlare pot fi urâte și/sau nemăgulitoare, iar nevoia de a purta ceva neatractiv sau nemăgulitor nu este bună pentru imaginea de sine a elevilor."
338,369,school uniforms,0.6575506925582886,support,,pro,pro,"Ideea este că elevii nu pot pleca cu ușurință de la școală fără a fi imediat identificați de publicul larg colaborator, reținuți și predați școlii lor pentru pedeapsă.",O „perturbare substanțială” are loc atunci când administratorii școlii sau profesorii nu pot continua cu activitățile școlare obișnuite din cauza interferenței cauzate de îmbrăcămintea unui elev.
368,369,school uniforms,0.652015209197998,support,,pro,pro,"Prin Knownroads (Proprie lucrare) [Domeniu public], prin Wikimedia Commons. Conform statisticilor raportate de școală și a administratorului școlii, mandatul de uniforme în campusuri a redus întârzierile, cursurile sărite, suspendările și recomandările disciplinare în rândul elevilor.",O „perturbare substanțială” are loc atunci când administratorii școlii sau profesorii nu pot continua cu activitățile școlare obișnuite din cauza interferenței cauzate de îmbrăcămintea unui elev.
371,457,school uniforms,0.7433334589004517,attack,,pro,contra,"Costul mediu de îmbrăcăminte per copil în școlile cu uniformă de elev este semnificativ mai mic decât cel din școlile fără uniforme... Alese de fiecare școală, uniformele școlare oferă elevilor o identitate școlară, întăresc școala și spiritul și mândria individuală - nu spre deosebire de modul în care o uniformă de echipă de atletism construiește identitatea echipei, moralul și stima de sine.","Cred că nu ar trebui să mai purtăm uniforme, copiii nu au libertatea de a purta ceea ce își doresc și uniformele costă uneori mai mult decât ceea ce vor familiile să plătească doar o uniformă!"
371,420,school uniforms,0.7107622623443604,attack,,pro,contra,"Costul mediu de îmbrăcăminte per copil în școlile cu uniformă de elev este semnificativ mai mic decât cel din școlile fără uniforme... Alese de fiecare școală, uniformele școlare oferă elevilor o identitate școlară, întăresc școala și spiritul și mândria individuală - nu spre deosebire de modul în care o uniformă de echipă de atletism construiește identitatea echipei, moralul și stima de sine.","Uniformele școlare pot fi urâte și/sau nemăgulitoare, iar nevoia de a purta ceva neatractiv sau nemăgulitor nu este bună pentru imaginea de sine a elevilor."
372,442,school uniforms,0.6533292531967163,attack,,pro,contra,"Există numeroase moduri diferite în care elevii își pot adăuga nota personală uniformelor școlare, cum ar fi un stil de păr diferit, utilizarea unei oje grozave, adăugarea de accesorii precum nasturi, șosete, eșarfe și lista poate continua.",Unele uniforme sunt confecționate din țesături neplăcute care te vor face să te mâncărimi de la prima clasă la ultima clasă.
374,450,school uniforms,0.6564137935638428,attack,,pro,contra,"Mulți elevi simt că sunt judecați în funcție de ceea ce poartă de către alți elevi, precum și de către profesori și administratori.","Aceiași copii vor fi hărțuiți, indiferent dacă școala are uniforme sau nu."
376,492,school uniforms,0.6832313537597656,attack,,pro,contra,Nu ne putem permite să permitem școlilor noastre să fie folosite ca laboratoare și copiilor noștri să fie folosiți ca cobai pentru noi moduri discutabile fondate în vanitate și bazate pe presupuneri.,"Școlile petrec atât de mult timp încercând să-și țină elevii sub control, încât ajung să zdrobească scânteile cu care s-au născut unii dintre acești copii... Uniformele pun în pericol capacitatea tinerilor Americii de a se exprima, de a deveni oamenii care își doresc să fie."
371,377,school uniforms,0.6987501382827759,support,,pro,pro,"Costul mediu de îmbrăcăminte per copil în școlile cu uniformă de elev este semnificativ mai mic decât cel din școlile fără uniforme... Alese de fiecare școală, uniformele școlare oferă elevilor o identitate școlară, întăresc școala și spiritul și mândria individuală - nu spre deosebire de modul în care o uniformă de echipă de atletism construiește identitatea echipei, moralul și stima de sine.","Cercetările au arătat că printre elevii de gimnaziu și liceu, uniformele reduc absențele în medie cu o jumătate de zi în fiecare an școlar."
377,418,school uniforms,0.6681870222091675,attack,,pro,contra,"Cercetările au arătat că printre elevii de gimnaziu și liceu, uniformele reduc absențele în medie cu o jumătate de zi în fiecare an școlar.","Să luăm cazul elevilor de la Școala Publică din județul Harford, în care 87,9% sunt puternic defavorizați de sistemul de uniformă obligatorie."
353,378,school uniforms,0.6733267307281494,support,,pro,pro,"Uniformele școlare îndepărtează acești factori din mediul social din școală, eliberând astfel elevii de presiunea de a se integra.",Uniformele elimină această presiune și permit ca atenția elevilor să fie îndreptată spre învățare și creștere.
361,379,school uniforms,0.652584433555603,support,,pro,pro,Școlile primare cu uniforme obligatorie au înregistrat o uşoară scădere a problemelor de disciplină.,"Școlile din Birmingham au raportat o scădere a incidentelor cu arme și droguri, iar școlile din Houston au raportat o scădere a criminalității violente."
380,420,school uniforms,0.6500375270843506,attack,,pro,contra,"În plus, tendințele modei care distrag atenția și îmbrăcămintea simbol al statutului sunt eliminate, permițând studenților să se concentreze mai mult pe obiectivele lor academice.","Uniformele școlare pot fi urâte și/sau nemăgulitoare, iar nevoia de a purta ceva neatractiv sau nemăgulitor nu este bună pentru imaginea de sine a elevilor."
381,441,school uniforms,0.6957079172134399,attack,,pro,contra,O treime dintre elevi au raportat beneficii pentru purtarea uniformelor școlare.,"Din nou, dacă era nevoie de mai multă disciplină, cum beneficiază uniformele școlare?"
381,384,school uniforms,0.6856989860534668,support,,pro,pro,O treime dintre elevi au raportat beneficii pentru purtarea uniformelor școlare.,"Ei cred că elevii se simt mai profesioniști și simt că aparțin ceva atunci când poartă uniforme școlare, încurajându-i ca urmare să se comporte în consecință."
360,381,school uniforms,0.6712291240692139,support,,pro,pro,"Menționați cum purtarea uniformei poate influența dezvoltarea personalității elevilor, insuflându-le dorința de a arăta îngrijit, de a-și dezvolta abilitățile de lucru etc.",O treime dintre elevi au raportat beneficii pentru purtarea uniformelor școlare.
384,408,school uniforms,0.8016146421432495,support,,pro,pro,"Ei cred că elevii se simt mai profesioniști și simt că aparțin ceva atunci când poartă uniforme școlare, încurajându-i ca urmare să se comporte în consecință.","Un studiu din 2007, evaluat de colegi, a constatat că, după introducerea uniformelor, „Profesorii au perceput o creștere a nivelului de respect, grijă și încredere... în întreaga școală” și au spus că „elevii sunt făcuți să se simtă „importanți” și ca și cum ar fi parte dintr-o echipă purtând o uniformă”."
384,407,school uniforms,0.7557505369186401,support,,pro,pro,"Ei cred că elevii se simt mai profesioniști și simt că aparțin ceva atunci când poartă uniforme școlare, încurajându-i ca urmare să se comporte în consecință.",Uniformele școlare pot îmbunătăți prezența și disciplina.
390,429,school uniforms,0.669878363609314,attack,,pro,contra,"În toată țara , statistici similare abundă ; de exemplu , la Ruffner Middle School din Norfolk , VA , numărul de recomandări disciplinare a scăzut cu 42 % odată ce uniformele au fost aplicate .","Chiar și cu aceste statistici convingătoare, totuși, există și alte statistici care susțin că uniformele nu sunt atât de benefice pe cât sunt încurajați să creadă administratorii școlii și părinții."
368,390,school uniforms,0.6581177711486816,support,,pro,pro,"Prin Knownroads (Proprie lucrare) [Domeniu public], prin Wikimedia Commons. Conform statisticilor raportate de școală și a administratorului școlii, mandatul de uniforme în campusuri a redus întârzierile, cursurile sărite, suspendările și recomandările disciplinare în rândul elevilor.","În toată țara , statistici similare abundă ; de exemplu , la Ruffner Middle School din Norfolk , VA , numărul de recomandări disciplinare a scăzut cu 42 % odată ce uniformele au fost aplicate ."
397,407,school uniforms,0.710615873336792,support,,pro,pro,"Solicitarea uniformelor sporește securitatea școlii, permițând identificarea non-studentilor care încearcă să intre în campus.",Uniformele școlare pot îmbunătăți prezența și disciplina.
367,397,school uniforms,0.6783831119537354,support,,pro,pro,"Ideea unei uniforme școlare este ca elevii să poarte uniforma la școală, dar să nu poarte uniforma, să zicem, la o discotecă sau la alte evenimente în afara școlii.","Solicitarea uniformelor sporește securitatea școlii, permițând identificarea non-studentilor care încearcă să intre în campus."
398,399,school uniforms,0.6697338819503784,support,,pro,pro,"Aceste statistici oferite de Long Beach sunt adesea citate ca un factor de descurajare dovedit a violenţei în şcoală , după adoptarea unei politici de uniformă obligatorie în 1994 .","În Long Beach , California , primul district care a avut o politică de uniformă obligatorie pe scară largă în școlile publice , rapoartele inițiale privind scăderea criminalității și a disciplinei au fost uimitoare."
403,405,school uniforms,0.7091588973999023,support,,pro,pro,Uniformele școlare pot economisi bani pentru părinți.,Majoritatea părinților și educatorilor susțin uniformele școlare obligatorii.
403,407,school uniforms,0.6567319631576538,support,,pro,pro,Uniformele școlare pot economisi bani pentru părinți.,Uniformele școlare pot îmbunătăți prezența și disciplina.
404,448,school uniforms,0.7020650506019592,attack,,pro,contra,Uniformele încurajează și reflectă asemănarea.,"În ceea ce privește dezvoltarea personală, uniformele promovează mai degrabă conformitatea decât individualitatea."
405,419,school uniforms,0.7113994359970093,attack,,pro,contra,Majoritatea părinților și educatorilor susțin uniformele școlare obligatorii.,"Dacă te gândești la când erai copil, îți vei aminti că cei mai mulți dintre noi uram să purtăm uniforma școlară."
407,441,school uniforms,0.8295961618423462,attack,,pro,contra,Uniformele școlare pot îmbunătăți prezența și disciplina.,"Din nou, dacă era nevoie de mai multă disciplină, cum beneficiază uniformele școlare?"
360,408,school uniforms,0.7183347940444946,support,,pro,pro,"Menționați cum purtarea uniformei poate influența dezvoltarea personalității elevilor, insuflându-le dorința de a arăta îngrijit, de a-și dezvolta abilitățile de lucru etc.","Un studiu din 2007, evaluat de colegi, a constatat că, după introducerea uniformelor, „Profesorii au perceput o creștere a nivelului de respect, grijă și încredere... în întreaga școală” și au spus că „elevii sunt făcuți să se simtă „importanți” și ca și cum ar fi parte dintr-o echipă purtând o uniformă”."
408,441,school uniforms,0.7077627778053284,attack,,pro,contra,"Un studiu din 2007, evaluat de colegi, a constatat că, după introducerea uniformelor, „Profesorii au perceput o creștere a nivelului de respect, grijă și încredere... în întreaga școală” și au spus că „elevii sunt făcuți să se simtă „importanți” și ca și cum ar fi parte dintr-o echipă purtând o uniformă”.","Din nou, dacă era nevoie de mai multă disciplină, cum beneficiază uniformele școlare?"
360,409,school uniforms,0.6800341010093689,support,,pro,pro,"Menționați cum purtarea uniformei poate influența dezvoltarea personalității elevilor, insuflându-le dorința de a arăta îngrijit, de a-și dezvolta abilitățile de lucru etc.",Un studiu evaluat de colegi din 2012 a constatat că 54 % dintre elevii de clasa a VIII-a au spus că își pot exprima în continuare individualitatea purtând uniforme școlare.
381,409,school uniforms,0.667280912399292,support,,pro,pro,O treime dintre elevi au raportat beneficii pentru purtarea uniformelor școlare.,Un studiu evaluat de colegi din 2012 a constatat că 54 % dintre elevii de clasa a VIII-a au spus că își pot exprima în continuare individualitatea purtând uniforme școlare.
384,409,school uniforms,0.6664759516716003,support,,pro,pro,"Ei cred că elevii se simt mai profesioniști și simt că aparțin ceva atunci când poartă uniforme școlare, încurajându-i ca urmare să se comporte în consecință.",Un studiu evaluat de colegi din 2012 a constatat că 54 % dintre elevii de clasa a VIII-a au spus că își pot exprima în continuare individualitatea purtând uniforme școlare.
410,430,school uniforms,0.668614387512207,attack,,pro,contra,"Avem un stil de uniforme pentru fete care este mai confortabil, practic și mai potrivit pentru forma unei fete.","Multe fete, de exemplu, nu le place să poarte fuste sau rochii, ceea ce necesită majoritatea uniformelor fetelor."
415,422,school uniforms,0.7257927656173706,support,,contra,contra,"Ei pot da școlii un nume prost: dacă copiii unei școli sunt plecați cauzând probleme cu purtarea uniformei de la o școală, se poate reflecta prost asupra școlii și poate duce la ca mai puțini părinți să-și trimită copiii acolo.",Costul uniformei înseamnă adesea că părinților le displace și poate duce la o relație proastă între ei și școală.
415,458,school uniforms,0.6889691948890686,support,,contra,contra,"Ei pot da școlii un nume prost: dacă copiii unei școli sunt plecați cauzând probleme cu purtarea uniformei de la o școală, se poate reflecta prost asupra școlii și poate duce la ca mai puțini părinți să-și trimită copiii acolo.",Este evident că sunt multe lucruri pe care le poți spune împotriva uniformelor școlare .
417,456,school uniforms,0.7129594087600708,support,,contra,contra,"Pur și simplu, uniformele sunt în general antipatice!","În lipsa argumentelor în favoarea, uniformele devin o cămașă de forță care este forțată asupra celor care le supără de dragul uciderii spiritului lor."
417,458,school uniforms,0.7087627649307251,support,,contra,contra,"Pur și simplu, uniformele sunt în general antipatice!",Este evident că sunt multe lucruri pe care le poți spune împotriva uniformelor școlare .
417,465,school uniforms,0.6984167695045471,support,,contra,contra,"Pur și simplu, uniformele sunt în general antipatice!","În al patrulea rând, uniformele chiar atrag bătăușii!"
418,480,school uniforms,0.7003381848335266,support,,contra,contra,"Să luăm cazul elevilor de la Școala Publică din județul Harford, în care 87,9% sunt puternic defavorizați de sistemul de uniformă obligatorie.","Dar, conform rapoartelor publicate, unii studenți nu au fost la fel de receptivi la idee; un elev de liceu a spus că o politică obligatorie privind uniforma școlară ar fi „îngrozitoare” și ar cauza doar mai multe probleme."
415,418,school uniforms,0.6844061017036438,support,,contra,contra,"Ei pot da școlii un nume prost: dacă copiii unei școli sunt plecați cauzând probleme cu purtarea uniformei de la o școală, se poate reflecta prost asupra școlii și poate duce la ca mai puțini părinți să-și trimită copiii acolo.","Să luăm cazul elevilor de la Școala Publică din județul Harford, în care 87,9% sunt puternic defavorizați de sistemul de uniformă obligatorie."
418,494,school uniforms,0.6839512586593628,support,,contra,contra,"Să luăm cazul elevilor de la Școala Publică din județul Harford, în care 87,9% sunt puternic defavorizați de sistemul de uniformă obligatorie.",Uniformele școlare din școlile publice subminează promisiunea unei educații gratuite prin impunerea unei cheltuieli suplimentare familiilor.
367,419,school uniforms,0.7311528921127319,attack,,pro,contra,"Ideea unei uniforme școlare este ca elevii să poarte uniforma la școală, dar să nu poarte uniforma, să zicem, la o discotecă sau la alte evenimente în afara școlii.","Dacă te gândești la când erai copil, îți vei aminti că cei mai mulți dintre noi uram să purtăm uniforma școlară."
419,441,school uniforms,0.7164746522903442,support,,contra,contra,"Dacă te gândești la când erai copil, îți vei aminti că cei mai mulți dintre noi uram să purtăm uniforma școlară.","Din nou, dacă era nevoie de mai multă disciplină, cum beneficiază uniformele școlare?"
419,458,school uniforms,0.7159671783447266,support,,contra,contra,"Dacă te gândești la când erai copil, îți vei aminti că cei mai mulți dintre noi uram să purtăm uniforma școlară.",Este evident că sunt multe lucruri pe care le poți spune împotriva uniformelor școlare .
420,480,school uniforms,0.7288839817047119,support,,contra,contra,"Uniformele școlare pot fi urâte și/sau nemăgulitoare, iar nevoia de a purta ceva neatractiv sau nemăgulitor nu este bună pentru imaginea de sine a elevilor.","Dar, conform rapoartelor publicate, unii studenți nu au fost la fel de receptivi la idee; un elev de liceu a spus că o politică obligatorie privind uniforma școlară ar fi „îngrozitoare” și ar cauza doar mai multe probleme."
420,437,school uniforms,0.7258439064025879,support,,contra,contra,"Uniformele școlare pot fi urâte și/sau nemăgulitoare, iar nevoia de a purta ceva neatractiv sau nemăgulitor nu este bună pentru imaginea de sine a elevilor.","În plus, oponenții susțin că uniformele ar putea să nu fie confortabile pentru toți elevii, ceea ce va limita învățarea, deoarece studenții își fac griji pentru aspectul lor."
422,477,school uniforms,0.6934027671813965,support,,contra,contra,Costul uniformei înseamnă adesea că părinților le displace și poate duce la o relație proastă între ei și școală.,Unele familii se plâng de povara financiară a achiziționării de uniforme pe lângă alte haine ale copiilor lor.
422,429,school uniforms,0.6894543170928955,support,,contra,contra,Costul uniformei înseamnă adesea că părinților le displace și poate duce la o relație proastă între ei și școală.,"Chiar și cu aceste statistici convingătoare, totuși, există și alte statistici care susțin că uniformele nu sunt atât de benefice pe cât sunt încurajați să creadă administratorii școlii și părinții."
426,475,school uniforms,0.7720937728881836,support,,contra,contra,Costul ridicat este un alt motiv pentru care uniformele ar trebui interzise.,"În ceea ce privește utilizarea, uniformele se dovedesc a fi inconfortabile și costisitoare."
417,426,school uniforms,0.6967618465423584,support,,contra,contra,"Pur și simplu, uniformele sunt în general antipatice!",Costul ridicat este un alt motiv pentru care uniformele ar trebui interzise.
426,490,school uniforms,0.6955219507217407,support,,contra,contra,Costul ridicat este un alt motiv pentru care uniformele ar trebui interzise.,"Deși nu este evident, uniformele alimentează interese comerciale răutăcioase și ar trebui oprite înainte de a se pierde mai mulți bani irositi."
428,450,school uniforms,0.7395564317703247,support,,contra,contra,"Dacă copiii vor să agreseze un coleg de clasă, o vor face, indiferent ce poartă el.","Aceiași copii vor fi hărțuiți, indiferent dacă școala are uniforme sau nu."
428,476,school uniforms,0.6593189239501953,support,,contra,contra,"Dacă copiii vor să agreseze un coleg de clasă, o vor face, indiferent ce poartă el.","Uniformele școlare nu reduc hărțuirea - Indiferent în ce îmbrăcați elevii, ei vor găsi întotdeauna o modalitate de a judeca colegii lor."
429,489,school uniforms,0.7653998136520386,support,,contra,contra,"Chiar și cu aceste statistici convingătoare, totuși, există și alte statistici care susțin că uniformele nu sunt atât de benefice pe cât sunt încurajați să creadă administratorii școlii și părinții.",O carte din 2004 susține că uniformele nu îmbunătățesc siguranța școlii sau disciplina academică.
429,441,school uniforms,0.743471622467041,support,,contra,contra,"Chiar și cu aceste statistici convingătoare, totuși, există și alte statistici care susțin că uniformele nu sunt atât de benefice pe cât sunt încurajați să creadă administratorii școlii și părinții.","Din nou, dacă era nevoie de mai multă disciplină, cum beneficiază uniformele școlare?"
429,480,school uniforms,0.7423139810562134,support,,contra,contra,"Chiar și cu aceste statistici convingătoare, totuși, există și alte statistici care susțin că uniformele nu sunt atât de benefice pe cât sunt încurajați să creadă administratorii școlii și părinții.","Dar, conform rapoartelor publicate, unii studenți nu au fost la fel de receptivi la idee; un elev de liceu a spus că o politică obligatorie privind uniforma școlară ar fi „îngrozitoare” și ar cauza doar mai multe probleme."
430,437,school uniforms,0.6579806804656982,support,,contra,contra,"Multe fete, de exemplu, nu le place să poarte fuste sau rochii, ceea ce necesită majoritatea uniformelor fetelor.","În plus, oponenții susțin că uniformele ar putea să nu fie confortabile pentru toți elevii, ceea ce va limita învățarea, deoarece studenții își fac griji pentru aspectul lor."
420,430,school uniforms,0.6571476459503174,support,,contra,contra,"Uniformele școlare pot fi urâte și/sau nemăgulitoare, iar nevoia de a purta ceva neatractiv sau nemăgulitor nu este bună pentru imaginea de sine a elevilor.","Multe fete, de exemplu, nu le place să poarte fuste sau rochii, ceea ce necesită majoritatea uniformelor fetelor."
367,431,school uniforms,0.7286184430122375,attack,,pro,contra,"Ideea unei uniforme școlare este ca elevii să poarte uniforma la școală, dar să nu poarte uniforma, să zicem, la o discotecă sau la alte evenimente în afara școlii.","Uniformele pot lucra pentru ofițeri de poliție, soldați și neo-naziști, dar nu au loc în școli."
432,471,school uniforms,0.7709195017814636,support,,contra,contra,"Concluzia lor a fost: „Utilizarea uniformelor elevilor nu a fost corelată semnificativ cu niciuna dintre variabilele angajamentului școlar, cum ar fi absenteismul, comportamentul sau consumul de substanțe (droguri).","Din rezultate, cercetătorii au putut concluziona că studenții care purtau uniforme nu au avut nicio diferență semnificativă în pregătirea academică sau atitudinile proșcolare decât alți studenți."
432,491,school uniforms,0.7530096173286438,support,,contra,contra,"Concluzia lor a fost: „Utilizarea uniformelor elevilor nu a fost corelată semnificativ cu niciuna dintre variabilele angajamentului școlar, cum ar fi absenteismul, comportamentul sau consumul de substanțe (droguri).",Brunsma a concluzionat că nu există o corelație pozitivă între uniforme și siguranța școlară sau performanța școlară.
432,445,school uniforms,0.7011736631393433,support,,contra,contra,"Concluzia lor a fost: „Utilizarea uniformelor elevilor nu a fost corelată semnificativ cu niciuna dintre variabilele angajamentului școlar, cum ar fi absenteismul, comportamentul sau consumul de substanțe (droguri).","Studiul de la Universitatea Notre Dame infirmă, de asemenea, afirmațiile conform cărora uniformele îmbunătățesc disciplina: „Descoperirile noastre indică faptul că uniformele studenților nu au niciun efect direct asupra... problemelor de comportament” (Brunsma și Rockquemore 1)."
435,441,school uniforms,0.7392151355743408,support,,contra,contra,"Dacă siguranța a fost într-adevăr o problemă importantă, atunci de ce profesorii, personalul de întreținere și părinții vizitatori nu sunt obligați să poarte uniform uniformă școlară?","Din nou, dacă era nevoie de mai multă disciplină, cum beneficiază uniformele școlare?"
435,489,school uniforms,0.7226399183273315,support,,contra,contra,"Dacă siguranța a fost într-adevăr o problemă importantă, atunci de ce profesorii, personalul de întreținere și părinții vizitatori nu sunt obligați să poarte uniform uniformă școlară?",O carte din 2004 susține că uniformele nu îmbunătățesc siguranța școlii sau disciplina academică.
435,480,school uniforms,0.7012502551078796,support,,contra,contra,"Dacă siguranța a fost într-adevăr o problemă importantă, atunci de ce profesorii, personalul de întreținere și părinții vizitatori nu sunt obligați să poarte uniform uniformă școlară?","Dar, conform rapoartelor publicate, unii studenți nu au fost la fel de receptivi la idee; un elev de liceu a spus că o politică obligatorie privind uniforma școlară ar fi „îngrozitoare” și ar cauza doar mai multe probleme."
436,437,school uniforms,0.7622890472412109,support,,contra,contra,"În loc să te ajute, uniforma ta poate chiar să te împiedice să înveți.","În plus, oponenții susțin că uniformele ar putea să nu fie confortabile pentru toți elevii, ceea ce va limita învățarea, deoarece studenții își fac griji pentru aspectul lor."
436,458,school uniforms,0.6804271340370178,support,,contra,contra,"În loc să te ajute, uniforma ta poate chiar să te împiedice să înveți.",Este evident că sunt multe lucruri pe care le poți spune împotriva uniformelor școlare .
417,436,school uniforms,0.6583460569381714,support,,contra,contra,"Pur și simplu, uniformele sunt în general antipatice!","În loc să te ajute, uniforma ta poate chiar să te împiedice să înveți."
437,480,school uniforms,0.7789052724838257,support,,contra,contra,"În plus, oponenții susțin că uniformele ar putea să nu fie confortabile pentru toți elevii, ceea ce va limita învățarea, deoarece studenții își fac griji pentru aspectul lor.","Dar, conform rapoartelor publicate, unii studenți nu au fost la fel de receptivi la idee; un elev de liceu a spus că o politică obligatorie privind uniforma școlară ar fi „îngrozitoare” și ar cauza doar mai multe probleme."
437,489,school uniforms,0.7345120310783386,support,,contra,contra,"În plus, oponenții susțin că uniformele ar putea să nu fie confortabile pentru toți elevii, ceea ce va limita învățarea, deoarece studenții își fac griji pentru aspectul lor.",O carte din 2004 susține că uniformele nu îmbunătățesc siguranța școlii sau disciplina academică.
439,457,school uniforms,0.6933853626251221,support,,contra,contra,"Uniformele fac parte dintr-o mentalitate care nu protejează copiii, dar care îi face pe copii predispuși să fie abuzați.","Cred că nu ar trebui să mai purtăm uniforme, copiii nu au libertatea de a purta ceea ce își doresc și uniformele costă uneori mai mult decât ceea ce vor familiile să plătească doar o uniformă!"
439,450,school uniforms,0.6844266653060913,support,,contra,contra,"Uniformele fac parte dintr-o mentalitate care nu protejează copiii, dar care îi face pe copii predispuși să fie abuzați.","Aceiași copii vor fi hărțuiți, indiferent dacă școala are uniforme sau nu."
439,493,school uniforms,0.6760196685791016,support,,contra,contra,"Uniformele fac parte dintr-o mentalitate care nu protejează copiii, dar care îi face pe copii predispuși să fie abuzați.",Uniformele școlare de astăzi par mai degrabă o măsură punitivă menită să le refuze elevilor dreptul la libertatea de exprimare și la individualitate.
440,477,school uniforms,0.7131792902946472,support,,contra,contra,Uniformele pot fi mai scumpe pentru o familie care cumpără din magazinele second-hand sau care se bazează pe haine de la prieteni și familie .,Unele familii se plâng de povara financiară a achiziționării de uniforme pe lângă alte haine ale copiilor lor.
440,446,school uniforms,0.6824524402618408,support,,contra,contra,Uniformele pot fi mai scumpe pentru o familie care cumpără din magazinele second-hand sau care se bazează pe haine de la prieteni și familie .,S-ar putea să ajungă să poarte încă haine de la frații mai mari sau haine decolorate de la magazinul de caritate.
384,441,school uniforms,0.751645565032959,attack,,pro,contra,"Ei cred că elevii se simt mai profesioniști și simt că aparțin ceva atunci când poartă uniforme școlare, încurajându-i ca urmare să se comporte în consecință.","Din nou, dacă era nevoie de mai multă disciplină, cum beneficiază uniformele școlare?"
367,442,school uniforms,0.7143717408180237,attack,,pro,contra,"Ideea unei uniforme școlare este ca elevii să poarte uniforma la școală, dar să nu poarte uniforma, să zicem, la o discotecă sau la alte evenimente în afara școlii.",Unele uniforme sunt confecționate din țesături neplăcute care te vor face să te mâncărimi de la prima clasă la ultima clasă.
442,458,school uniforms,0.6841713190078735,support,,contra,contra,Unele uniforme sunt confecționate din țesături neplăcute care te vor face să te mâncărimi de la prima clasă la ultima clasă.,Este evident că sunt multe lucruri pe care le poți spune împotriva uniformelor școlare .
419,442,school uniforms,0.6838333606719971,support,,contra,contra,"Dacă te gândești la când erai copil, îți vei aminti că cei mai mulți dintre noi uram să purtăm uniforma școlară.",Unele uniforme sunt confecționate din țesături neplăcute care te vor face să te mâncărimi de la prima clasă la ultima clasă.
429,443,school uniforms,0.717815637588501,support,,contra,contra,"Chiar și cu aceste statistici convingătoare, totuși, există și alte statistici care susțin că uniformele nu sunt atât de benefice pe cât sunt încurajați să creadă administratorii școlii și părinții.","În ciuda afirmațiilor susținute de susținători că uniformele îmbunătățesc performanța academică, nu există date empirice care să valideze aceste afirmații."
444,493,school uniforms,0.6785850524902344,support,,contra,contra,"Ei au mers chiar până la a invocă o încălcare a libertăţii religioase , susţinând că renunţarea la uniforme pe motive de religie a permis şcolii să ierarhească validitatea anumitor religii .",Uniformele școlare de astăzi par mai degrabă o măsură punitivă menită să le refuze elevilor dreptul la libertatea de exprimare și la individualitate.
445,471,school uniforms,0.7119172811508179,support,,contra,contra,"Studiul de la Universitatea Notre Dame infirmă, de asemenea, afirmațiile conform cărora uniformele îmbunătățesc disciplina: „Descoperirile noastre indică faptul că uniformele studenților nu au niciun efect direct asupra... problemelor de comportament” (Brunsma și Rockquemore 1).","Din rezultate, cercetătorii au putut concluziona că studenții care purtau uniforme nu au avut nicio diferență semnificativă în pregătirea academică sau atitudinile proșcolare decât alți studenți."
441,445,school uniforms,0.6984959840774536,support,,contra,contra,"Din nou, dacă era nevoie de mai multă disciplină, cum beneficiază uniformele școlare?","Studiul de la Universitatea Notre Dame infirmă, de asemenea, afirmațiile conform cărora uniformele îmbunătățesc disciplina: „Descoperirile noastre indică faptul că uniformele studenților nu au niciun efect direct asupra... problemelor de comportament” (Brunsma și Rockquemore 1)."
450,476,school uniforms,0.7185134291648865,support,,contra,contra,"Aceiași copii vor fi hărțuiți, indiferent dacă școala are uniforme sau nu.","Uniformele școlare nu reduc hărțuirea - Indiferent în ce îmbrăcați elevii, ei vor găsi întotdeauna o modalitate de a judeca colegii lor."
450,492,school uniforms,0.7154930830001831,support,,contra,contra,"Aceiași copii vor fi hărțuiți, indiferent dacă școala are uniforme sau nu.","Școlile petrec atât de mult timp încercând să-și țină elevii sub control, încât ajung să zdrobească scânteile cu care s-au născut unii dintre acești copii... Uniformele pun în pericol capacitatea tinerilor Americii de a se exprima, de a deveni oamenii care își doresc să fie."
429,451,school uniforms,0.6795351505279541,support,,contra,contra,"Chiar și cu aceste statistici convingătoare, totuși, există și alte statistici care susțin că uniformele nu sunt atât de benefice pe cât sunt încurajați să creadă administratorii școlii și părinții.","În timp ce rapoartele pozitive care apar din unele districte școlare cu politici uniforme par să acorde credibilitate acestei poziții, la o examinare mai atentă, încep să apară defecte."
454,466,school uniforms,0.7999887466430664,support,,contra,contra,"Apoi copilul dumneavoastră vă spune că hainele pe care le-ați cumpărat pentru școală, urmând instrucțiunile Codului de conduită al școlii, au fost considerate inacceptabile de către director și a fost forțat, sub amenințarea cu pedeapsa, să se schimbe în îmbrăcăminte împrumutată și aprobată.","Vi se spune că va trebui să cumpărați mai multe haine care sunt considerate acceptabile de către director, altfel copilul dumneavoastră va fi pedepsit și va fi refuzat o educație."
455,475,school uniforms,0.6857269406318665,support,,contra,contra,"În al doilea rând, uniformele pot fi dăunătoare dezvoltării adulților.","În ceea ce privește utilizarea, uniformele se dovedesc a fi inconfortabile și costisitoare."
429,455,school uniforms,0.6852352619171143,support,,contra,contra,"Chiar și cu aceste statistici convingătoare, totuși, există și alte statistici care susțin că uniformele nu sunt atât de benefice pe cât sunt încurajați să creadă administratorii școlii și părinții.","În al doilea rând, uniformele pot fi dăunătoare dezvoltării adulților."
360,455,school uniforms,0.6830474734306335,attack,,pro,contra,"Menționați cum purtarea uniformei poate influența dezvoltarea personalității elevilor, insuflându-le dorința de a arăta îngrijit, de a-și dezvolta abilitățile de lucru etc.","În al doilea rând, uniformele pot fi dăunătoare dezvoltării adulților."
419,457,school uniforms,0.7038487792015076,support,,contra,contra,"Dacă te gândești la când erai copil, îți vei aminti că cei mai mulți dintre noi uram să purtăm uniforma școlară.","Cred că nu ar trebui să mai purtăm uniforme, copiii nu au libertatea de a purta ceea ce își doresc și uniformele costă uneori mai mult decât ceea ce vor familiile să plătească doar o uniformă!"
435,457,school uniforms,0.6999295949935913,support,,contra,contra,"Dacă siguranța a fost într-adevăr o problemă importantă, atunci de ce profesorii, personalul de întreținere și părinții vizitatori nu sunt obligați să poarte uniform uniformă școlară?","Cred că nu ar trebui să mai purtăm uniforme, copiii nu au libertatea de a purta ceea ce își doresc și uniformele costă uneori mai mult decât ceea ce vor familiile să plătească doar o uniformă!"
367,458,school uniforms,0.7262289524078369,attack,,pro,contra,"Ideea unei uniforme școlare este ca elevii să poarte uniforma la școală, dar să nu poarte uniforma, să zicem, la o discotecă sau la alte evenimente în afara școlii.",Este evident că sunt multe lucruri pe care le poți spune împotriva uniformelor școlare .
437,458,school uniforms,0.7204042077064514,support,,contra,contra,"În plus, oponenții susțin că uniformele ar putea să nu fie confortabile pentru toți elevii, ceea ce va limita învățarea, deoarece studenții își fac griji pentru aspectul lor.",Este evident că sunt multe lucruri pe care le poți spune împotriva uniformelor școlare .
458,493,school uniforms,0.7163378596305847,support,,contra,contra,Este evident că sunt multe lucruri pe care le poți spune împotriva uniformelor școlare .,Uniformele școlare de astăzi par mai degrabă o măsură punitivă menită să le refuze elevilor dreptul la libertatea de exprimare și la individualitate.
467,489,school uniforms,0.7387806177139282,support,,contra,contra,Uniformele nu sunt o soluție „glonț de argint” pentru eforturile de îmbunătățire a școlii.,O carte din 2004 susține că uniformele nu îmbunătățesc siguranța școlii sau disciplina academică.
429,467,school uniforms,0.7179703116416931,support,,contra,contra,"Chiar și cu aceste statistici convingătoare, totuși, există și alte statistici care susțin că uniformele nu sunt atât de benefice pe cât sunt încurajați să creadă administratorii școlii și părinții.",Uniformele nu sunt o soluție „glonț de argint” pentru eforturile de îmbunătățire a școlii.
420,467,school uniforms,0.7002021074295044,support,,contra,contra,"Uniformele școlare pot fi urâte și/sau nemăgulitoare, iar nevoia de a purta ceva neatractiv sau nemăgulitor nu este bună pentru imaginea de sine a elevilor.",Uniformele nu sunt o soluție „glonț de argint” pentru eforturile de îmbunătățire a școlii.
468,493,school uniforms,0.7363831996917725,support,,contra,contra,A face pe toți să poarte aceeași uniformă școlară încalcă (contra) drepturile noastre și este o abuz de autoritate.,Uniformele școlare de astăzi par mai degrabă o măsură punitivă menită să le refuze elevilor dreptul la libertatea de exprimare și la individualitate.
450,468,school uniforms,0.6883971691131592,support,,contra,contra,"Aceiași copii vor fi hărțuiți, indiferent dacă școala are uniforme sau nu.",A face pe toți să poarte aceeași uniformă școlară încalcă (contra) drepturile noastre și este o abuz de autoritate.
468,492,school uniforms,0.6705776453018188,support,,contra,contra,A face pe toți să poarte aceeași uniformă școlară încalcă (contra) drepturile noastre și este o abuz de autoritate.,"Școlile petrec atât de mult timp încercând să-și țină elevii sub control, încât ajung să zdrobească scânteile cu care s-au născut unii dintre acești copii... Uniformele pun în pericol capacitatea tinerilor Americii de a se exprima, de a deveni oamenii care își doresc să fie."
471,491,school uniforms,0.6791266202926636,support,,contra,contra,"Din rezultate, cercetătorii au putut concluziona că studenții care purtau uniforme nu au avut nicio diferență semnificativă în pregătirea academică sau atitudinile proșcolare decât alți studenți.",Brunsma a concluzionat că nu există o corelație pozitivă între uniforme și siguranța școlară sau performanța școlară.
417,475,school uniforms,0.6875205636024475,support,,contra,contra,"Pur și simplu, uniformele sunt în general antipatice!","În ceea ce privește utilizarea, uniformele se dovedesc a fi inconfortabile și costisitoare."
384,476,school uniforms,0.6728255748748779,attack,,pro,contra,"Ei cred că elevii se simt mai profesioniști și simt că aparțin ceva atunci când poartă uniforme școlare, încurajându-i ca urmare să se comporte în consecință.","Uniformele școlare nu reduc hărțuirea - Indiferent în ce îmbrăcați elevii, ei vor găsi întotdeauna o modalitate de a judeca colegii lor."
457,477,school uniforms,0.679415225982666,support,,contra,contra,"Cred că nu ar trebui să mai purtăm uniforme, copiii nu au libertatea de a purta ceea ce își doresc și uniformele costă uneori mai mult decât ceea ce vor familiile să plătească doar o uniformă!",Unele familii se plâng de povara financiară a achiziționării de uniforme pe lângă alte haine ale copiilor lor.
478,492,school uniforms,0.6736706495285034,support,,contra,contra,"Copiii vor fi copii și, sincer, este nevoie de mai mult decât de a stipula nuanța potrivită de cămașă albastră pentru a eradica intimidarea din școli.","Școlile petrec atât de mult timp încercând să-și țină elevii sub control, încât ajung să zdrobească scânteile cu care s-au născut unii dintre acești copii... Uniformele pun în pericol capacitatea tinerilor Americii de a se exprima, de a deveni oamenii care își doresc să fie."
450,478,school uniforms,0.668529212474823,support,,contra,contra,"Aceiași copii vor fi hărțuiți, indiferent dacă școala are uniforme sau nu.","Copiii vor fi copii și, sincer, este nevoie de mai mult decât de a stipula nuanța potrivită de cămașă albastră pentru a eradica intimidarea din școli."
480,482,school uniforms,0.7390305995941162,support,,contra,contra,"Dar, conform rapoartelor publicate, unii studenți nu au fost la fel de receptivi la idee; un elev de liceu a spus că o politică obligatorie privind uniforma școlară ar fi „îngrozitoare” și ar cauza doar mai multe probleme.","Examinați un argument care se presupune că a favorizat mai îndeaproape uniformele școlare și fie nu are sens, fie se transformă într-un argument împotriva uniformelor școlare."
441,482,school uniforms,0.7272630929946899,support,,contra,contra,"Din nou, dacă era nevoie de mai multă disciplină, cum beneficiază uniformele școlare?","Examinați un argument care se presupune că a favorizat mai îndeaproape uniformele școlare și fie nu are sens, fie se transformă într-un argument împotriva uniformelor școlare."
437,482,school uniforms,0.7015026807785034,support,,contra,contra,"În plus, oponenții susțin că uniformele ar putea să nu fie confortabile pentru toți elevii, ceea ce va limita învățarea, deoarece studenții își fac griji pentru aspectul lor.","Examinați un argument care se presupune că a favorizat mai îndeaproape uniformele școlare și fie nu are sens, fie se transformă într-un argument împotriva uniformelor școlare."
417,490,school uniforms,0.6804746985435486,support,,contra,contra,"Pur și simplu, uniformele sunt în general antipatice!","Deși nu este evident, uniformele alimentează interese comerciale răutăcioase și ar trebui oprite înainte de a se pierde mai mulți bani irositi."
475,490,school uniforms,0.6713821887969971,support,,contra,contra,"În ceea ce privește utilizarea, uniformele se dovedesc a fi inconfortabile și costisitoare.","Deși nu este evident, uniformele alimentează interese comerciale răutăcioase și ar trebui oprite înainte de a se pierde mai mulți bani irositi."
489,491,school uniforms,0.7233849167823792,support,,contra,contra,O carte din 2004 susține că uniformele nu îmbunătățesc siguranța școlii sau disciplina academică.,Brunsma a concluzionat că nu există o corelație pozitivă între uniforme și siguranța școlară sau performanța școlară.
492,493,school uniforms,0.7341681122779846,support,,contra,contra,"Școlile petrec atât de mult timp încercând să-și țină elevii sub control, încât ajung să zdrobească scânteile cu care s-au născut unii dintre acești copii... Uniformele pun în pericol capacitatea tinerilor Americii de a se exprima, de a deveni oamenii care își doresc să fie.",Uniformele școlare de astăzi par mai degrabă o măsură punitivă menită să le refuze elevilor dreptul la libertatea de exprimare și la individualitate.
492,494,school uniforms,0.6887391209602356,support,,contra,contra,"Școlile petrec atât de mult timp încercând să-și țină elevii sub control, încât ajung să zdrobească scânteile cu care s-au născut unii dintre acești copii... Uniformele pun în pericol capacitatea tinerilor Americii de a se exprima, de a deveni oamenii care își doresc să fie.",Uniformele școlare din școlile publice subminează promisiunea unei educații gratuite prin impunerea unei cheltuieli suplimentare familiilor.
