topic,sentence_en,sentence_ro,annotation,set
nuclear energy,And it costs the federal government NOTHING more than backing the loans .,Și nu costă guvernul federal NIMIC mai mult decât susținerea împrumuturilor.,Argument_for,train
nuclear energy,"In addition , nuclear power takes up much less real estate to generate the same amount of power that wind or solar would .","În plus, energia nucleară ocupă mult mai puțin spațiu pentru a genera aceeași cantitate de energie pe care o ar face eolianul sau solarul.",Argument_for,train
nuclear energy,"Roughly 100 nuclear power plants are now operating in the United States , supplying about one-fifth of the nation 's electricity .","Aproximativ 100 de centrale nucleare funcționează acum în Statele Unite, furnizând aproximativ o cincime din energia electrică a națiunii.",Argument_for,train
nuclear energy,This is one reason why regulators in New York recently adopted a Clean Energy Standard that will provide significant yearly subsidies through 2029 to keep several existing reactors operating .,Acesta este unul dintre motivele pentru care autoritățile de reglementare din New York au adoptat recent un standard pentru energie curată care va oferi subvenții anuale semnificative până în 2029 pentru a menține în funcțiune mai multe reactoare existente.,Argument_for,train
nuclear energy,""" The more technology is available and the more different opportunities you have for reducing emissions , the less costly those pathways [ to 2 C ] tend to be , "" he said .","„Cu cât este disponibilă mai multă tehnologie și cu cât aveți mai multe oportunități diferite pentru reducerea emisiilor, cu atât aceste căi tind să fie mai puțin costisitoare”, a spus el.",Argument_for,train
nuclear energy,The additional contribution from all man-made sources of radiation is much smaller .,Contribuția suplimentară a tuturor surselor de radiații create de om este mult mai mică.,Argument_for,train
nuclear energy,"Of course it is possible that each system in this series of back-ups might fail one after the other , but the probability for that is exceedingly small .","Desigur, este posibil ca fiecare sistem din această serie de backup-uri să eșueze unul după altul, dar probabilitatea pentru aceasta este extrem de mică.",Argument_for,train
nuclear energy,"And it is incorrect to call it waste , because 95 percent of the potential energy is still contained in the used fuel after the first cycle .","Și este incorect să-i spunem deșeuri, deoarece 95% din energia potențială este încă conținută în combustibilul uzat după primul ciclu.",Argument_for,train
nuclear energy,"And nuclear energy has lower greenhouse gas emissions than other power sources , especially coal , so it is considered a clean provider of electricity .","Iar energia nucleară are emisii mai mici de gaze cu efect de seră decât alte surse de energie, în special cărbunele, deci este considerată un furnizor curat de energie electrică.",Argument_for,train
nuclear energy,"Additionally , nuclear power is a technology-intensive industry in which the United States has traditionally led the world .","În plus, energia nucleară este o industrie tehnologică intensivă în care Statele Unite au condus în mod tradițional lumea.",Argument_for,train
nuclear energy,All of these sources combined only supplied 1.3 % of global energy in 2013 as 8 billion tonnes of coal was burned annually .,"Toate aceste surse combinate au furnizat doar 1,3% din energia globală în 2013, deoarece 8 miliarde de tone de cărbune erau arse anual.",Argument_for,train
nuclear energy,Widespread commercial take up is severely limited due to popular misconceptions about the dangers of nuclear power .,Abordarea comercială pe scară largă este sever limitată din cauza concepțiilor greșite populare despre pericolele energiei nucleare.,Argument_for,train
nuclear energy,FS-MSRs operate with very low excess reactivity .,FS-MSR funcționează cu un exces de reactivitate foarte scăzut.,Argument_for,train
nuclear energy,""" The globe is going to be an increasingly high-energy planet ... and [ emerging markets ] are going to demand the same baseload energy that industrialized countries are used to . """,„Globul va fi o planetă din ce în ce mai bogată în energie... și [piețele emergente] vor cere aceeași energie de bază cu care sunt obișnuite țările industrializate.”,Argument_for,train
nuclear energy,"Organizations like the Sierra Club forcefully argue against the "" numerous issues "" that dog nuclear energy — despite the fact that , as backers point out , there has n't been an accident on U.S. soil since Three Mile Island 's meltdown in 1979 .","Organizații precum Sierra Club pledează cu forță împotriva „număroaselor probleme” care întâmpină energia nucleară – în ciuda faptului că, așa cum subliniază susținătorii, nu a existat niciun accident pe teritoriul SUA de la prăbușirea Three Mile Island în 1979.",Argument_for,train
nuclear energy,• A good wind project produces electricity only about 30 percent of the time .,Un proiect eolian bun produce energie electrică doar aproximativ 30 la sută din timp.,Argument_for,train
nuclear energy,It also helps people have more energy to power their homes .,"De asemenea, ajută oamenii să aibă mai multă energie pentru a-și alimenta casele.",Argument_for,train
nuclear energy,Proponents also believe that nuclear power is the only viable course to achieve energy independence for most Western countries .,"Susținătorii cred, de asemenea, că energia nucleară este singura cale viabilă pentru a obține independența energetică pentru majoritatea țărilor occidentale.",Argument_for,train
nuclear energy,"March 13 , 2009 : "" There is no such thing as nuclear waste .",13 martie 2009: „Nu există deşeuri nucleare”.,Argument_for,train
nuclear energy,"In so far as fossil fuels contribute to global warming and nuclear energy does not , therefore , fossil fuels are the real enemy of renewables .","În măsura în care combustibilii fosili contribuie la încălzirea globală, iar energia nucleară nu contribuie, prin urmare, combustibilii fosili sunt adevăratul inamic al surselor regenerabile.",Argument_for,train
nuclear energy,Nuclear Energy is the Most Certain Source .,Energia nucleară este sursa cea mai sigură.,Argument_for,train
nuclear energy,Nuclear energy is the primary alternative to dirty coal Patrick Moore .,Energia nucleară este alternativa principală la cărbunele murdar Patrick Moore.,Argument_for,train
nuclear energy,His figures show that nuclear energy is the only source that can challenge the climate-changing and environment-destroying fossil fuels for supremacy in providing the world ’s energy needs .,Cifrele sale arată că energia nucleară este singura sursă care poate provoca combustibilii fosili care schimbă climatul și distrug mediul pentru supremație în asigurarea nevoilor de energie ale lumii.,Argument_for,train
nuclear energy,"However , natural gas is still a carbon-emitting technology and contributes to climate change .","Cu toate acestea, gazele naturale sunt încă o tehnologie care emite carbon și contribuie la schimbările climatice.",Argument_for,train
nuclear energy,Nuclear power provides other benefits in addition to clean air .,Energia nucleară oferă alte beneficii pe lângă aerul curat.,Argument_for,train
nuclear energy,I stongly believe that Australia should use nuclear power .,Cred cu tărie că Australia ar trebui să folosească energia nucleară.,Argument_for,train
nuclear energy,"If nations meet their Paris pledges , called intended nationally determined contributions , or INDCs , and continue decarbonizing beyond 2030 at a rate of 5 percent , there is more than a 3-in-4 chance that a 4 C temperature rise could be avoided .","Dacă națiunile își îndeplinesc angajamentele de la Paris, numite contribuții stabilite la nivel național sau INDC, și continuă să se decarboneze după 2030 la o rată de 5%, există o șansă mai mare de 3 din 4 ca o creștere a temperaturii cu 4 C să poată fi evitată.",Argument_for,train
nuclear energy,"The authors also conclude that the emission of some 64 billion tonnes of carbon dioxide equivalent have been avoided by nuclear power between 1971 and 2009 , and that between 2010 and 2050 , nuclear could additionally avoid up to 80 to 240 billion tonnes .","Autorii concluzionează, de asemenea, că emisiile a aproximativ 64 de miliarde de tone echivalent dioxid de carbon au fost evitate de energia nucleară între 1971 și 2009 și că între 2010 și 2050, nuclearul ar putea evita suplimentar până la 80 până la 240 de miliarde de tone.",Argument_for,train
nuclear energy,"Fossil fuels , not nuclear , are the real enemies of renewables .","Combustibilii fosili, nu nucleare, sunt adevărații inamici ai surselor regenerabile.",Argument_for,train
nuclear energy,"In fact , a properly functioning nuclear power plant actually releases less radioactivity into the atmosphere than a coal-fired power plant [ source : Hvistendahl ] .","De fapt, o centrală nucleară care funcționează corect eliberează de fapt mai puțină radioactivitate în atmosferă decât o centrală pe cărbune.",Argument_for,train
nuclear energy,They support increased safety enforcement from the Nuclear Regulatory Commission among other steps to improve nuclear power .,"Aceștia sprijină aplicarea sporită a siguranței din partea Comisiei de Reglementare Nucleară, printre alți pași de îmbunătățire a energiei nucleare.",Argument_for,train
nuclear energy,"While we burn fossil fuels , use hydroelectric wind power , harness tidal and solar power , and look for other ways to meet our energy needs - we simply have to use nuclear energy as one method in achieving that .","În timp ce ardem combustibili fosili, folosim energia eoliană hidroelectrică, folosim energia mareelor ​​și solară și căutăm alte modalități de a ne satisface nevoile energetice - pur și simplu trebuie să folosim energia nucleară ca metodă pentru a realiza acest lucru.",Argument_for,train
nuclear energy,This enormous demand for new generating capacity must be met while also containing global warming and minimizing pollution and other environmental damage .,"Această cerere enormă pentru o nouă capacitate de generare trebuie să fie satisfăcută, în același timp, limitând încălzirea globală și minimizând poluarea și alte daune mediului.",Argument_for,train
nuclear energy,"Palo Alto , California ( CNN ) -- If our nation wants to reduce global warming , air pollution and energy instability , we should invest only in the best energy options .","Palo Alto, California (CNN) – Dacă națiunea noastră dorește să reducă încălzirea globală, poluarea aerului și instabilitatea energetică, ar trebui să investim doar în cele mai bune opțiuni energetice.",Argument_for,train
nuclear energy,"He said the costs of the transformation would be worth the benefits : 22 million net jobs , the costs of global warming , avoiding unstable energy prices and energy security .","El a spus că costurile transformării ar merita beneficiile: 22 de milioane de locuri de muncă nete, costurile încălzirii globale, evitarea prețurilor instabile la energie și securitatea energetică.",Argument_for,train
nuclear energy,"While it may be theoretically possible to stabilize the climate without nuclear power , in the real world there is no credible path to climate stabilization that does not include a substantial role for nuclear power .","Deși teoretic ar putea fi posibilă stabilizarea climei fără energie nucleară, în lumea reală nu există o cale credibilă către stabilizarea climei care să nu includă un rol substanțial pentru energia nucleară.",Argument_for,train
nuclear energy,"Mark Jacobson , a professor of civil and environmental engineering at Stanford University , is optimistic that the world can meet the 2 C target and , in fact , stabilize emissions at 350 ppm instead of the 450 ppm that the United Nations aspires to , using solely renewable energy .","Mark Jacobson, profesor de inginerie civilă și de mediu la Universitatea Stanford, este optimist că lumea poate îndeplini obiectivul de 2 C și, de fapt, poate stabiliza emisiile la 350 ppm în loc de 450 ppm la care aspiră Națiunile Unite, folosind exclusiv energie regenerabilă.",Argument_for,train
nuclear energy,It does not emit greenhouse gases and the waste can be disposed of easily .,"Nu emite gaze cu efect de seră, iar deșeurile pot fi eliminate cu ușurință.",Argument_for,train
nuclear energy,"Coal plants release more radioactivity into the environment than nuclear plants , through the release of thorium and uranium in coal ash .","Centralele pe cărbune eliberează mai multă radioactivitate în mediu decât centralele nucleare, prin eliberarea de toriu și uraniu în cenușa de cărbune.",Argument_for,train
nuclear energy,"To meet the short-term demand , the use of coal and other fossil fuels will increase .","Pentru a satisface cererea pe termen scurt, utilizarea cărbunelui și a altor combustibili fosili va crește.",Argument_for,train
nuclear energy,"Without batteries to store renewable energy over a span of months and not just days , the United States is not likely to achieve 100 percent renewable power in this century and will have to rely on either fossil fuels with carbon capture or nuclear power , Chu said , concluding that "" although nuclear power has a lot of bad things , it is carbon-free . ""","Fără baterii care să stocheze energia regenerabilă pe o perioadă de luni și nu doar zile, Statele Unite nu vor atinge 100% energie regenerabilă în acest secol și vor trebui să se bazeze fie pe combustibili fosili cu captarea carbonului, fie pe energia nucleară, a spus Chu, concluzionand că „deși energia nucleară are multe lucruri rele, este fără carbon”.",Argument_for,train
nuclear energy,"The authors arrived in part at their imaginary figure by attributing every death that occurred to the radiation from Chernobyl , as though suddenly all other causes of death stopped for the time being .","Autorii au ajuns parțial la figura lor imaginară atribuind fiecare deces care a avut loc radiației de la Cernobîl, ca și cum brusc toate celelalte cauze de deces s-ar fi oprit pentru moment.",Argument_for,train
nuclear energy,"Carbon emissions are among the chief cause of global climate change , according to the Environmental Protection Agency and a broad consensus of climate scientists .","Emisiile de carbon se numără printre principalele cauze ale schimbărilor climatice globale, potrivit Agenției pentru Protecția Mediului și un consens larg al cercetătorilor climatici.",Argument_for,train
nuclear energy,Nuclear plants also are safe for workers .,"Centralele nucleare sunt, de asemenea, sigure pentru muncitori.",Argument_for,train
nuclear energy,Firstly If Australia does not use nuclear energy Australia would let off greenhouse gasses .,"În primul rând, dacă Australia nu utilizează energia nucleară, Australia ar elibera gaze cu efect de seră.",Argument_for,train
nuclear energy,"Nuclear fusion is a reality , we have observed it in the universe yet building a reactor capable of producing and containing it is still decades away - some say it will not arrive until the middle of this century at the very earliest ( 17 , p7-8 ) .","Fuziunea nucleară este o realitate, am observat-o în univers, dar construirea unui reactor capabil să o producă și să o conțină este încă la câteva decenii - unii spun că nu va ajunge până la mijlocul acestui secol cel mai devreme (17, p7-8).",Argument_for,train
nuclear energy,"If these plants are shuttered , their output will be replaced in many cases by natural gas generation , which will increase greenhouse gas emissions , as has occurred after recent nuclear plant closures in Vermont and Wisconsin .","Dacă aceste centrale sunt închise, producția lor va fi înlocuită în multe cazuri cu generarea de gaze naturale, ceea ce va crește emisiile de gaze cu efect de seră, așa cum sa întâmplat după închiderile recente ale centralelor nucleare din Vermont și Wisconsin.",Argument_for,train
nuclear energy,New nuclear reprocessing systems reduce risks of weapons-use Reprocessing systems can be designed to make it more difficult to re-direct nuclear fuel into weapons-grade nuclear materials .,Noile sisteme de reprocesare nucleară reduc riscurile de utilizare a armelor Sistemele de reprocesare pot fi proiectate pentru a face mai dificilă redirecționarea combustibilului nuclear în materiale nucleare de calitate pentru arme.,Argument_for,train
nuclear energy,"Nevertheless , all this means is that we have to remain open to future replacements of theoretical positions , but holding such positions , even if temporarily , is necessary for us to be able to operate in the real world .","Totuşi, toate acestea înseamnă că trebuie să rămânem deschişi la înlocuirile viitoare de posturi teoretice, dar ocuparea unor astfel de posturi, chiar dacă temporar, este necesară pentru a putea opera în lumea reală.",Argument_for,train
nuclear energy,"This tech is already proven to be safe and controllable , well beyond that of other nuclear .","Această tehnologie sa dovedit deja a fi sigură și controlabilă, cu mult peste cea a altor nucleare.",Argument_for,train
nuclear energy,"Construction cost overruns notwithstanding , most nuclear power plants produce electricity at competitive costs .","În ciuda depășirii costurilor de construcție, majoritatea centralelor nucleare produc energie electrică la costuri competitive.",Argument_for,train
nuclear energy,"If the Fukushima reactors were automatically flooded as soon as the earthquake was detected , not manually and only several hours after the tsunami hit , there would have been no accident .","Dacă reactoarele de la Fukushima ar fi fost inundate automat imediat ce cutremurul a fost detectat, nu manual și doar la câteva ore după lovirea tsunami-ului, nu ar fi existat niciun accident.",Argument_for,train
nuclear energy,"Fossil fuels receive large direct and indirect subsidies , such as tax benefits and not having to pay for the greenhouse gases they emit .","Combustibilii fosili primesc mari subvenții directe și indirecte, cum ar fi beneficii fiscale și nu trebuie să plătească pentru gazele cu efect de seră pe care le emit.",Argument_for,train
nuclear energy,"Though dwindling fossil fuels were not an issue in the 1950 's when the first commercial nuclear power stations opened ( 2 ) around the world , it was clear there was a potential for efficient generation of cleaner power that could easily accommodate the growing demands of the future .","Deși scăderea combustibililor fosili nu a fost o problemă în anii 1950 când s-au deschis primele centrale nucleare comerciale (2) în întreaga lume, era clar că există un potențial de generare eficientă a energiei mai curate, care ar putea face față cu ușurință cerințelor tot mai mari ale viitorului.",Argument_for,train
nuclear energy,"Both nuclear and renewables are clean , noncarbon electricity generators that should be supported , but the vision that renewables alone can do the job in the next few decades is wishful thinking .","Atât energia nucleară, cât și cea regenerabilă sunt generatoare de energie electrică curată, fără emisii de carbon, care ar trebui sprijinite, dar viziunea conform căreia sursele regenerabile singure pot face treaba în următoarele câteva decenii este o iluzie.",Argument_for,train
nuclear energy,It does not make greenhouse gases so it is a good switch over .,"Nu produce gaze cu efect de seră, deci este o schimbare bună.",Argument_for,train
nuclear energy,"We see this in stars ( 17 , p1 ) at present and the possibility of a limitless almost cost-free fuel supply is a veritable holy grail for our existing and growing power needs .","Vedem acest lucru în stele ( 17 , p1 ) în prezent și posibilitatea unei aprovizionări nelimitate cu combustibil aproape fără costuri este un adevărat Sfânt Graal pentru nevoile noastre de energie existente și în creștere.",Argument_for,val
nuclear energy,Nuclear power plants do not produce greenhouse gases as do those powered by coal or natural gas .,Centralele nucleare nu produc gaze cu efect de seră la fel ca cele alimentate cu cărbune sau gaze naturale.,Argument_for,val
nuclear energy,“ The proposal to streamline the licensing process would accelarate the development of nuclear power of it is approved by Congress . ”,„Propunerea de simplificare a procesului de acordare a licențelor ar accelera dezvoltarea energiei nucleare este aprobată de Congres.”,Argument_for,val
nuclear energy,"Nuclear power , by virtue of its large size , centralised production of electricity and dependence on experts , was suitable for control by state bureaucracies .","Energia nucleară, în virtutea dimensiunii sale mari, a producției centralizate de energie electrică și a dependenței de experți, era potrivită pentru control de către birocrațiile de stat.",Argument_for,val
nuclear energy,The nuclear industry is heavily regulated .,Industria nucleară este puternic reglementată.,Argument_for,val
nuclear energy,"[ ... ] On 18 September , the DOE announced that its Next Generation Nuclear Plant project will receive a $ 40 million boost in funding .","[…] La 18 septembrie, DOE a anunțat că proiectul său de centrală nucleară de generație următoare va primi o finanțare de 40 de milioane de dolari.",Argument_for,val
nuclear energy,Pros Nuclear power can generate a vast amount of energy without spewing out air pollution during operation .,Avantaje Energia nucleară poate genera o cantitate mare de energie fără a arunca poluarea aerului în timpul funcționării.,Argument_for,val
nuclear energy,"It would finally signal the end of our fossil fuel requirements and at the same time , reduce greenhouse gas emissions to a mere fraction of what they presently are ( 19 ) .","În cele din urmă, ar semnala sfârșitul cerințelor noastre de combustibili fosili și, în același timp, ar reduce emisiile de gaze cu efect de seră la o simplă fracțiune din ceea ce sunt în prezent (19).",Argument_for,val
nuclear energy,"January 8 , 2008 : "" Decommissioning nuclear plants also cost a lot of money .",8 ianuarie 2008 : „ Dezafectarea centralelor nucleare a costat o grămadă de bani .,Argument_for,val
nuclear energy,"And the next generation of nuclear reactors will be even cheaper , safer , and more environmentally benign .","Iar următoarea generație de reactoare nucleare va fi și mai ieftină, mai sigură și mai ecologică.",Argument_for,val
nuclear energy,"Nuclear proponents also argue that nuclear energy production is constant , unlike fickle winds and sunshine .","Susținătorii nucleari susțin, de asemenea, că producția de energie nucleară este constantă, spre deosebire de vânturile instabile și soarele.",Argument_for,val
nuclear energy,"If you bring in a talented marketing agency you could not only raise the awareness you could even make it sexy , then people will be demanding it .","Dacă aduceți o agenție de marketing talentată, nu numai că ați putea crește gradul de conștientizare și ați putea chiar să o faceți sexy, atunci oamenii o vor cere.",Argument_for,val
nuclear energy,"However when you look at the extensive list of pros you mentioned I think like you probably , wow why has n’t this process been studied and restudied over and over since the early 60 ’s .","Cu toate acestea, când te uiți la lista extinsă de profesioniști pe care ai menționat-o, cred ca probabil și tine, wow de ce acest proces nu a fost studiat și re-studiat din nou și din nou de la începutul anilor 60.",Argument_for,val
nuclear energy,Any such material is transported in containers designed to ensure safety in any circumstance .,Orice astfel de material este transportat în containere concepute pentru a asigura siguranța în orice circumstanță.,Argument_for,test
nuclear energy,"The cost of the uranium , which is utilized as a fuel in this process , is low .","Costul uraniului, care este folosit ca combustibil în acest proces, este scăzut.",Argument_for,test
nuclear energy,Good that greenpeace has no influence there to prevent the cleanest and safest energy of all .,Bine că greenpeace nu are nicio influență acolo pentru a preveni cea mai curată și mai sigură energie dintre toate.,Argument_for,test
nuclear energy,"So of course the first jets had construction mistakes and crashed , but we learned and build better jets .","Deci, desigur, primele avioane au avut greșeli de construcție și s-au prăbușit, dar am învățat și am construit avioane mai bune.",Argument_for,test
nuclear energy,"Hydro and liquefied gas are the greatest killers , even before coal , but do environmentalists care ?","Hidroul şi gazul lichefiat sunt cei mai mari ucigaşi, chiar înaintea cărbunelui, dar le pasă ecologiştilor?",Argument_for,test
nuclear energy,The extensive coverage of such accidents was distorted heavily by the mass media and distorted even further by the ignorant population that believed them .,Acoperirea extinsă a unor astfel de accidente a fost puternic distorsionată de mass-media și distorsionată și mai mult de către populația ignorantă care le-a crezut.,Argument_for,test
nuclear energy,What about all the CO2 emissions created by the manufacturing and assembling of wind farms or solar energy installations ?,Cum rămâne cu toate emisiile de CO2 create de fabricarea și asamblarea parcurilor eoliene sau a instalațiilor de energie solară?,Argument_for,test
nuclear energy,Safeguards would detect any diversion .,Măsurile de siguranță ar detecta orice deturnare .,Argument_for,test
nuclear energy,"Also , if we know how to control atomic fusion , the same reactions that fuel the sun , we can have almost unlimited energy .","De asemenea , dacă știm să controlăm fuziunea atomică , aceleași reacții care alimentează soarele , putem avea energie aproape nelimitată .",Argument_for,test
nuclear energy,"Wastes are contained and managed , not released .","Deșeurile sunt conținute și gestionate, nu eliberate.",Argument_for,test
nuclear energy,The amount of fuel required by nuclear power plant is comparatively less than what is required by other power plants as energy released by nuclear fission is approximately ten million times greater than the amount of energy released by fossil fuel atom .,"Cantitatea de combustibil necesară unei centrale nucleare este comparativ mai mică decât cea cerută de alte centrale electrice, deoarece energia eliberată de fisiunea nucleară este de aproximativ zece milioane de ori mai mare decât cantitatea de energie eliberată de atomul de combustibil fosil.",Argument_for,test
nuclear energy,"“ Target for terrorism ” That also applies to other things like hydro , but modern micro plants can be underground so that even an airplane crash would not harm the reactor .","„Țintă pentru terorism” Acest lucru se aplică și altor lucruri precum hidrocentralele, dar microcentralele moderne pot fi subterane, astfel încât nici măcar un accident de avion să nu dăuneze reactorului.",Argument_for,test
nuclear energy,"Because they know that if you recycle fuel rods , you dont have a waste problem and they lose an argument against nuclear .","Pentru că ei știu că, dacă reciclezi barele de combustibil, nu ai o problemă cu deșeurile și pierd argumentul împotriva nuclearului.",Argument_for,test
nuclear energy,This presents risks to the populations that exist on the route to these waste areas .,Acest lucru prezintă riscuri pentru populațiile care există pe traseul către aceste zone de deșeuri.,Argument_against,train
nuclear energy,"Despite assurances from U.S. politicians and the nuclear industry that a similar disaster “ could n’t happen here , ” the possibility of a nuclear accident in the United States is very real .","În ciuda asigurărilor din partea politicienilor americani și a industriei nucleare că un dezastru similar „nu s-ar putea întâmpla aici”, posibilitatea unui accident nuclear în Statele Unite este foarte reală.",Argument_against,train
nuclear energy,"They argue that when all the energy-intensive stages of the nuclear fuel chain are considered , from uranium mining to nuclear decommissioning , nuclear power is not a low-carbon electricity source .","Ei susțin că, atunci când sunt luate în considerare toate etapele consumatoare de energie ale lanțului de combustibil nuclear, de la extracția de uraniu până la dezafectarea nucleară, energia nucleară nu este o sursă de electricitate cu emisii scăzute de carbon.",Argument_against,train
nuclear energy,We should take a page from the playbook of the German antinuclear movement .,Ar trebui să luăm o pagină din manualul mișcării antinucleare germane .,Argument_against,train
nuclear energy,"If a containment field were to rupture suddenly , the resulting leak of radiation could be catastrophic .","Dacă un câmp de izolare s-ar rupe brusc, scurgerea de radiații rezultată ar putea fi catastrofală.",Argument_against,train
nuclear energy,"In 1991 , Iraq launched Scud missiles at Israel ’s Dimona nuclear power plant .","În 1991, Irakul a lansat rachete Scud la centrala nucleară Dimona din Israel.",Argument_against,train
nuclear energy,Technically less advanced countries with nuclear power stations increases the safety risks .,Țările mai puțin avansate din punct de vedere tehnic cu centrale nucleare sporesc riscurile de siguranță.,Argument_against,train
nuclear energy,There is no need for nuclear .,Nu este nevoie de nucleare.,Argument_against,train
nuclear energy,"“ Nuclear power is not a near-term solution to the challenge of climate change , ” writes Sharon Squassoni in the IAEA bulletin .","„Energia nucleară nu este o soluție pe termen scurt la provocarea schimbărilor climatice”, scrie Sharon Squassoni în buletinul AIEA.",Argument_against,train
nuclear energy,""" Nine recent studies have concluded that the variability and intermittency of wind and solar resources becomes easier to manage the more they are deployed and interconnected , not the other way around , as some utilities suggest .","„Nouă studii recente au concluzionat că variabilitatea și intermitența resurselor eoliene și solare devin mai ușor de gestionat cu cât acestea sunt mai implementate și interconectate, nu invers, așa cum sugerează unele utilități.",Argument_against,train
nuclear energy,"As a result , the percentage of electricity from renewables has significantly increased in recent years , which is great .","Ca urmare , procentul de energie electrică din surse regenerabile a crescut semnificativ în ultimii ani , ceea ce este grozav .",Argument_against,train
nuclear energy,"Building new nuclear plants would mean the production of much more of this dangerous waste with no where for it to go . ""","Construirea de noi centrale nucleare ar însemna producerea a mult mai mult din aceste deșeuri periculoase, fără unde să se ducă. """,Argument_against,train
nuclear energy,"Nuclear reactors are major targets for terrorists : Because of the potential threat of mass destruction , nuclear power plants are major targets for terrorists .","Reactoarele nucleare sunt ținte majore pentru teroriști: din cauza potențialei amenințări de distrugere în masă, centralele nucleare sunt ținte majore pentru teroriști.",Argument_against,train
nuclear energy,"So nuclear power , which can only generate electricity , is almost irrelevant .","Deci energia nucleară , care poate genera doar electricitate , este aproape irelevantă .",Argument_against,train
nuclear energy,"As nuclear plants are notorious for cost overruns , the higher figure is much more likely .","Întrucât centralele nucleare sunt renumite pentru depășirile de costuri, o cifră mai mare este mult mai probabilă.",Argument_against,train
nuclear energy,"However , nuclear power plants are not much of an improvement over conventional coal-burning power plants despite claims that nuclear is the ‘ clean air energy . ’","Cu toate acestea, centralele nucleare nu reprezintă o îmbunătățire semnificativă față de centralele convenționale pe cărbune, în ciuda afirmațiilor că nuclearul este „energia aerului curat”. ’",Argument_against,train
nuclear energy,"Over time , spent nuclear fuel decays to safe radioactive levels , but this process takes tens of thousands of years .","De-a lungul timpului, combustibilul nuclear uzat se descompune la niveluri radioactive sigure, dar acest proces durează zeci de mii de ani.",Argument_against,train
nuclear energy,"Nuclear plant construction runs over-time and over-budget "" The case against nuclear power "" .",Construcția centralei nucleare depășește timpul și depășește bugetul „Cazul împotriva energiei nucleare”.,Argument_against,train
nuclear energy,"Simply because fire had greater potential for good than harm does not mean that the same is true for nuclear power . ""","Pur și simplu pentru că focul avea un potențial mai mare pentru bine decât pentru rău nu înseamnă că același lucru este valabil și pentru energia nucleară. """,Argument_against,train
nuclear energy,"Consequently , high-level radioactive waste requires sophisticated treatment and management to successfully isolate it from the biosphere .","În consecință, deșeurile radioactive de nivel înalt necesită un tratament și un management sofisticat pentru a le izola cu succes de biosferă.",Argument_against,train
nuclear energy,It 's still radioactive and potentially deadly .,Este încă radioactiv și potențial mortal.,Argument_against,train
nuclear energy,"Taxpayers , not nuclear industry , assume risks of disaster "" 6 reasons against nuclear energy "" .","Contribuabilii, nu industria nucleară, își asumă riscurile de dezastru „6 motive împotriva energiei nucleare”.",Argument_against,train
nuclear energy,"According to Tetsuo Iguchi , a professor in the department of quantum engineering at Nagoya University , if further complications arise and the situation deteriorates further , “ The worst-case scenario is that a meltdown makes the plant ’s site a permanent grave . ”","Potrivit lui Tetsuo Iguchi, profesor la departamentul de inginerie cuantică de la Universitatea Nagoya, dacă apar complicații ulterioare și situația se deteriorează și mai mult, „Scenariul cel mai rău este că o topire face din amplasamentul fabricii un mormânt permanent.”",Argument_against,train
nuclear energy,This appears to have resulted in more Americans prioritizing environmental protection and fewer backing nuclear power as an alternative energy source .,Acest lucru pare să fi dus la ca mai mulți americani să acorde prioritate protecției mediului și să susțină mai puțin energia nucleară ca sursă alternativă de energie.,Argument_against,train
nuclear energy,"Once lost , says Ramana , trust is extremely difficult to regain .","Odată pierdută , spune Ramana , încrederea este extrem de greu de recâştigat .",Argument_against,train
nuclear energy,"This mismatch stems mainly from the poor consumption efficiency of electricity compared to other energy carriers , and the transmission losses associated with nuclear plants which are usually situated far away from sources of demand .",Această nepotrivire rezultă în principal din eficienţa slabă a consumului de energie electrică în comparaţie cu alţi purtători de energie şi din pierderile de transport asociate centralelor nucleare care sunt de obicei situate departe de sursele de cerere.,Argument_against,train
nuclear energy,"Its supply is endless , unlike that of nuclear energy .","Furnizarea sa este nesfârșită, spre deosebire de cea a energiei nucleare.",Argument_against,train
nuclear energy,Nuclear power stations are so dangerous that no insurance company will undertake to pay the total costs of a disaster or a terrorist attack .,Centralele nucleare sunt atât de periculoase încât nicio companie de asigurări nu se va angaja să plătească costurile totale ale unui dezastru sau al unui atac terorist.,Argument_against,train
nuclear energy,"It is dangerous because it is been droped on Japan , Russia and other countries .","Este periculos pentru că a fost aruncat asupra Japoniei, Rusiei și altor țări.",Argument_against,train
nuclear energy,Nuclear waste is not being reprocessed except in a very few countries .,Deșeurile nucleare nu sunt reprocesate decât în ​​foarte puține țări.,Argument_against,train
nuclear energy,"Whereas the radiation level never was an immediate life hazard outside the plant , the displacement was the direct cause of over 1500 deaths · .","În timp ce nivelul radiațiilor nu a reprezentat niciodată un pericol imediat pentru viață în afara centralei, deplasarea a fost cauza directă a peste 1500 de decese·.",Argument_against,train
nuclear energy,What is the point of nuclear power in Austraila its just a waist of space .,"Ce rost are energia nucleară în Austraila, este doar o talie a spațiului.",Argument_against,train
nuclear energy,"In 2011 , The Economist reported that nuclear power "" looks dangerous , unpopular , expensive and risky "" , and that "" it is replaceable with relative ease and could be forgone with no huge structural shifts in the way the world works "" .","În 2011, The Economist a raportat că energia nucleară „pare periculoasă, nepopulară, costisitoare și riscantă” și că „este înlocuibilă cu relativă ușurință și ar putea fi renunțată fără schimbări structurale uriașe în modul în care funcționează lumea”.",Argument_against,train
nuclear energy,"Compared to 2010 , the nuclear industry produced 11 % less electricity in 2012 .","Comparativ cu 2010 , industria nucleară a produs cu 11 % mai puţină energie electrică în 2012 .",Argument_against,train
nuclear energy,It is now asking for $ 100 billion .,Acum cere 100 de miliarde de dolari.,Argument_against,train
nuclear energy,"The potential for a reoccurrence of the accident will further stress the community infrastructure , causing increased loss of confidence and a breakdown of the social and political order .","Potențialul de reapariție a accidentului va stresa și mai mult infrastructura comunității, provocând o pierdere sporită a încrederii și o defalcare a ordinii sociale și politice.",Argument_against,train
nuclear energy,Alleviating the potential for one environmental catastrophe by creating another one is not the answer .,Atenuarea potențialului pentru o catastrofă de mediu prin crearea alteia nu este răspunsul.,Argument_against,train
nuclear energy,Claims that nuclear energy is “ safe ” have no more grounding than the land the decimated Fukushima power plant sits upon .,Afirmațiile conform cărora energia nucleară este „sigură” nu au mai multe temelii decât terenul pe care se află centrala electrică decimată de la Fukushima.,Argument_against,train
nuclear energy,"Therefore , he suggested , we might do better to contemplate a radical redesign , or if that was not possible , to abandon such technology entirely .","Prin urmare, a sugerat el, s-ar putea să facem mai bine să ne gândim la o reproiectare radicală sau, dacă acest lucru nu este posibil, să renunțăm complet la o astfel de tehnologie.",Argument_against,train
nuclear energy,"Moreover , power reactors themselves produce plutonium , which may be used in bombs .","Mai mult decât atât, reactoarele de putere în sine produc plutoniu, care poate fi folosit în bombe.",Argument_against,train
nuclear energy,"In a published rebuttal to Hansen 's analyses , eight energy and climate scholars say that "" nuclear power reactors are less effective at displacing greenhouse gas emissions than energy efficiency initiatives and renewable energy technologies "" .","Într-o respingere publicată a analizelor lui Hansen, opt cercetători în domeniul energiei și climatului spun că „reactoarele nucleare sunt mai puțin eficiente în înlocuirea emisiilor de gaze cu efect de seră decât inițiativele de eficiență energetică și tehnologiile de energie regenerabilă”.",Argument_against,train
nuclear energy,"The studies also inform us that up to 2,646 lb of the highly radioactive and long-lasting isotope caesium-137 would be released into the atmosphere , contaminating Britain , Ireland , continental Europe and beyond , making swathes of the country uninhabitable and causing more than two million cancers .","Studiile ne informează, de asemenea, că până la 2.646 lb din izotopul extrem de radioactiv și de lungă durată cesiu-137 ar fi eliberat în atmosferă, contaminând Marea Britanie, Irlanda, Europa continentală și nu numai, făcând zone din țară nelocuibile și provocând peste două milioane de cancere.",Argument_against,train
nuclear energy,"Even with all the safety checks in the world , people make errors and the slightest error could be very costly indeed .","Chiar și cu toate verificările de siguranță din lume, oamenii fac erori și cea mai mică eroare ar putea fi într-adevăr foarte costisitoare.",Argument_against,train
nuclear energy,"Nuclear power goes against the will of the people : Ever since the Fukushima disaster in 2011 , the bulk of the Japanese public has been against nuclear energy .","Energia nucleară este împotriva voinței oamenilor: încă de la dezastrul de la Fukushima din 2011, cea mai mare parte a publicului japonez a fost împotriva energiei nucleare.",Argument_against,train
nuclear energy,Cost estimates also need to take into account plant decommissioning and nuclear waste storage costs .,"Estimările de costuri trebuie să ia în considerare , de asemenea , costurile de dezafectare a instalațiilor și de depozitarea deșeurilor nucleare .",Argument_against,train
nuclear energy,There is however no radioactive spent fuel that needs to be stored or reprocessed with conventional renewable energy sources .,"Cu toate acestea, nu există combustibil uzat radioactiv care să fie depozitat sau reprocesat cu surse convenționale de energie regenerabilă.",Argument_against,train
nuclear energy,"Although construction of safe nuclear power plants may be feasible , and may help meet rising energy needs in the short term , ignoring the longer term implications of nuclear power may lead to even bigger problems .","Deși construirea de centrale nucleare sigure poate fi fezabilă și poate ajuta la satisfacerea nevoilor de energie în creștere pe termen scurt, ignorarea implicațiilor pe termen lung ale energiei nucleare poate duce la probleme și mai mari.",Argument_against,train
nuclear energy,One of the interesting things about modern nuclear power in the US is that few really understand how it works day to day -- including most experts who are commenting to the media on the topic .,Unul dintre lucrurile interesante despre energia nucleară modernă din SUA este că puțini înțeleg cu adevărat cum funcționează zi de zi -- inclusiv majoritatea experților care comentează mass-media pe această temă.,Argument_against,train
nuclear energy,"The rush to build new nuclear power plants may "" create problems for effective management , operation and regulatory oversight "" with the biggest potential bottleneck being human resources – "" coming up with enough trained personnel to build and operate all of these new plants , as well as regulate the industry "" .","Graba de a construi noi centrale nucleare poate „crea probleme pentru gestionarea eficientă, operarea și supravegherea reglementară”, cel mai mare blocaj potențial fiind resursele umane – „amenajarea cu personal calificat suficient pentru a construi și a opera toate aceste noi centrale, precum și pentru a reglementa industria”.",Argument_against,train
nuclear energy,More protests followed wherever locations for radioactive waste processing and storage were considered .,Au urmat mai multe proteste oriunde au fost luate în considerare locații pentru procesarea și depozitarea deșeurilor radioactive.,Argument_against,train
nuclear energy,"Again , without that indemnity , without the government subsidies and loan guarantees , and tax breaks , the nuclear industry could not exist ; the laws of the free market are not allowed to apply to nuclear power .","Din nou, fără această indemnizație, fără subvențiile guvernamentale și garanțiile de împrumut și scutiri fiscale, industria nucleară nu ar putea exista; legile pieţei libere nu au voie să se aplice energiei nucleare .",Argument_against,train
nuclear energy,This includes 20-30 tons of high-level radioactive waste from each of the current 103 nuclear reactors in the U.S. each year .,Aceasta include 20-30 de tone de deșeuri radioactive de mare activitate de la fiecare dintre cele 103 reactoare nucleare actuale din SUA în fiecare an.,Argument_against,train
nuclear energy,"The remaining facilities might be so limited or so expensive that [ 460 U.S. 766 , 774 ] many ill people would be unable to afford medical care and would suffer severe health damage .","Facilitățile rămase ar putea fi atât de limitate sau atât de scumpe încât [460 U.S. 766, 774] mulți oameni bolnavi nu ar putea să-și permită îngrijiri medicale și ar suferi daune grave pentru sănătate.",Argument_against,train
nuclear energy,If Australia had a nuclear power plant and it had a meltdown Australia would be in devastated .,"Dacă Australia ar avea o centrală nucleară și ar avea o prăbușire, Australia ar fi devastată.",Argument_against,train
nuclear energy,"There are also bottlenecks at factories that produce reactor pressure vessels and other equipment , and there is a shortage of qualified personnel to build and operate the reactors , although the recent acceleration in nuclear power plant construction is drawing a substantial expansion of the heavy engineering capability .","Există, de asemenea, blocaje la fabricile care produc vase sub presiune pentru reactoare și alte echipamente și există o lipsă de personal calificat pentru construirea și operarea reactoarelor, deși accelerarea recentă a construcției centralelor nucleare atrage o extindere substanțială a capacității de inginerie grea.",Argument_against,train
nuclear energy,Nuclear plants require significant quantities of water to remove the waste heat - usually into the environment .,Centralele nucleare necesită cantităţi semnificative de apă pentru a elimina căldura reziduală - de obicei în mediu.,Argument_against,train
nuclear energy,"This was the first time a nuclear emergency had been declared in Japan , and 140,000 residents within 20 km ( 12 mi ) of the plant were evacuated .",Aceasta a fost prima dată când a fost declarată o urgență nucleară în Japonia și 140.000 de locuitori pe o rază de 20 km (12 mi) de centrală au fost evacuați.,Argument_against,train
nuclear energy,"In addition , if regulators relicense nuke plants for another 20 years and start building new ones that will operate for 60 , then there will be no “ transition ” to clean power until almost the end of this century .","În plus, dacă autoritățile de reglementare reautorizează centralele nucleare pentru încă 20 de ani și încep să construiască altele noi care vor funcționa timp de 60 de ani, atunci nu va exista nicio „tranziție” la energie curată până aproape de sfârșitul acestui secol.",Argument_against,train
nuclear energy,The only new projects underway in Europe are heavily over budget and much delayed .,Singurele proiecte noi aflate în desfășurare în Europa sunt mult peste buget și au întârziat mult.,Argument_against,val
nuclear energy,"Of course , accidents are not the only measure of safety , and the absence of accidents does not necessarily indicate that there are no safety problems .","Desigur, accidentele nu sunt singura măsură de siguranță, iar absența accidentelor nu indică neapărat că nu există probleme de siguranță.",Argument_against,val
nuclear energy,"Nuclear power is the ultimate way of centralising power , putting it in the hands of experts , multi-national corporations and Big Government .","Energia nucleară este modalitatea supremă de centralizare a puterii, punând-o în mâinile experților, corporațiilor multinaționale și a guvernelor mari.",Argument_against,val
nuclear energy,"Presently , waste is mainly stored at individual reactor sites and there are over 430 locations around the world where radioactive material continues to accumulate .","În prezent, deșeurile sunt depozitate în principal în locații individuale ale reactoarelor și există peste 430 de locații în întreaga lume în care materialul radioactiv continuă să se acumuleze.",Argument_against,val
nuclear energy,"What 's worse , the nuclear industry wants to reprocess waste to obtain more energy from increasingly scarce uranium .","Mai rău, industria nucleară vrea să reproceseze deșeurile pentru a obține mai multă energie din uraniu din ce în ce mai rar.",Argument_against,val
nuclear energy,"While none of the safety problems harmed plant employees or the public , they occurred with alarming frequency — more than once a month — which is high for a mature industry .","Deși niciuna dintre problemele de siguranță nu a afectat angajații fabricii sau publicul, acestea au apărut cu o frecvență alarmantă - mai mult de o dată pe lună - care este mare pentru o industrie matură.",Argument_against,val
nuclear energy,A weak ' safety culture ' within the NRC itself prevents effective oversight .,O „cultură a siguranței” slabă în cadrul NRC în sine împiedică o supraveghere eficientă.,Argument_against,val
nuclear energy,Declaring that renewables can not do the job is downright stupid .,A declara că sursele regenerabile nu pot face treaba este de-a dreptul stupid.,Argument_against,val
nuclear energy,"Radioactive Waste : The entire nuclear fuel chain , from mining to milling , processing , enrichment , fuel fabrication , and fuel irradiation in reactors , generates radioactive waste .","Deșeuri radioactive: Întregul lanț de combustibil nuclear, de la minerit la măcinat, procesare, îmbogățire, fabricarea combustibilului și iradierea combustibilului în reactoare, generează deșeuri radioactive.",Argument_against,val
nuclear energy,Nuclear plants require slightly more cooling water than fossil-fuel power plants due to their slightly lower generation efficiencies .,Centralele nucleare necesită puțin mai multă apă de răcire decât centralele pe combustibili fosili datorită eficienței lor de generare ușor mai scăzute .,Argument_against,val
nuclear energy,"There are four states with undeclared stockpiles of nuclear weapons developed from civil programs , and it is no coincidence that they are in some of the most volatile , militarized — and hence dangerous — areas of the world : Israel , Pakistan , India , and North Korea .","Există patru state cu stocuri nedeclarate de arme nucleare dezvoltate din programe civile și nu este o coincidență că acestea se află în unele dintre cele mai volatile, militarizate – și, prin urmare, periculoase – zone ale lumii: Israel, Pakistan, India și Coreea de Nord.",Argument_against,val
nuclear energy,"The more nuclear power plants ( and nuclear waste storage shelters ) are built , the higher is the probability of a disastrous failure somewhere in the world . ""","Cu cât sunt construite mai multe centrale nucleare (și adăposturi de depozitare a deșeurilor nucleare), cu atât este mai mare probabilitatea unei eșecuri dezastruoase undeva în lume. """,Argument_against,val
nuclear energy,The support of nuclear power by government results from special pleading lobbying by the industry .,Sprijinul energiei nucleare de către guvern este rezultatul unui lobby special din partea industriei.,Argument_against,val
nuclear energy,* Target for terrorism ( as are all centralized power generation sources ) .,* Țintă pentru terorism (cum sunt toate sursele centralizate de producere a energiei).,Argument_against,test
nuclear energy,"Therefore , expensive solutions are needed to protect mother earth from the devastating effects of nuclear energy .","Prin urmare, sunt necesare soluții costisitoare pentru a proteja Mama Pământ de efectele devastatoare ale energiei nucleare.",Argument_against,test
nuclear energy,Reprocessing spent fuel gives rise to plutonium which is likely to be used in bombs .,Reprocesarea combustibilului uzat dă naștere la plutoniu care este probabil să fie folosit în bombe.,Argument_against,test
nuclear energy,"Cooling those operations often requires a whole lot of water , the drawing and releasing of which can affect aquatic wildlife .","Răcirea acestor operațiuni necesită adesea o mulțime de apă, a cărei extragere și eliberare pot afecta fauna acvatică.",Argument_against,test
nuclear energy,"While no technology can be perfectly safe , nuclear power is an inherently risky technology , and minimizing its risks requires stringent safety standards and practices .","Deși nicio tehnologie nu poate fi perfect sigură, energia nucleară este o tehnologie în mod inerent riscantă, iar reducerea la minimum a riscurilor necesită standarde și practici stricte de siguranță.",Argument_against,test
nuclear energy,"We can not be sure that our uranium does not end up in weapons , eg in France or China .","Nu putem fi siguri că uraniul nostru nu ajunge în arme, de exemplu în Franța sau China.",Argument_against,test
nuclear energy,"The only solution is to halt the expansion of all nuclear power , and for the shutdown of existing plants .",Singura soluție este oprirea expansiunii întregii energie nucleară și închiderea centralelor existente.,Argument_against,test
nuclear energy,[ T ] he nuclear industry and those that purport to regulate it have down played the potential of such an accident .,Industria nucleară și cei care pretind să o reglementeze au minimizat potențialul unui astfel de accident.,Argument_against,test
nuclear energy,"Nuclear energy is too expensive , energy efficiency is all that 's needed , with more use of renewables .","Energia nucleară este prea scumpă, eficiența energetică este tot ceea ce este necesar, cu o utilizare mai mare a surselor regenerabile.",Argument_against,test
nuclear energy,"But as Michael Grunwald noted in Time , recent price estimates for a large plant in Florida came in at $ 12 billion to $ 18 billion , and that 's before you consider the fact that the nuclear industry has a history of 250-percent cost overruns.Some analysts say alternative methods would yield much more climate-saving bang for our buck than nuclear power .","Dar, după cum a remarcat Michael Grunwald în Time, estimările recente ale prețurilor pentru o fabrică mare din Florida au fost de la 12 la 18 miliarde de dolari, și asta înainte de a lua în considerare faptul că industria nucleară are o istorie de depășiri de 250% a costurilor. Unii analiști spun că metodele alternative ar aduce mult mai mult profit pentru economisirea climei decât energia nucleară.",Argument_against,test
nuclear energy,"However , to operate nuclear power plants longer than originally planned can be quite dangerous since any plant or technical appliance usually gets more troublesome towards the end of its planned life expectancy .","Cu toate acestea, exploatarea centralelor nucleare mai mult decât a fost planificat inițial poate fi destul de periculoasă, deoarece orice instalație sau aparat tehnic devine de obicei mai supărătoare spre sfârșitul speranței de viață planificate.",Argument_against,test
nuclear energy,"As world leaders , you can work together to replace this small amount of energy from other readily available , very safe and affordable sources of energy to move us towards a carbon-free and nuclear-free future . ”","În calitate de lideri mondiali, puteți lucra împreună pentru a înlocui această cantitate mică de energie din alte surse de energie ușor disponibile, foarte sigure și accesibile, pentru a ne îndrepta către un viitor fără carbon și fără nucleare. ”",Argument_against,test
nuclear energy,* The majority of known uranium around the world lies under land controlled by tribes or indigenous peoples who do n’t support it being mined from the earth .,Majoritatea uraniului cunoscut din întreaga lume se află sub pământ controlat de triburi sau popoare indigene care nu susțin ca acesta să fie extras din pământ.,Argument_against,test
nuclear energy,Underlying the immediate role of the state and nuclear elites in promoting nuclear power are several deeper factors .,La baza rolului imediat al statului și al elitelor nucleare în promovarea energiei nucleare se află câțiva factori mai profundi.,NoArgument,train
nuclear energy,"January 8 , 2008 : "" Most of the gas we use is for heating and hot water and for industrial purposes .",8 ianuarie 2008: „Majoritatea gazului pe care îl folosim este pentru încălzire şi apă caldă şi pentru scopuri industriale.,NoArgument,train
nuclear energy,President Obama has barely mentioned nuclear power .,Președintele Obama abia dacă a menționat energia nucleară.,NoArgument,train
nuclear energy,A major obstacle to more participation in social movements is a lack of time experienced by many people .,Un obstacol major în calea unei participări mai mari la mișcările sociale este lipsa de timp întâmpinată de mulți oameni.,NoArgument,train
nuclear energy,"Fission , first discovered in 1938 , is the splitting of the nucleus of an atom into two parts .","Fisiunea, descoperită pentru prima dată în 1938, este împărțirea nucleului unui atom în două părți.",NoArgument,train
nuclear energy,"Photons , neutrons , alpha particles , and beta particles are indifferent to their sources .","Fotonii, neutronii, particulele alfa și particulele beta sunt indiferenți față de sursele lor.",NoArgument,train
nuclear energy,In addition many of the characteristics of modern science can be grouped under the heading of ' masculine rationality ' .,"În plus, multe dintre caracteristicile științei moderne pot fi grupate sub titlul de „raționalitate masculină”.",NoArgument,train
nuclear energy,"A grassroots strategy against nuclear power and uranium mining can be seen as a ' non-reformist reform ' : namely , it can achieve effective change within the system in a way which weakens rather than strengthens dominant structures , or which helps to prevent the entrenchment of new , more powerful structures .","O strategie de bază împotriva energiei nucleare și a mineritului de uraniu poate fi văzută ca o „reformă nereformistă”: și anume, poate realiza o schimbare efectivă în cadrul sistemului într-un mod care slăbește, mai degrabă decât întărește structurile dominante, sau care ajută la prevenirea înrădăcinirii unor structuri noi, mai puternice.",NoArgument,train
nuclear energy,"No time to argue , just roll up our sleeves and get to work .","Nu ai timp să ne certăm, doar suflecă-ne mânecile și apucă-te de treabă.",NoArgument,train
nuclear energy,"Through consultation with unions , workers and working-class families , the establishment of support groups and funds for workers and unions penalised for direct action against uranium mining .","Prin consultare cu sindicatele , muncitorii și familiile din clasa muncitoare , înființarea de grupuri de sprijin și fonduri pentru lucrători și sindicate penalizate pentru acțiunea directă împotriva exploatării uraniului .",NoArgument,train
nuclear energy,Be supportive and critical .,Fii susținător și critic.,NoArgument,train
nuclear energy,Uranium-238 is 1 % of the earth 's crust .,Uraniul-238 reprezintă 1% din scoarța terestră.,NoArgument,train
nuclear energy,Nuclear energy is n't one of them .,Energia nucleară nu este una dintre ele.,NoArgument,train
nuclear energy,… What if there is a mistake ?,Ce se întâmplă dacă există o greșeală?,NoArgument,train
nuclear energy,Short term the fluoride salt contains the fuel and most of the fission products well ; several scientists mention the actinides are strongly chemically bound to the fluoride salts .,"Pe termen scurt, sarea de fluor conține bine combustibilul și majoritatea produselor de fisiune; câțiva oameni de știință menționează că actinidele sunt puternic legate chimic de sărurile de fluor.",NoArgument,train
nuclear energy,"I am not just an Apple products user , but a happy former stockholder and fan of their corporate philosophy .","Nu sunt doar un utilizator de produse Apple, ci un fost acţionar fericit şi fan al filozofiei lor corporative.",NoArgument,train
nuclear energy,How practical is nuclear power now and for the future ?,Cât de practică este energia nucleară acum și pentru viitor?,NoArgument,train
nuclear energy,"People with more expertise in the group can form partnerships with those who have less expertise and together engage in letter-writing , leaflet production , speaking engagements and so forth .","Oamenii cu mai multă expertiză în grup pot forma parteneriate cu cei care au mai puțină expertiză și se pot angaja împreună în scrierea scrisorilor, producția de pliante, angajamente de vorbire și așa mai departe.",NoArgument,train
nuclear energy,Without a good understanding of the changes his institute wants to implement ( impose ? ),Fără o bună înțelegere a schimbărilor pe care institutul său vrea să le implementeze ( impune ? ),NoArgument,train
nuclear energy,"Unfortunately , I have seen the same argument offered here by actual proponents of NE , at least as it applies to Iranian scientists .","Din păcate, am văzut același argument oferit aici de susținătorii actuali ai NE, cel puțin așa cum se aplică oamenilor de știință iranieni.",NoArgument,train
nuclear energy,Civil disobedience has also been used by the anti-nuclear movement .,Nesupunerea civilă a fost folosită și de mișcarea antinucleară.,NoArgument,train
nuclear energy,The media make their money by selling advertising and the amount that advertisers are willing to pay depends on audience size .,"Mass-media își câștigă banii vânzând reclame, iar suma pe care agenții de publicitate sunt dispuși să o plătească depinde de dimensiunea publicului.",NoArgument,train
nuclear energy,What many international observers have portrayed as a panic reaction following the Fukushima-disaster in 2011 actually has a long history and is deeply rooted in German society .,Ceea ce mulți observatori internaționali au descris ca o reacție de panică în urma dezastrului de la Fukushima din 2011 are de fapt o istorie lungă și este adânc înrădăcinat în societatea germană.,NoArgument,train
nuclear energy,al. because the metallic fuel contains the long half life reaction products .,Combustibilul metalic conţine produşii de reacţie cu durată lungă de înjumătăţire .,NoArgument,train
nuclear energy,Two plants ( Stade and Obrigheim ) were taken offline in 2003 and 2005 .,Două fabrici ( Stade şi Obrigheim ) au fost scoase din reţea în 2003 şi 2005 .,NoArgument,train
nuclear energy,"While domestic considerations connected to energy independence certainly played a role , the United States sought to make Japan the “ Great Britain of the East ” by offering it protection under Washington ’s “ nuclear umbrella , ” and nuclear technology to power the country .","În timp ce considerentele interne legate de independența energetică au jucat cu siguranță un rol, Statele Unite au căutat să facă din Japonia „Marea Britanie a Estului”, oferindu-i protecție sub „umbrela nucleară” a Washingtonului și tehnologia nucleară pentru a alimenta țara.",NoArgument,train
nuclear energy,It thought the severity of the harm is relevant to whether NEPA requires consideration of an effect .,Acesta a considerat că severitatea prejudiciului este relevantă pentru a stabili dacă NEPA necesită luarea în considerare a unui efect.,NoArgument,train
nuclear energy,You must select a newsletter to subscribe to .,Trebuie să selectați un buletin informativ la care să vă abonați.,NoArgument,train
nuclear energy,"When ordinary people become actively concerned about nuclear power , this style of rationality characterises them as emotional and ill-informed in contrast to the experts who it depicts as involved in ' responsible , objective , scientific endeavour ' .","Când oamenii obișnuiți devin preocupați în mod activ de energia nucleară, acest stil de raționalitate îi caracterizează ca fiind emoționali și prost informați, spre deosebire de experții pe care îi descrie ca fiind implicați în „efort responsabil, obiectiv, științific”.",NoArgument,train
nuclear energy,"The decision , for example , to build laptop cases out of machined blocks of aluminum has not only provided lightweight , attractive machines , but they are almost indestructible .","Decizia, de exemplu, de a construi carcase pentru laptop din blocuri prelucrate de aluminiu nu numai că a oferit mașini ușoare și atractive, dar sunt aproape indestructibile.",NoArgument,train
nuclear energy,"Guanine has an affinity for Cytosine , and Adenine has an affinity for Thymine .","Guanina are afinitate pentru Citozină, iar Adenina are afinitate pentru Timină.",NoArgument,train
nuclear energy,The internal dynamics of local groups and of larger groupings are important as they have direct implications for the kind of social alternatives being sought .,Dinamica internă a grupurilor locale și a grupărilor mai mari este importantă deoarece au implicații directe asupra tipului de alternative sociale căutate.,NoArgument,train
nuclear energy,But again as I said before “ it is not about the number .,"Dar din nou, așa cum am spus mai devreme „nu este vorba despre număr.",NoArgument,train
nuclear energy,"[ Footnote 13 ] For example , the hospital regulations contemplated in the hypothetical , supra , at 773-774 , might cause many deaths .","De exemplu , reglementările spitaliceşti luate în considerare în ipotetic , supra , la 773-774 , ar putea cauza multe decese .",NoArgument,train
nuclear energy,"James B. Hamlin , George F. Trowbridge , John B. Rhinelander , Deborah B. Bauser , and James B. Liberman filed briefs for petitioners in No. 81-2399 .","James B. Hamlin , George F. Trowbridge , John B. Rhinelander , Deborah B. Bauser și James B. Liberman au depus acte pentru petiționari în nr. 81-2399 .",NoArgument,train
nuclear energy,"Building these alternative institutions can take place at all levels of society , from small groups to large organisations .","Construirea acestor instituţii alternative poate avea loc la toate nivelurile societăţii, de la grupuri mici până la organizaţii mari.",NoArgument,train
nuclear energy,Please try again later .,Vă rugăm să încercați din nou mai târziu.,NoArgument,train
nuclear energy,This is a question of first impression in this Court .,Aceasta este o problemă de primă impresie în această Curte .,NoArgument,train
nuclear energy,"The source of my curiosity was Nicholas Taleb ’s “ Antifragile ” , Where it seems stresses on genetic information , given that genetic information is structural , might be beneficial .","Sursa curiozității mele a fost „Antifragile” a lui Nicholas Taleb, unde se pare că accentul pe informația genetică, dat fiind că informația genetică este structurală, ar putea fi benefică.",NoArgument,train
nuclear energy,The irony is that wind turbines and solar panels once * seemed * all co-op-ish and democratic ( small d ) and power-to-the-people … but today ’s reality is that the companies behind renewable energy are million/billion dollar concerns who answer only to shareholders just like any other company .,Ironia este că turbinele eoliene și panourile solare odată * păreau * toate cooperative și democratice (mice d) și putere pentru oameni... dar realitatea de astăzi este că companiile din spatele energiei regenerabile sunt preocupări de milioane/miliard de dolari care răspund doar acționarilor la fel ca orice altă companie.,NoArgument,train
nuclear energy,"Our national standards are inadequate in protecting the workers or our most vulnerable citizens , our children .","Standardele noastre naționale sunt inadecvate în protejarea lucrătorilor sau a cetățenilor noștri cei mai vulnerabili, copiii noștri.",NoArgument,train
nuclear energy,"The state is the forum of the powerful , so for these kinds of groups lobbying often is an effective strategy .","Statul este forumul celor puternici, deci pentru aceste tipuri de grupuri, lobby-ul este adesea o strategie eficientă.",NoArgument,train
nuclear energy,"Of course , these holdings are not at issue in this litigation .","Desigur , aceste participaţii nu sunt în discuţie în acest litigiu .",NoArgument,train
nuclear energy,"These are the projects of the smaller startups and laboratories , such as Sandia National Laboratories , General Fusion , and Tri Alpha Energy .","Acestea sunt proiectele startup-urilor și laboratoarelor mai mici, cum ar fi Sandia National Laboratories, General Fusion și Tri Alpha Energy.",NoArgument,train
nuclear energy,"Once the realm of science fiction , and a technology so far proving elusive , is the opposite effect - nuclear fusion .","Odată tărâmul science-fiction și o tehnologie care s-a dovedit până acum evazivă, este efectul opus - fuziunea nucleară.",NoArgument,train
nuclear energy,This is widely recognised .,Acest lucru este recunoscut pe scară largă.,NoArgument,train
nuclear energy,And Half of the power coming from these solar furnaces will be coming from NarGas .,Și jumătate din puterea care vine de la aceste cuptoare solare va veni de la NarGas.,NoArgument,train
nuclear energy,"Students also cite other characteristics , such as national security , domestic availability of fuels and technologies , and electric grid stability .","Elevii citează , de asemenea , alte caracteristici , cum ar fi securitatea naţională , disponibilitatea internă a combustibililor şi tehnologiilor şi stabilitatea reţelei electrice .",NoArgument,train
nuclear energy,You ’re talking about a tiny slice of the readership with that statement .,Vorbești despre o mică parte a cititorilor cu această afirmație.,NoArgument,train
nuclear energy,Connect with Facebook Connect with Twitter We only grab your name + photo and will never post as you .,Conectează-te cu Facebook Conectează-te cu Twitter Luăm doar numele tău + fotografia și nu vom posta niciodată ca tine.,NoArgument,train
nuclear energy,"Well , only a few years later , utility projections for plants are now up to an average of $ 9 billion . ""","Ei bine, doar câțiva ani mai târziu, proiecțiile de utilități pentru centrale sunt acum de până la o medie de 9 miliarde de dolari. """,NoArgument,train
nuclear energy,"Again , this is ironic when today ’s leftists often adopt environmentalist ideas ( and thus would be expected to oppose fossil fuel more ) .","Din nou, acest lucru este ironic când stângacii de astăzi adoptă adesea idei ecologiste (și, prin urmare, ar fi de așteptat să se opună mai mult combustibililor fosili).",NoArgument,train
nuclear energy,"More difficult is the problem of linking anti-nuclear efforts of local groups with efforts by isolated individuals , and by activists in hierarchical organisations such as political parties or state bureaucracies .",Mai dificilă este problema conectării eforturilor antinucleare ale grupurilor locale cu eforturile unor indivizi izolați și ale activiștilor din organizații ierarhice precum partidele politice sau birocrațiile de stat.,NoArgument,val
nuclear energy,We should be ashamed of this circus sideshow .,Ar trebui să ne fie rușine de acest spectacol de circ.,NoArgument,val
nuclear energy,"By consciously confronting interpersonal dominance relations , local groups can empower women and help to undermine patriarchy .","Confruntând în mod conștient relațiile de dominanță interpersonală, grupurile locale pot împuternici femeile și pot ajuta la subminarea patriarhatului.",NoArgument,val
nuclear energy,"But we think the context of the statute shows that Congress was talking about the physical environment - the world around us , so to speak .","Dar credem că contextul statutului arată că Congresul vorbea despre mediul fizic - lumea din jurul nostru, ca să spunem așa.",NoArgument,val
nuclear energy,We argue here that those strategies which involve grassroots mobilisation are more effective at intervening at weak points in the structures than are those strategies which concentrate on pressuring elites to institute changes from the top .,Susținem aici că acele strategii care implică mobilizarea de la bază sunt mai eficiente în a interveni în punctele slabe ale structurilor decât acele strategii care se concentrează pe presiunea elitelor pentru a institui schimbări de la vârf.,NoArgument,val
nuclear energy,"The authors submitted it to Atomic Insights after several inquiries went unanswered , even though the editor was initially responsive and interested in publishing a response .","Autorii l-au trimis la Atomic Insights după ce mai multe întrebări au rămas fără răspuns, chiar dacă editorul a fost inițial receptiv și interesat să publice un răspuns.",NoArgument,val
nuclear energy,Why do you suppose there are base pairs instead of a long sugar phosphate strand holding a series of nucleotides ?,De ce crezi că există perechi de baze în loc de un fir lung de fosfat de zahăr care conține o serie de nucleotide?,NoArgument,val
nuclear energy,Salts are readily dissolved in water and are very toxic to aquatic life .,Sărurile se dizolvă ușor în apă și sunt foarte toxice pentru viața acvatică.,NoArgument,val
nuclear energy,Section 4 develops this argument further by showing how it is necessary to build alternative structures at the same time that one challenges existing structures .,"Secțiunea 4 dezvoltă acest argument în continuare, arătând cum este necesar să se construiască structuri alternative în același timp în care se provoacă structurile existente.",NoArgument,val
nuclear energy,"On the one hand , the state and corporations mobilise patriarchal relations to serve their own domination , for example to split the workforce and impose hierarchical relations between men as well as between men and women .","Pe de o parte, statul și corporațiile mobilizează relațiile patriarhale pentru a-și servi propria dominație, de exemplu pentru a împărți forța de muncă și a impune relații ierarhice atât între bărbați, cât și între bărbați și femei.",NoArgument,val
nuclear energy,We invite you to join the debate by commenting directly on each article .,Vă invităm să vă alăturați dezbaterii comentând direct fiecare articol.,NoArgument,val
nuclear energy,"In 1977 Barrie Machin represented CANE on the WA steering committee for the Australian Democrats , which was stimulated by Don Chipp largely in response to the issue of Uranium mining .","În 1977, Barrie Machin a reprezentat CANE în comitetul director al WA pentru democrații australieni, care a fost stimulat de Don Chipp în mare parte ca răspuns la problema exploatării mineritului de uraniu.",NoArgument,test
nuclear energy,"The accident crystallized anti-nuclear safety concerns among activists and the general public , resulted in new regulations for the nuclear industry , and has been cited as a contributor to the decline of new reactor construction that was already underway in the 1970s .","Accidentul a cristalizat preocupările privind siguranța antinucleară în rândul activiștilor și al publicului larg, a dus la noi reglementări pentru industria nucleară și a fost citat ca o contribuție la declinul construcției de noi reactoare care era deja în curs de desfășurare în anii 1970.",NoArgument,test
nuclear energy,"This page was last modified on 14 July 2016 , at 02:59 .","Această pagină a fost modificată ultima dată pe 14 iulie 2016 , la 02:59 .",NoArgument,test
nuclear energy,"The normal life of nuclear reactor is anywhere from 40-60 years , depending on how often it is used and how it is being used .","Durata normală de viață a reactorului nuclear este de 40-60 de ani, în funcție de cât de des este utilizat și de modul în care este utilizat.",NoArgument,test
nuclear energy,"441 operational reactors had a worldwide net capacity of 382,855 megawatts of electricity in 2015 .",441 de reactoare operaționale au avut o capacitate netă la nivel mondial de 382.855 megawați de energie electrică în 2015.,NoArgument,test
nuclear energy,It asked for the cessation of all uranium mining and development operations .,A cerut încetarea tuturor operațiunilor de extragere și dezvoltare a uraniului.,NoArgument,test
nuclear energy,Micro NPPs like the Toshiba 4S could even be mass produced on an assembly line like cars .,Microcentralele nucleare precum Toshiba 4S ar putea fi chiar produse în serie pe o linie de asamblare precum mașinile.,NoArgument,test
nuclear energy,CANE was set up under the aegis of FOE after a meeting at University of Western Australia in late 1975 .,CANE a fost înființat sub egida FOE după o întâlnire la Universitatea din Australia de Vest la sfârșitul anului 1975.,NoArgument,test
nuclear energy,This cash crop is indispensable to the apparel industry and the economies of entire countries .,Această recoltă comercială este indispensabilă industriei de îmbrăcăminte și economiilor țărilor întregi.,NoArgument,test
nuclear energy,Enter your zip code to get 3 local quotes on solar power !,Introdu codul poștal pentru a obține 3 cotații locale despre energia solară!,NoArgument,test
nuclear energy,Ken Strahan was an important part of the group and member of FOE .,Ken Strahan a fost o parte importantă a grupului și membru al FOE.,NoArgument,test
nuclear energy,"However , the US Nuclear Regulatory Commission does now also require new reactor license applications to consider security during the design stage .","Cu toate acestea, Comisia de Reglementare Nucleară din SUA solicită acum și noi cereri de licență pentru reactoare pentru a lua în considerare securitatea în faza de proiectare.",NoArgument,test
minimum wage,New York Gov. Andrew Cuomo has also come out in favor of a $ 15 minimum wage for his state .,"Guvernatorul New York-ului, Andrew Cuomo, sa declarat, de asemenea, în favoarea unui salariu minim de 15 dolari pentru statul său.",Argument_for,train
minimum wage,"For example , higher wages tend to reduce turnover , so employers will save on hiring and training new employees .","De exemplu , salariile mai mari tind să reducă cifra de afaceri , astfel încât angajatorii vor economisi la angajarea și formarea de noi angajați .",Argument_for,train
minimum wage,Sommers is n’t alone in thinking we should raise the minimum wage .,Sommers nu este singurul care crede că ar trebui să creștem salariul minim.,Argument_for,train
minimum wage,The current minimum wage is * not * a living wage .,Salariul minim actual este nu este un salariu de trai .,Argument_for,train
minimum wage,"Before the law took effect , worries about potential damage to employment were widespread .","Înainte ca legea să intre în vigoare, îngrijorările cu privire la potențialele daune aduse angajării au fost larg răspândite.",Argument_for,train
minimum wage,Since 2009 — the last time the minimum wage was increased — the dollar has lost a full 8 percent of its purchasing power due to inflation .,Din 2009 – ultima dată când a fost majorat salariul minim – dolarul a pierdut 8% din puterea sa de cumpărare din cauza inflației.,Argument_for,train
minimum wage,And a job may ultimately be the most valuable thing for a family struggling to escape poverty .,Iar un loc de muncă poate fi în cele din urmă cel mai valoros lucru pentru o familie care se luptă să scape de sărăcie.,Argument_for,train
minimum wage,Minimum wage was initially established to reduce poverty .,Salariul minim a fost stabilit inițial pentru a reduce sărăcia.,Argument_for,train
minimum wage,"In 2014 , supporters of minimum wage cited a study that found that job creation within the United States is faster in states that raised their minimum wages .","În 2014, susținătorii salariului minim au citat un studiu care a constatat că crearea de locuri de muncă în Statele Unite este mai rapidă în statele care și-au crescut salariul minim.",Argument_for,train
minimum wage,Another reason minimum wage may not affect employment in certain industries is that the demand for the product the employees produce is highly inelastic .,Un alt motiv pentru care salariul minim poate să nu afecteze ocuparea forței de muncă în anumite industrii este faptul că cererea pentru produsul produs de angajați este foarte inelastică.,Argument_for,train
minimum wage,"This policy is more targeted against poverty than the minimum wage , because it avoids subsidizing low-income workers who are supported by high-income households ( for example , teenagers still living with their parents ) .","Această politică este mai orientată împotriva sărăciei decât a salariului minim, deoarece evită subvenționarea lucrătorilor cu venituri mici care sunt întreținute de gospodăriile cu venituri mari (de exemplu, adolescenții care încă locuiesc cu părinții lor).",Argument_for,train
minimum wage,"If wages had kept up with productivity , studies suggest that it would have hit $ 21.72 / hour by 2012 .","Dacă salariile ar fi ținut pasul cu productivitatea, studiile sugerează că ar fi ajuns la 21,72 USD/oră până în 2012.",Argument_for,train
minimum wage,"Angela Merkel ’s new government has signalled its support for a new national minimum wage , and on January 16th George Osborne , Britain ’s chancellor , backed an above-inflation rise in the minimum wage .","Noul guvern al Angelei Merkel și-a semnalat sprijinul pentru un nou salariu minim național, iar pe 16 ianuarie, George Osborne, cancelarul Marii Britanii, a susținut o creștere peste inflație a salariului minim.",Argument_for,train
minimum wage,"And no , $ 15/hr is not too much .","Și nu, 15 USD/h nu este prea mult.",Argument_for,train
minimum wage,"We ’re smart enough to know the game is rigged , and when we refuse to participate in a broken system and fight for something better , we ’re somehow the bad guys , the lazy ones .","Suntem suficient de deștepți încât să știm că jocul este manipulat, iar când refuzăm să participăm la un sistem stricat și să luptăm pentru ceva mai bun, suntem cumva cei răi, cei leneși.",Argument_for,train
minimum wage,The profit margins that these large companies experience can easily withstand an increase in wages without having to pass it on to the consumer .,Marjele de profit pe care le experimentează aceste mari companii pot rezista cu ușurință la o creștere a salariilor fără a fi nevoie să o transfere consumatorului.,Argument_for,train
minimum wage,"First instituted by President Richard Nixon , it ’s widely considered one of the most successful poverty-alleviation tools the federal government has ever deployed .","Inițial instituit de președintele Richard Nixon, este considerat pe scară largă unul dintre cele mai de succes instrumente de atenuare a sărăciei pe care guvernul federal le-a implementat vreodată.",Argument_for,train
minimum wage,Small businesses in particular are given more leeway and longer deadlines in order to get up to wage snuff — a caveat that resulted in McDonald ’s filing a laughable lawsuit based on the “ discrimination ” they were facing .,"Întreprinderilor mici, în special, li se oferă mai multă marjă și termene mai lungi pentru a se ridica la înălțime – o avertizare care a dus la McDonald’s să depună un proces ridicol pe baza „discriminarii” cu care se confruntau.",Argument_for,train
minimum wage,Increasing employment opportunity gives low-skilled workers the best chance of finding employment and climbing up the economic mobility ladder .,Creșterea oportunităților de angajare oferă lucrătorilor slab calificați cele mai bune șanse de a găsi un loc de muncă și de a urca pe scara mobilității economice.,Argument_for,train
minimum wage,Decreased Turnover Rate : Employees who are making a higher minimum wage feel more comfortable and satisfied in their minimum wage jobs meaning they are less likely to quit .,"Scăderea ratei de rotație: angajații care primesc un salariu minim mai mare se simt mai confortabil și mulțumiți de locurile de muncă cu salariul minim, ceea ce înseamnă că sunt mai puțin probabil să renunțe.",Argument_for,train
minimum wage,"But in addition , paying higher wages reduces poverty and the strain on the social safety net .","Dar, în plus, plata unor salarii mai mari reduce sărăcia și presiunea asupra rețelei de siguranță socială.",Argument_for,train
minimum wage,"1one ) , actual cost to the customer with an increase in minimum wage is remarkably negligible .","1 unu ) , costul real pentru client cu o creștere a salariului minim este remarcabil de neglijabil .",Argument_for,train
minimum wage,"The president is certainly correct to turn his attention to the poor , many of whom have been suffering for years in a tough economy .","Presedintele are cu siguranta dreptate sa isi indrepte atentia catre cei saraci, multi dintre care sufera de ani de zile intr-o economie grea.",Argument_for,train
minimum wage,"Step increases tend to be larger when adopted , sometimes up to $ 1 an hour , but when averaged over the affected years , the increases are actually slightly smaller at an average of 16 cents an hour annually .","Creșterile de trepte tind să fie mai mari atunci când sunt adoptate, uneori până la 1 dolar pe oră, dar când sunt mediate pe anii afectați, creșterile sunt de fapt puțin mai mici, cu o medie de 16 cenți pe oră anual.",Argument_for,train
minimum wage,"According to the Economic Policy Institute , the minimum wage in the United States would have been $ 18.28 in 2013 if the minimum wage had kept pace with labor productivity .","Potrivit Institutului de Politică Economică , salariul minim în Statele Unite ar fi fost de 18,28 USD în 2013 dacă salariul minim ar fi ținut pasul cu productivitatea muncii .",Argument_for,train
minimum wage,"According to the inflation calculator from the Bureau of Labor Statistics , it would take a minimum wage of $ 7.93 in 2015 dollars just to match the purchasing power of what $ 7.25 could provide in 2009 .","Potrivit calculatorului de inflație de la Biroul de Statistică a Muncii , ar fi nevoie de un salariu minim de 7,93 dolari în dolari din 2015 doar pentru a egala puterea de cumpărare a ceea ce ar putea oferi 7,25 dolari în 2009 .",Argument_for,train
minimum wage,The last time the minimum wage was federally increased in the United States was 2009 .,Ultima dată când salariul minim a fost majorat la nivel federal în Statele Unite a fost în 2009 .,Argument_for,train
minimum wage,Many of the anti-raise arguments are challenged in this DOL fact sheet ; and the fact that small and large businesses alike are already deciding to raise their minimum wages on their own accord makes it seem as if the “ pro ” of the debate is winning .,Multe dintre argumentele anti-raise sunt contestate în această fișă informativă DOL; și faptul că întreprinderile mici și mari deopotrivă decid deja să-și majoreze salariul minim pe cont propriu face să pară că „pro” dezbaterii este câștigătoare.,Argument_for,train
minimum wage,The owner said she 's prospered since Seattle started gradually raising the minimum wage to eventually reach $ 15 an hour .,Proprietarul a spus că a prosperat de când Seattle a început să crească treptat salariul minim pentru a ajunge în cele din urmă la 15 dolari pe oră.,Argument_for,train
minimum wage,"By raising the reward for working , this tax credit also tends to increase the supply of labor .","Prin ridicarea recompensei pentru muncă, acest credit fiscal tinde, de asemenea, să crească oferta de muncă.",Argument_for,train
minimum wage,"This means that workers are less likely to look for a new job , make pay demands , or quit outright .","Aceasta înseamnă că lucrătorii sunt mai puțin probabil să își caute un nou loc de muncă, să facă cereri de plată sau să renunțe definitiv.",Argument_for,train
minimum wage,Consumer economies tend to benefit from minimum wages almost immediately trough increased business activity .,Economiile de consum tind să beneficieze de salariile minime aproape imediat prin creșterea activității de afaceri.,Argument_for,train
minimum wage,"Based on data from the employers ' responses , the authors concluded that the increase in the minimum wage slightly increased employment in the New Jersey restaurants .","Pe baza datelor din răspunsurile angajatorilor, autorii au concluzionat că creșterea salariului minim a crescut ușor ocuparea forței de muncă în restaurantele din New Jersey.",Argument_for,train
minimum wage,"In fact , it 's still well below the median household income of $ 51,000 .","De fapt, este încă mult sub venitul mediu al gospodăriei de 51.000 USD.",Argument_for,train
minimum wage,"Naturally , the more money workers earn through wages , the more they have to spend as consumers .","Desigur, cu cât lucrătorii câștigă mai mulți bani prin salarii, cu atât trebuie să cheltuiască mai mult ca consumatori.",Argument_for,train
minimum wage,One study showed that fifty-two per cent of fast-food workers are on some form of public assistance .,Un studiu a arătat că cincizeci și doi la sută dintre lucrătorii de la fast-food beneficiază de o formă de asistență publică.,Argument_for,train
minimum wage,"Graham White argues , partially on the basis of Sraffianism , that the policy of increased labor market flexibility , including the reduction of minimum wages , does not have an "" intellectually coherent "" argument in economic theory .","Graham White susține, parțial pe baza srafianismului, că politica de flexibilitate sporită a pieței muncii, inclusiv reducerea salariilor minime, nu are un argument „coerent intelectual” în teoria economică.",Argument_for,train
minimum wage,An amendment to the Statute of Labourers in 1389 effectively fixed wages to the price of food .,Un amendament la Statutul Muncitorilor din 1389 a fixat efectiv salariile la prețul alimentelor.,Argument_for,train
minimum wage,A higher wage floor seems like a simple and sensible way to improve workers ' fortunes .,Un nivel de salariu mai mare pare o modalitate simplă și sensibilă de a îmbunătăți averea lucrătorilor.,Argument_for,train
minimum wage,"They analyzed employment trends for several categories of low-wage workers from 1990 to 2006 and found that increases in minimum wages had no negative effects on low-wage employment and successfully increased the income of workers in food services and retail employment , as well as the narrower category of workers in restaurants .","Ei au analizat tendințele de angajare pentru mai multe categorii de lucrători cu salarii mici din 1990 până în 2006 și au constatat că creșterile salariilor minime nu au avut efecte negative asupra angajării cu salarii mici și au crescut cu succes veniturile lucrătorilor din sectorul alimentar și din comerțul cu amănuntul, precum și categoria mai restrânsă a lucrătorilor din restaurante.",Argument_for,train
minimum wage,"Consumer spending uptick : Lastly , extra pay in the pockets of some 16.5 million workers could trickle down to retailers and provide a boost to the economy .","Creșterea cheltuielilor consumatorilor: În sfârșit, plata suplimentară în buzunarele a aproximativ 16,5 milioane de lucrători ar putea ajunge la comercianții cu amănuntul și ar putea oferi un impuls economiei.",Argument_for,train
minimum wage,"Minimum wage increases put more money into the economy since low-income workers are more likely to spend their higher wages than are their higher paid counterparts , who are more likely to save them .","Creșterile salariului minim pun mai mulți bani în economie, deoarece lucrătorii cu venituri mici sunt mai probabil să-și cheltuiască salariile mai mari decât omologii lor mai bine plătiți, care au șanse mai mari să-i economisească.",Argument_for,train
minimum wage,Milton Friedman called them a form of discrimination against low-skilled workers .,Milton Friedman le-a numit o formă de discriminare împotriva lucrătorilor slab calificați.,Argument_for,train
minimum wage,"According to the Economic Policy Institute , the average age of workers who would benefit from a higher minimum wage today is thirty-five .","Potrivit Institutului de Politică Economică, vârsta medie a lucrătorilor care ar beneficia astăzi de un salariu minim mai mare este de treizeci și cinci de ani.",Argument_for,train
minimum wage,"The fact that one can not live comfortably on minimum wage is a symptom of inflation , not lack of education .","Faptul că nu se poate trăi confortabil cu salariul minim este un simptom al inflaţiei, nu al lipsei de educaţie.",Argument_for,train
minimum wage,Minimum wage has not kept up with the cost of living averages ( COLA ) .,Salariul minim nu a ținut pasul cu costul mediu al vieții (COLA).,Argument_for,train
minimum wage,"There are some people who are not academic , does that mean they have to be poor ?","Sunt unii oameni care nu sunt academicieni , asta înseamnă că trebuie să fie săraci ?",Argument_for,train
minimum wage,"In a 2011 paper they pointed out that a higher minimum wage along with the Earned Income Tax Credit ( which tops up income for poor workers in America ) boosted both employment and earnings for single women with children ( though it cost less-skilled , minority men jobs ) .","Într-o lucrare din 2011, ei au subliniat că un salariu minim mai mare împreună cu creditul fiscal pentru venitul câștigat (care completează venitul pentru lucrătorii săraci din America) a stimulat atât ocuparea forței de muncă, cât și câștigurile pentru femeile singure cu copii (deși costa locuri de muncă mai puțin calificate, pentru bărbați din minorități).",Argument_for,train
minimum wage,They approved a constitutional amendment in the 2013 November election that raised the minimum wage and tied future increases to the cost of living .,Ei au aprobat un amendament constituțional la alegerile din noiembrie 2013 care a ridicat salariul minim și a legat creșterile viitoare de costul vieții.,Argument_for,train
minimum wage,"Year after year , decade after decade , these same arguments have been trotted out by minimum wage opponents each time a wage increase has been proposed .","An de an, deceniu după deceniu, aceleași argumente au fost dezbătute de oponenții salariului minim de fiecare dată când s-a propus o creștere a salariului.",Argument_for,train
minimum wage,"( The report also found that higher wages could push 900,000 people above the poverty line , an unquestionably good outcome . )","(Raportul a mai constatat că salariile mai mari ar putea împinge 900.000 de persoane peste pragul sărăciei, un rezultat fără îndoială bun.)",Argument_for,train
minimum wage,""" By increasing workers ' take-home pay , families gain both financial security and an increased ability to purchase goods and services , thus creating jobs for other Americans , "" concluded left-leaning Washington , D.C.-based think tank the Economic Policy Institute in a brief supporting minimum wage increases .","„Prin creșterea salariului la domiciliu al lucrătorilor, familiile câștigă atât securitate financiară, cât și o capacitate sporită de a cumpăra bunuri și servicii, creând astfel locuri de muncă pentru alți americani”, a concluzionat institutul de politică economică de la Washington, D.C., într-o scurtă susținere a creșterii salariului minim.",Argument_for,train
minimum wage,"It helps some low-income workers , and the costs in terms of employment and inefficiency are likely small .","Ajută unii lucrători cu venituri mici, iar costurile în ceea ce privește ocuparea forței de muncă și ineficiența sunt probabil mici.",Argument_for,train
minimum wage,"Not only that , but as one of the law ’s proponents said in the hearings regarding the figure of 40 cents an hour that was being discussed at the time ( around $ 6.60 in 2015 dollars ) : “ it would be a calamity if such a wage minimum as that referred to should in any way be construed as a living wage . ”","Nu numai atât, dar așa cum a spus unul dintre susținătorii legii în audierile cu privire la cifra de 40 de cenți pe oră care se discuta la acea vreme (în jur de 6,60 dolari în dolari din 2015): „ar fi o calamitate dacă un astfel de salariu minim ca cel la care se face referire ar fi în vreun fel interpretat ca un salariu de trai”.",Argument_for,train
minimum wage,"If the worker 's pay jumps to $ 15 , yearly earnings would move to $ 31,200 per year for a 40-hour week .","Dacă salariul muncitorului crește la 15 USD, câștigurile anuale s-ar muta la 31.200 USD pe an pentru o săptămână de 40 de ore.",Argument_for,train
minimum wage,Public support for a minimum wage hike is overwhelming .,Sprijinul public pentru o majorare a salariului minim este copleșitor.,Argument_for,train
minimum wage,"Ninety-two percent of Democrats , 71 percent of independents and 43 percent of Republicans said they supported raising the federal minimum wage to $ 9.00 an hour and indexing future increases to inflation .","Nouăzeci și doi la sută dintre democrați, 71 la sută dintre independenți și 43 la sută dintre republicani au declarat că susțin creșterea salariului minim federal la 9,00 dolari pe oră și indexarea creșterilor viitoare la inflație.",Argument_for,train
minimum wage,"Apparently , you ’re not aware of the student loan crisis taking place , where student loan debt is at a record high by exponents , and many students are unable to pay .","Aparent, nu știți că are loc criza împrumuturilor pentru studenți, în care datoria la împrumuturile studențești este la un nivel record de exponenți și mulți studenți nu pot plăti.",Argument_for,train
minimum wage,"In 2014 , supporters of minimum wage cited news organizations who reported the state with the highest minimum-wage garnered more job creation than the rest of the United States .","În 2014, susținătorii salariului minim au citat organizațiile de știri care au raportat că statul cu cel mai mare salariu minim a generat mai multe locuri de muncă decât restul Statelor Unite.",Argument_for,val
minimum wage,"“ The problem is that the wage really should be a price at which you sell the service — it should reflect your productivity as well as supply and demand , when they ’re set by the market , ” Orrenius said .","„Problema este că salariul ar trebui să fie într-adevăr un preț la care vinzi serviciul – ar trebui să reflecte productivitatea, precum și oferta și cererea, atunci când sunt stabilite de piață”, a spus Orrenius.",Argument_for,val
minimum wage,"Reich says the arguments of many opposed to a minimum wage increase are based on a "" basic Econ 101 model "" that does n't accurately represent the nuanced realities of industries that employ minimum wage workers .",Reich spune că argumentele multora care se opun creșterii salariului minim se bazează pe un „model de bază Econ 101” care nu reprezintă cu exactitate realitățile nuanțate ale industriilor care angajează muncitori cu salariul minim.,Argument_for,val
minimum wage,More money earned means more money put back into the economy as people spend it .,Mai mulți bani câștigați înseamnă mai mulți bani înapoiați în economie pe măsură ce oamenii îi cheltuiesc.,Argument_for,val
minimum wage,"It will help the economy , help workers , and even help businesses .","Va ajuta economia, va ajuta muncitorii și chiar va ajuta afacerile.",Argument_for,val
minimum wage,"In February , President Obama raised the minimum wage to $ 10.10 for federal contractors only .","În februarie, președintele Obama a ridicat salariul minim la 10,10 dolari numai pentru contractorii federali.",Argument_for,val
minimum wage,They found no adverse effects on employment from a higher minimum wage .,Ei nu au găsit efecte negative asupra angajării de la un salariu minim mai mare.,Argument_for,val
minimum wage,"The Centre for Economic Performance found no discernible impact on employment levels from the wage increases , while the Low Pay Commission found that employers had reduced their rate of hiring and employee hours employed , and found ways to cause current workers to be more productive ( especially service companies ) .","Centrul de Performanță Economică nu a găsit niciun impact vizibil asupra nivelului de ocupare a forței de muncă din creșterea salariilor, în timp ce Comisia de Salarizare Scăzută a constatat că angajatorii și-au redus rata de angajare și orele de angajare a angajaților și a găsit modalități de a-i determina pe lucrătorii actuali să fie mai productivi (în special companiile de servicii).",Argument_for,val
minimum wage,Part-time workers making minimum wage could be given full-time opportunity to help save an employer the cost of hiring and training new employees .,Lucrătorilor cu normă parțială care obțin salariul minim li s-ar putea oferi oportunitatea cu normă întreagă de a ajuta un angajator să economisească costul angajării și formării de noi angajați.,Argument_for,val
minimum wage,Raising minimum wage means some of these people would be able to better support themselves without leaning as heavily on social programs and this would ultimately mean lower taxes or a reallocation of those funds to support other needs .,Creșterea salariului minim înseamnă că unii dintre acești oameni ar fi capabili să se întrețină mai bine fără a se sprijini atât de mult pe programele sociale și acest lucru ar însemna în cele din urmă impozite mai mici sau o realocare a acelor fonduri pentru a sprijini alte nevoi.,Argument_for,val
minimum wage,"The president ’s proposal would raise annual income by $ 3,500 for a full-time minimum-wage worker .",Propunerea președintelui ar crește venitul anual cu 3.500 de dolari pentru un lucrător cu salariu minim cu normă întreagă.,Argument_for,val
minimum wage,"Skilled employees working under the right incentives can generate enormous benefits for investors via increased productivity and customer satisfaction , just for starters .","Angajații calificați care lucrează sub stimulentele potrivite pot genera beneficii enorme pentru investitori prin creșterea productivității și satisfacția clienților, doar pentru început.",Argument_for,val
minimum wage,But no one argues that increasing the minimum wage increases the number of unemployed workers who find jobs .,Dar nimeni nu susține că creșterea salariului minim crește numărul de șomeri care își găsesc locuri de muncă.,Argument_for,val
minimum wage,"A 2015 report by the Alliance for a Just Society , found that "" the federal minimum wage of $ 7.25 per hour represents less than half of a living wage for a single adult "" and a worker supporting only himself would have to work 93 hours a week at the federal minimum wage in order to make ends meet "" or skip necessities like meals or medicine . ""","Un raport din 2015 al Alianței pentru o Societate Justă, a constatat că „salariul minim federal de 7,25 dolari pe oră reprezintă mai puțin de jumătate din salariul de trai pentru un singur adult”, iar un muncitor care se întreține numai pe sine ar trebui să lucreze 93 de ore pe săptămână la salariul minim federal pentru a-și face rostul „sau să sară peste nevoi precum mese sau medicamente”.",Argument_for,test
minimum wage,In 2012 the richest 1 % of the US population earned 22.83 % of the nation 's total pre-tax income resulting in the widest gap between the rich and the poor since the 1920s .,"În 2012, cel mai bogat 1% din populația SUA a câștigat 22,83% din venitul total înainte de impozitare al națiunii, rezultând cel mai mare decalaj dintre bogați și săraci din anii 1920.",Argument_for,test
minimum wage,It is a myth that the minimum wage is only for teens and entry level workers .,Este un mit că salariul minim este doar pentru adolescenți și pentru lucrătorii de nivel începător.,Argument_for,test
minimum wage,"Research suggests that a minimum-wage increase could have a small stimulative effect on the economy as low-wage workers spend their additional earnings , raising demand and job growth , and providing some help on the jobs front . ""","Cercetările sugerează că o creștere a salariului minim ar putea avea un mic efect stimulativ asupra economiei, deoarece lucrătorii cu salarii mici își cheltuiesc veniturile suplimentare, crescând cererea și creșterea locurilor de muncă și oferind ajutor în ceea ce privește locurile de muncă. """,Argument_for,test
minimum wage,Teens who live in poverty are twice as likely to miss three or more days of school per month compared to those who do not ; thus raising the minimum wage and lifting families out of poverty would mean children would miss fewer school days .,"Adolescenții care trăiesc în sărăcie au de două ori mai multe șanse să rateze trei sau mai multe zile de școală pe lună în comparație cu cei care nu o fac; astfel, creșterea salariului minim și scoaterea familiilor din sărăcie ar însemna că copiii vor lipsi mai puține zile de școală.",Argument_for,test
minimum wage,29 states plus the District of Columbia ( DC ) have a minimum wage higher than the federal minimum wage .,29 de state plus Districtul Columbia (DC) au un salariu minim mai mare decât salariul minim federal.,Argument_for,test
minimum wage,Myth : Raising the federal tipped minimum wage ( $ 2.13 per hour since 1991 ) would hurt restaurants .,"Mit: Creșterea salariului minim cu bacșiș federal (2,13 dolari pe oră din 1991) ar dăuna restaurantelor.",Argument_for,test
minimum wage,"However , in his call to gradually increase the current federal minimum , President Obama has also called for it to adjust automatically with inflation .","Cu toate acestea, în apelul său de a crește treptat minimul federal actual, președintele Obama a cerut și ca acesta să se ajusteze automat cu inflația.",Argument_for,test
minimum wage,"According to James K. Galbraith , PhD , Professor of Government at the University of Texas in Austin , "" [ b ] ecause payroll - and income-tax revenues would rise [ as a result of an increase in the minimum wage ] , the federal deficit would come down . ""","Potrivit James K. Galbraith, PhD, profesor de guvernare la Universitatea Texas din Austin, „[b] deoarece veniturile din salarii și impozitele pe venit ar crește [ca urmare a unei creșteri a salariului minim], deficitul federal ar scădea.”",Argument_for,test
minimum wage,"A raise for minimum wage earners will put more money in more families ' pockets , which will be spent on goods and services , stimulating economic growth locally and nationally .","O creștere a salariului minim va pune mai mulți bani în buzunarele mai multor familii, care vor fi cheltuiți pe bunuri și servicii, stimulând creșterea economică la nivel local și național.",Argument_for,test
minimum wage,Polls conducted since February 2013 when President Obama first called on Congress to increase the minimum wage have consistently shown that an overwhelming majority of Americans support an increase .,"Sondajele efectuate din februarie 2013, când președintele Obama a cerut pentru prima dată Congresului să majoreze salariul minim, au arătat în mod constant că o majoritate covârșitoare a americanilor susțin o creștere.",Argument_for,test
minimum wage,Raising the federal minimum wage is an important part of strengthening the economy .,Creșterea salariului minim federal este o parte importantă a consolidării economiei.,Argument_for,test
minimum wage,Since firms are allowed to pay poverty-level wages to 3.6 million people -- 5 percent of the workforce -- these workers must rely on Federal income support programs .,"Deoarece firmelor li se permite să plătească salarii la nivelul sărăciei pentru 3,6 milioane de oameni -- 5% din forța de muncă -- acești lucrători trebuie să se bazeze pe programele federale de sprijinire a veniturilor.",Argument_for,test
minimum wage,"In fact , the most current research shows that a higher minimum wage does increase unemployment ; however , the more important economic reality is that a higher minimum wage increases the cost of low-skilled labor .","De fapt, cele mai actuale cercetări arată că un salariu minim mai mare crește șomajul; cu toate acestea, realitatea economică mai importantă este că un salariu minim mai mare crește costul forței de muncă slab calificate.",Argument_against,train
minimum wage,"In standard models of competitive markets , anything that artificially raises the price of labour will curb demand for it , and the first to lose their jobs will be the least-skilled workers .","În modelele standard de piețe competitive, orice lucru care crește artificial prețul forței de muncă va reduce cererea pentru aceasta, iar primii care își vor pierde locurile de muncă vor fi muncitorii cel mai puțin calificați.",Argument_against,train
minimum wage,"Sanderson and many other economists and public policy experts fear a number of unintended consequences if the minimum wage is raised from its current level to $ 10.10 per hour , as President Barack Obama has proposed .","Sanderson și mulți alți economiști și experți în politici publice se tem de o serie de consecințe nedorite dacă salariul minim este crescut de la nivelul actual la 10,10 dolari pe oră, așa cum a propus președintele Barack Obama.",Argument_against,train
minimum wage,They commonly estimate that a 10 percent wage hike will reduce teen employment by somewhere around 1 to 3 percent .,Ei estimează în mod obișnuit că o creștere a salariului cu 10 la sută va reduce ocuparea forței de muncă a adolescenților cu aproximativ 1 până la 3 la sută.,Argument_against,train
minimum wage,"Meanwhile , economists like Jess Rothstein of the University of California , Berkeley , argue that by drawing more people into the labor market , the EITC actually pushes down wages .","Între timp, economiști precum Jess Rothstein de la Universitatea din California, Berkeley, susțin că, atragând mai mulți oameni pe piața muncii, EITC de fapt împinge salariile în jos.",Argument_against,train
minimum wage,"Some companies will be able to absorb the increased labor costs , while others with thin profit margins might cut their workforce or raise prices .","Unele companii vor putea absorbi costurile crescute cu forța de muncă, în timp ce altele, cu marje de profit reduse, își pot reduce forța de muncă sau își pot crește prețurile.",Argument_against,train
minimum wage,"If employers have monopsony power as buyers of labour and are able to set wages , for instance , they can keep pay below its competitive rate .","Dacă angajatorii au putere de monopson ca cumpărători de forță de muncă și sunt capabili să stabilească salarii, de exemplu, ei pot menține salariul sub rata competitivă.",Argument_against,train
minimum wage,"The main potential negative impact of raising the minimum wage is the loss of close to 500,000 jobs , which comes out to around 0.3 % decrease in employment .","Principalul impact negativ potențial al creșterii salariului minim este pierderea a aproape 500.000 de locuri de muncă, care rezultă într-o scădere de aproximativ 0,3% a ocupării forței de muncă.",Argument_against,train
minimum wage,"And of course , you can also expect to hear conservatives shout back that the idea is a job killer .","Și, desigur, vă puteți aștepta, de asemenea, să auziți conservatorii strigând că ideea este un ucigaș de locuri de muncă.",Argument_against,train
minimum wage,"According to a recent report by CBS News , the shift is harder on small business owners , many of whom are trying to figure out ways to generate additional income .","Potrivit unui raport recent al CBS News, schimbarea este mai grea pentru proprietarii de afaceri mici, dintre care mulți încearcă să găsească modalități de a genera venituri suplimentare.",Argument_against,train
minimum wage,"And even if the local experiments are successful , I think that targeted living wage initiatives are a better idea than a federal minimum wage .","Și chiar dacă experimentele locale au succes, cred că inițiativele de salariu de trai direcționate sunt o idee mai bună decât un salariu minim federal.",Argument_against,train
minimum wage,The minimum wage will price the services of the least productive ( and therefore lowest-wage ) workers out of the market .,"Salariul minim va stabili prețul serviciilor celor mai puțin productivi (și, prin urmare, cu cel mai mic salariu) de pe piață.",Argument_against,train
minimum wage,Some small businesses can not afford to pay minimum wages .,Unele întreprinderi mici nu își pot permite să plătească salariul minim.,Argument_against,train
minimum wage,"While larger entities can tolerate the offset , smaller entities can not .","În timp ce entitățile mai mari pot tolera compensarea, entitățile mai mici nu pot.",Argument_against,train
minimum wage,"He found that the "" minimum wage reduces net job growth , primarily through its effect on job creation "" and that those effects "" are most pronounced for younger workers and in industries with a higher proportion of low-wage workers . ""","El a descoperit că „salariul minim reduce creșterea netă a locurilor de muncă, în primul rând prin efectul său asupra creării de locuri de muncă” și că acele efecte „sunt cele mai pronunțate pentru lucrătorii mai tineri și în industriile cu o proporție mai mare de lucrători cu salarii mici”.",Argument_against,train
minimum wage,"In the view of its opponents , the minimum wage — or raising an existing minimum — will always and inevitably damage the economy , kill jobs , doom American freedom , and/or harm the very people that it is meant to help .","În opinia oponenților săi, salariul minim – sau creșterea unui minim existent – ​​va deteriora întotdeauna și inevitabil economia, va ucide locuri de muncă, va condamna libertatea americană și/sau va dăuna însăși oamenilor pe care este menit să îi ajute.",Argument_against,train
minimum wage,"On the other hand , an assessment of data collected and analyzed by Neumark and Wascher did not initially contradict the Card and Krueger results , but in a later edited version they found a four percent decrease in employment , and reported that "" the estimated disemployment effects in the payroll data are often statistically significant at the 5 - or 10-percent level although there are some estimators and subsamples that yield insignificant — although almost always negative "" employment effects .","Pe de altă parte, o evaluare a datelor colectate și analizate de Neumark și Wascher nu a contrazis inițial rezultatele Card și Krueger, dar într-o versiune editată ulterioară au constatat o scădere cu patru procente a ocupării forței de muncă și au raportat că „efectele estimate ale șomajului în datele privind salariile sunt adesea semnificative din punct de vedere statistic la nivel de 5 sau 10 procente, deși există întotdeauna niște estimatori aproape nesemnificativi și nesemnificativi. efectele angajării.",Argument_against,train
minimum wage,Making the entry-level jobs higher paying increases the risk that workers will get stuck in them for longer instead of moving on to something more rewarding .,Punerea locurilor de muncă la nivel de intrare mai bine plătite crește riscul ca lucrătorii să rămână blocați în ele mai mult timp în loc să treacă la ceva mai plină de satisfacții.,Argument_against,train
minimum wage,"Because the minimum wage has never been tied to inflation , its value has eroded significantly , and many economists say that has contributed mightily to the growth in income inequality .","Deoarece salariul minim nu a fost niciodată legat de inflație, valoarea lui sa erodat semnificativ și mulți economiști spun că acest lucru a contribuit puternic la creșterea inegalității veniturilor.",Argument_against,train
minimum wage,"Minimum wage laws discriminate against unskilled workers in favor of skilled workers , and the greatest amount of discrimination takes place against minority groups , like blacks .","Legile privind salariul minim discriminează lucrătorii necalificați în favoarea lucrătorilor calificați, iar cea mai mare cantitate de discriminare are loc împotriva grupurilor minoritare, precum negrii.",Argument_against,train
minimum wage,Labor costs are the largest share of the budget for many businesses .,Costurile cu forța de muncă reprezintă cea mai mare parte a bugetului pentru multe întreprinderi.,Argument_against,train
minimum wage,It ’s amazing to me that some black leaders want an increase in the minimum wage . ”,Este uimitor pentru mine că unii lideri de culoare doresc o creștere a salariului minim. ,Argument_against,train
minimum wage,The minimum wage law actually hurts unions .,Legea salariului minim dăunează efectiv sindicatelor .,Argument_against,train
minimum wage,"And those employers , in turn , would be unable to hire as many people -- an undesirable result when unemployment continues to hover at about 8 percent .","Și acei angajatori, la rândul lor, nu ar putea angaja atât de mulți oameni - un rezultat nedorit atunci când șomajul continuă să se situeze la aproximativ 8%.",Argument_against,train
minimum wage,This is a huge burden to businesses but the cost will get pasted on to consumers .,"Aceasta este o povară uriașă pentru întreprinderi, dar costul va fi lipit de consumatori.",Argument_against,train
minimum wage,"The manager of one Louisiana lumber company claimed that while the low cost of living in the South meant employers had n’t resorted to “ labor-saving machinery ” thus far , wage increases beyond a certain point would force them into doing so and “ eliminating over half of [ their ] men . ”","Managerul unei companii de cherestea din Louisiana a susținut că, în timp ce costul scăzut al vieții în sud însemna că angajatorii nu au recurs până acum la „mașini care economisesc forța de muncă”, creșterile salariale dincolo de un anumit punct i-ar forța să facă acest lucru și „eliminând peste jumătate dintre oamenii lor”.",Argument_against,train
minimum wage,"Let the terms and conditions of wages be set by mutual agreement , not by government control and fiat .","Lăsați termenii și condițiile de salarizare să fie stabilite de comun acord, nu de controlul guvernamental și fiat.",Argument_against,train
minimum wage,Businesses are sometimes forced to hire fewer employees because they must pay minimum wage .,"Întreprinderile sunt uneori forțate să angajeze mai puțini angajați, deoarece trebuie să plătească salariul minim.",Argument_against,train
minimum wage,"Even if workers are getting a competitive wage , many of us are deeply disturbed that some hard-working families still have very little .","Chiar dacă lucrătorii primesc un salariu competitiv, mulți dintre noi sunt profund deranjați de faptul că unele familii muncitoare au încă foarte puțin.",Argument_against,train
minimum wage,Many unskilled workers will be unable to find work and will be denied valuable on-the-job training and the opportunity to acquire experience and skills .,Mulți lucrători necalificați nu vor putea găsi de lucru și li se va refuza o pregătire valoroasă la locul de muncă și posibilitatea de a dobândi experiență și abilități.,Argument_against,train
minimum wage,""" If they want good jobs , they need to go to school ! ""","„Dacă vor locuri de muncă bune, trebuie să meargă la școală!”",Argument_against,train
minimum wage,"Undoubtedly we would have to liquidate . ""","Fără îndoială ar trebui să lichidăm. """,Argument_against,train
minimum wage,"Others , particularly those with the lowest prelegislation wage rates , will be unable to find work .","Alţii, în special cei cu cele mai scăzute salarii de prelegislare, nu vor putea găsi de lucru.",Argument_against,train
minimum wage,"It could take time for low-wage employers to develop business models that allow them to get away with fewer less-skilled employees , meaning that we do n’t see the full effect of a hike right away .","Ar putea dura timp pentru angajatorii cu salarii mici să dezvolte modele de afaceri care să le permită să scape cu mai puțini angajați mai puțin calificați , ceea ce înseamnă că nu vedem imediat efectul total al unei creșteri .",Argument_against,train
minimum wage,"Guy L. Harrington of the National Publishers ’ Association warned the imposition of a minimum wage would “ throw all substandard or marginal workers out of employment as a burden to society , ” while Battle presented letters from two different businesses claiming low-skill workers – or “ those who are not sufficiently competent to earn their pay ” – would quickly lose their jobs once the law was passed .","Guy L. Harrington de la National Publishers’ Association a avertizat că impunerea unui salariu minim va „arunca din angajare pe toți lucrătorii substandard sau marginali, ca o povară pentru societate”, în timp ce Battle a prezentat scrisori de la două companii diferite în care susțineau că lucrătorii slab calificați – sau „cei care nu sunt suficient de competenți pentru a-și câștiga salariul” – își vor pierde rapid locurile de muncă odată ce legea va fi adoptată.",Argument_against,train
minimum wage,Minimum wages are not a cure for poverty .,Salariul minim nu este un remediu pentru sărăcie.,Argument_against,train
minimum wage,"A much better idea would be local “ living wage ” campaigns , each one pushing for a number that is appropriate to specific job markets .","O idee mult mai bună ar fi campaniile locale de „salariu de trai”, fiecare făcând presiuni pentru un număr care este adecvat piețelor de muncă specifice.",Argument_against,train
minimum wage,But I would not have gotten those jobs if someone had to pay me a large amount of money .,Dar nu aș fi obținut acele locuri de muncă dacă cineva ar fi trebuit să-mi plătească o sumă mare de bani.,Argument_against,train
minimum wage,"“ In sum , "" they wrote , "" we view the literature — when read broadly and critically — as largely solidifying the conventional view that minimum wages reduce employment among low-skilled workers .","„În concluzie,” au scris ei, „considerăm literatura – atunci când este citită pe scară largă și critic – ca solidificând în mare măsură opinia convențională că salariile minime reduc ocuparea forței de muncă în rândul lucrătorilor cu calificare scăzută.",Argument_against,train
minimum wage,"After all , there are millions of workers making $ 8 or $ 9 an hour assembling burgers or changing sheets who might be affected by a hike .","La urma urmei, există milioane de muncitori care câștigă 8 sau 9 dolari pe oră, adunând burgeri sau schimbând cearșafurile, care ar putea fi afectați de o excursie.",Argument_against,train
minimum wage,"But most of their colleagues disagreed ; and until about 1990 , most empirical studies found that higher minimum wages cost jobs , particularly among young workers .","Dar majoritatea colegilor lor nu au fost de acord; iar până în jurul anului 1990, majoritatea studiilor empirice au constatat că salariile minime mai mari costă locuri de muncă, în special în rândul tinerilor lucrători.",Argument_against,train
minimum wage,"Because there are much better alternatives to help poor families , and because the minimum wage is a dishonest approach that hides the true cost of the policy .",Pentru că există alternative mult mai bune pentru a ajuta familiile sărace și pentru că salariul minim este o abordare necinstită care ascunde adevăratul cost al politicii.,Argument_against,train
minimum wage,"Similarly , Marco Rubio protested that , "" if you raise the minimum wage , you 're going to make people more expensive than a machine . ""","În mod similar , Marco Rubio a protestat că "" dacă ridici salariul minim , vei face oamenii mai scumpi decât o mașinărie "" .",Argument_against,train
minimum wage,"This trend was more pronounced in the fast food and hotel sectors — more than 80 percent of franchised fast food owners said they would be more likely to reduce hiring , versus 58 percent of non-fast-food restaurant owners .","Această tendință a fost mai pronunțată în sectoarele fast-food și hotelier – mai mult de 80% dintre proprietarii de fast-food francizați au declarat că ar avea mai multe șanse să reducă angajările, față de 58% dintre proprietarii de restaurante non-fast-food.",Argument_against,train
minimum wage,"In addition , a majority considered disemployment to be a moderate potential drawback to the increase they supported .","În plus , majoritatea a considerat șomajul ca fiind un dezavantaj potențial moderat al creșterii pe care o susțineau .",Argument_against,train
minimum wage,Bastian believes businesses are going to look to outsource to foreign countries with competitive wages or replace employees with technology .,Bastian crede că afacerile vor căuta să externalizeze în țări străine cu salarii competitive sau să înlocuiască angajații cu tehnologie.,Argument_against,train
minimum wage,"Overall , if costs of living go up , then we may end up right back where we started .","În general, dacă costurile de trai cresc, atunci s-ar putea să ajungem înapoi de unde am început.",Argument_against,train
minimum wage,""" Minimum-wage jobs are meant for high school students ! """,„Locuri de muncă cu salariu minim sunt destinate elevilor de liceu!”,Argument_against,train
minimum wage,"My view is that the labor market is changing in ways that make huge minimum wage hikes , like the one backed by the Fight for 15 movement , very dangerous .","Părerea mea este că piața muncii se schimbă în moduri care fac ca majorările uriașe ale salariului minim, precum cea susținută de mișcarea Lupta pentru 15, să fie foarte periculoase.",Argument_against,train
minimum wage,It only reaches half of those it is intended to help and not in a positive way .,Ajunge doar la jumătate din cei pe care intenționează să îi ajute și nu într-un mod pozitiv.,Argument_against,train
minimum wage,I have a business partner who said he will have to increase his prices by 40 percent if it happens . ”,Am un partener de afaceri care a spus că va trebui să-și crească prețurile cu 40 la sută dacă se întâmplă. ”,Argument_against,train
minimum wage,It is therefore better to let the market take its course and allow businesses to gradually raise their wages of their own accord .,"Prin urmare, este mai bine să lăsați piața să-și urmeze cursul și să permiteți întreprinderilor să își crească treptat salariile de la sine.",Argument_against,train
minimum wage,Ngoussou says businesses like his need a break on taxes and fees .,Ngoussou spune că afacerile ca a lui au nevoie de o reducere a impozitelor și taxelor.,Argument_against,train
minimum wage,"And I just think it 's much to do , minimum wage is much to do about nothing .","Și cred că este mult de făcut, salariul minim este mult de făcut pentru nimic.",Argument_against,train
minimum wage,"A number of those testifying , such Noel Sargent of NAM , even argued that the bill would "" make the next depression worse than would otherwise be the case . ""","Câțiva dintre cei care au depus mărturie, cum ar fi Noel Sargent de la NAM, au susținut chiar că proiectul de lege va „agrava următoarea depresie decât ar fi cazul”.",Argument_against,train
minimum wage,"The higher cost of labor may translate into higher unemployment for low-skilled workers , reduced hours , loss of benefits , a higher work demand , or even higher prices for the goods they supply .","Costul mai mare al forței de muncă se poate traduce printr-un șomaj mai mare pentru lucrătorii cu calificare scăzută, orele reduse, pierderea beneficiilor, o cerere mai mare de muncă sau chiar prețuri mai mari pentru bunurile pe care le furnizează.",Argument_against,train
minimum wage,"It means higher pay for low-wage Americans , but some people argue that even raising it to $ 9 would ultimately boost unemployment , as employers will be able to afford to hire fewer workers .","Înseamnă plăți mai mari pentru americanii cu salarii mici, dar unii oameni susțin că chiar și creșterea acestuia la 9 dolari ar crește în cele din urmă șomajul, deoarece angajatorii își vor putea permite să angajeze mai puțini lucrători.",Argument_against,train
minimum wage,Living wage varies drastically depending on location and circumstance .,Salariul de trai variază drastic în funcție de locație și circumstanță.,Argument_against,val
minimum wage,"Ordering businesses to pay entry-level workers more will make them hire fewer of them , and consider replacing more workers with robots or computers .",Ordonarea companiilor să plătească mai mult lucrătorilor de la nivel de bază le va face să angajeze mai puțini dintre ei și să ia în considerare înlocuirea mai multor lucrători cu roboți sau computere.,Argument_against,val
minimum wage,"Or , we all will be paying more for our provisions .","Sau, cu toții vom plăti mai mult pentru proviziile noastre.",Argument_against,val
minimum wage,"In the business sector , concerns include the expected increased cost of doing business , threats to profitability , rising levels of unemployment ( and subsequent higher government expenditure on welfare benefits raising tax rates ) , and the possible knock-on effects to the wages of more experienced workers who might already be earning the new statutory minimum wage , or slightly more .","În sectorul de afaceri, preocupările includ creșterea preconizată a costurilor de desfășurare a afacerilor, amenințările la adresa profitabilității, nivelurile în creștere ale șomajului (și cheltuielile guvernamentale mai mari ulterioare pentru beneficiile sociale, creșterea cotelor de impozitare) și posibilele efecte secundare asupra salariilor lucrătorilor mai experimentați care ar putea câștiga deja noul salariu minim legal mai mult sau.",Argument_against,val
minimum wage,A minimum wage hike is simply an ineffective way to help Americans rise out of poverty .,O creștere a salariului minim este pur și simplu o modalitate ineficientă de a ajuta americanii să iasă din sărăcie.,Argument_against,val
minimum wage,"At the time it was passed , opponents promised it would kill jobs and ultimately hurt the workers it was designed to help .","La momentul în care a fost adoptată, oponenții au promis că va ucide locuri de muncă și, în cele din urmă, va răni muncitorii pe care a fost proiectat să îi ajute.",Argument_against,val
minimum wage,"Historically , economists ' scepticism was rooted in the worry that wage floors reduce employment .","Din punct de vedere istoric, scepticismul economiștilor își are rădăcinile în îngrijorarea că limitele salariale reduc ocuparea forței de muncă.",Argument_against,val
minimum wage,For people that work and depend on the government for some sort of subsidy like food stamps ( the food and nutrition program through the USDA ) they would lose the bulk of the assistance which would NOT make up for the loss of benefits .,"Pentru oamenii care lucrează și depind de guvern pentru un fel de subvenție, cum ar fi timbrele alimentare (programul de alimentație și nutriție prin USDA), ei ar pierde cea mai mare parte a asistenței care NU ar compensa pierderea beneficiilor.",Argument_against,val
minimum wage,The idea that wages would n’t naturally adjust and everyone at that end of the wage scale would n’t wind up making more is laughable .,Ideea că salariile nu s-ar ajusta în mod natural și că toată lumea de la acel capăt al grilei salariale nu ar ajunge să facă mai mult este de râs.,Argument_against,val
minimum wage,They disputed Messrs Card and Krueger ’s findings for New Jersey and argued that a comparison of different states over time showed that higher minimum wages hurt jobs .,Ei au contestat concluziile domnilor Card și Krueger pentru New Jersey și au susținut că o comparație între diferite state de-a lungul timpului a arătat că salariile minime mai mari afectează locurile de muncă.,Argument_against,val
minimum wage,"Another 2011 study by Sen , Rybczynski , and Van De Waal found that "" a 10 % increase in the minimum wage is significantly correlated with a 3 − 5 % drop in teen employment . ""","Un alt studiu din 2011 al lui Sen, Rybczynski și Van De Waal a constatat că „o creștere cu 10% a salariului minim este corelată în mod semnificativ cu o scădere cu 3-5% a angajării adolescenților”.",Argument_against,val
minimum wage,The pros are clearly not as valuable as they were when the laws governing minimum wage were first started .,"În mod clar, profesioniștii nu sunt la fel de valoroși ca atunci când au fost începute legile care guvernează salariul minim.",Argument_against,val
minimum wage,"The job losses could occur as a result of higher wages placing a greater strain on companies , which could lead to cutting jobs , reducing employee hours , and other methods to save the company money .","Pierderile de locuri de muncă ar putea apărea ca urmare a salariilor mai mari care pun o presiune mai mare asupra companiilor, ceea ce ar putea duce la tăierea locurilor de muncă, reducerea orelor de muncă și la alte metode de economisire a banilor companiei.",Argument_against,val
minimum wage,"Fact is , minimum wage laws lock young people out of the labor market .",Adevărul este că legile privind salariul minim blochează tinerii de pe piața muncii.,Argument_against,test
minimum wage,"Thomas Grennes , MA , Professor Emeritus at North Carolina State University , and Andris Strazds , MSc , Lecturer at the Stockholm School of Economics in Riga ( Latvia ) , stated : "" the net effect of higher minimum wages would be unfavorable for impoverished households , even if there are no job losses .","Thomas Grennes , MA , profesor emerit la Universitatea de Stat din Carolina de Nord , și Andris Strazds , MSc , lector la Stockholm School of Economics din Riga ( Letonia ) , au declarat: „efectul net al salariilor minime mai mari ar fi nefavorabil pentru gospodăriile sărace, chiar dacă nu există pierderi de locuri de muncă.",Argument_against,test
minimum wage,Why throw more money at someone who is content with staying put .,De ce să arunci mai mulți bani în cineva care se mulțumește să rămână pe loc.,Argument_against,test
minimum wage,Myth : Raising the federal tipped minimum wage ( $ 2.13 per hour since 1991 ) would lead to restaurant job losses .,"Mit: Creșterea salariului minim cu bacșiș federal (2,13 dolari pe oră din 1991) ar duce la pierderea locurilor de muncă în restaurante.",Argument_against,test
minimum wage,"Of course , this does not mean that raising the minimum wage would n’t be greatly beneficial to those earning it , but ultimately it does not help those who do not already have jobs to begin with .","Desigur, acest lucru nu înseamnă că creșterea salariului minim nu ar fi foarte benefică pentru cei care îl câștigă, dar, în cele din urmă, nu îi ajută pe cei care nu au deja un loc de muncă pentru început.",Argument_against,test
minimum wage,"Competition Will Intensify : If minimum wage increases , overly qualified individuals will be vying for minimum wage positions , pushing younger , inexperienced workers out of the running and robbing them of their opportunity to gain experience and knowledge to build a resume for themselves and enter the workforce .","Concurența se va intensifica: dacă salariul minim crește, persoanele prea calificate vor lupta pentru poziții cu salariul minim, împingând lucrătorii mai tineri și fără experiență din competiție și răpindu-le oportunitatea de a câștiga experiență și cunoștințe pentru a-și construi un CV și a intra în forța de muncă.",Argument_against,test
minimum wage,"NBC News found that the price of a cup of coffee went up by 10 to 20 % in Oakland , California , after a 36 % minimum wage hike in the city to $ 12.25 .","NBC News a descoperit că prețul unei cești de cafea a crescut cu 10 până la 20% în Oakland, California, după o creștere a salariului minim de 36% în oraș, la 12,25 dolari.",Argument_against,test
minimum wage,"James Dorn , PhD , Senior Fellow at the Cato Institute , stated that a 10 % increase in the minimum wage "" leads to a 1 to 3 percent decrease in employment of low-skilled workers "" in the short term , and "" to a larger decrease in the long run . ""","James Dorn, PhD, Senior Fellow la Institutul Cato, a declarat că o creștere cu 10% a salariului minim „conduce la o scădere cu 1 până la 3% a angajării lucrătorilor slab calificați” pe termen scurt și „la o scădere mai mare pe termen lung”.",Argument_against,test
minimum wage,"Fewer Hirings : If business must pay their minimum wage employees more , they can not afford to hire as many employees .","Mai puține angajări: dacă afacerile trebuie să plătească salariul minim mai mult angajaților, nu își pot permite să angajeze atât de mulți angajați.",Argument_against,test
minimum wage,Increasing the federal minimum wage would disproportionately harm the poorest areas of the United States .,Creșterea salariului minim federal ar dăuna în mod disproporționat celor mai sărace zone ale Statelor Unite.,Argument_against,test
minimum wage,"Some staff at the Seattle-area nonprofit organization , Full Life Care , asked for a reduction in hours after the minimum wage was raised , citing concerns that the increase will mean they lose their housing subsidies yet they are still unable to afford market-rate rents .","Unii angajați ai organizației nonprofit din zona Seattle, Full Life Care, au cerut o reducere a orelor după ce a fost majorat salariul minim, invocând îngrijorarea că creșterea va însemna că își vor pierde subvențiile pentru locuințe, dar încă nu își pot permite chirii la prețul pieței.",Argument_against,test
minimum wage,Not true : The typical minimum wage worker is not a high school student earning weekend pocket money .,Nu este adevărat: muncitorul obișnuit cu salariul minim nu este un elev de liceu care câștigă bani de buzunar în weekend.,Argument_against,test
minimum wage,The editorial staff reserves the right to take down comments it deems inappropriate .,Redacția își rezervă dreptul de a elimina comentariile pe care le consideră nepotrivite.,NoArgument,train
minimum wage,What Does it All Mean ?,Ce înseamnă totul?,NoArgument,train
minimum wage,But the real world is more complicated than Economics 101 or price floors or supply and demand curves would have you believe .,Dar lumea reală este mai complicată decât ți-ar face să crezi Economie 101 sau pragurile de preț sau curbele cererii și ofertei.,NoArgument,train
minimum wage,"Retrieved December 29 , 2007 .",Recuperat la 29 decembrie 2007 .,NoArgument,train
minimum wage,Does it help the poor ?,Îi ajută pe cei săraci?,NoArgument,train
minimum wage,"Justices raised pointed questions about the nature of the city charter in Minneapolis , and what exactly a city "" function "" involved — trying to differentiate between specific city activities and a local government 's general responsibilities .",Judecătorii au ridicat întrebări ascuțite cu privire la natura statutului orașului din Minneapolis și ce anume implica o „funcție” orașului – încercarea de a diferenția între activitățile specifice ale orașului și responsabilitățile generale ale guvernului local.,NoArgument,train
minimum wage,Contiguous counties with different minimum wages are in purple .,Județele învecinate cu salarii minime diferite sunt în violet.,NoArgument,train
minimum wage,"Daniel B. Klein and Stewart Dompe conclude , on the basis of previous surveys , "" the average level of support for the minimum wage is somewhat higher among labor economists than among AEA members . ""","Daniel B. Klein şi Stewart Dompe concluzionează , pe baza anchetelor anterioare , "" nivelul mediu de sprijin pentru salariul minim este ceva mai mare în rândul economiştilor de muncă decât în ​​rândul membrilor AEA "" .",NoArgument,train
minimum wage,Simply click here to receive your free copy of our new report that details how you can take advantage of these strategies .,Pur și simplu faceți clic aici pentru a primi copia gratuită a noului nostru raport care detaliază cum puteți profita de aceste strategii.,NoArgument,train
minimum wage,"But in a way , that 's also the wrong question .","Dar într-un fel, aceasta este și întrebarea greșită.",NoArgument,train
minimum wage,"When one crab tries to make its exit from captivity , though , what actually happens is that the others pull it right back down .","Când un crab încearcă să iasă din captivitate , ceea ce se întâmplă de fapt este că ceilalți îl trag înapoi în jos .",NoArgument,train
minimum wage,This worshipping of unfettered immigration is causing the destruction of this country and denying it is dishonest .,Această adorare a imigrației neîngrădite provoacă distrugerea acestei țări și negarea ei este necinstită.,NoArgument,train
minimum wage,Let 's say that those relatively few people are suddenly paid $ 19 an hour .,Să presupunem că acei oameni relativ puțini sunt plătiți brusc cu 19 dolari pe oră.,NoArgument,train
minimum wage,"These numbers come from looking at the current poverty rates of low wage workers , in particular .","Aceste cifre provin din analiza ratelor actuale de sărăcie ale lucrătorilor cu salarii mici, în special.",NoArgument,train
minimum wage,Where does this all leave the minimum wage ?,Unde lasă toate acestea salariul minim?,NoArgument,train
minimum wage,"But Sommers continues , calling out three key benefits that balance increased payroll costs .","Dar Sommers continuă, menționând trei beneficii cheie care echilibrează costurile crescute cu salariile.",NoArgument,train
minimum wage,"Alaska , Oregon , California , Montana and Washington have the lowest percentage of minimum wage workers .","Alaska , Oregon , California , Montana și Washington au cel mai mic procent de lucrători cu salariul minim .",NoArgument,train
minimum wage,"Cost-viability on something like that — at least to the degree that robots or touchscreens could actually replace workers , rather than simply making their job easier — is still quite a ways off , regardless of if those workers are paid $ 8 or $ 15 .","Viabilitatea costurilor pentru așa ceva – cel puțin în măsura în care roboții sau ecranele tactile ar putea înlocui efectiv lucrătorii, mai degrabă decât pur și simplu să le ușureze munca – este încă destul de departe, indiferent dacă acești lucrători sunt plătiți cu 8 dolari sau 15 dolari.",NoArgument,train
minimum wage,Sommers recently raised his workers ’ minimum wages to $ 10.10 / hour and wrote an opinion piece that ended up on the Department of Labor ’s blog .,"Sommers a ridicat recent salariul minim al lucrătorilor săi la 10,10 USD/oră și a scris un articol de opinie care a ajuns pe blogul Departamentului Muncii.",NoArgument,train
minimum wage,A recent analysis found that 13 million workers earn less than $ 9 an hour .,O analiză recentă a constatat că 13 milioane de muncitori câștigă mai puțin de 9 dolari pe oră.,NoArgument,train
minimum wage,And that has been during a period when inflation rates have been abnormally low because of the Great Recession .,Și asta sa întâmplat într-o perioadă în care ratele inflației au fost anormal de scăzute din cauza Marii Recesiuni.,NoArgument,train
minimum wage,That 's all I have room for .,Pentru asta am loc .,NoArgument,train
minimum wage,"Other economists , like David Neumark and William Wascher , disagree .","Alți economiști, precum David Neumark și William Wascher, nu sunt de acord.",NoArgument,train
minimum wage,It provides businesses with a mandate of what they have to pay their employees .,Oferă întreprinderilor un mandat privind ceea ce trebuie să plătească angajaților.,NoArgument,train
minimum wage,"When I was a youth , I paid for college with a summer job !","Când eram tânăr, am plătit facultatea cu un job de vară!",NoArgument,train
minimum wage,The Party of kill-the-minimum-wage could hardly have been more splendidly represented .,Partidul uciderii-salariu-minim cu greu ar fi putut fi mai splendid reprezentat.,NoArgument,train
minimum wage,"With that in mind , let 's have a closer look at three benefits that could be realized by raising the federal minimum wage , as well as three disadvantages of boosting the minimum wage .","Având în vedere acest lucru, să aruncăm o privire mai atentă la trei beneficii care ar putea fi realizate prin creșterea salariului minim federal, precum și la trei dezavantaje ale creșterii salariului minim.",NoArgument,train
minimum wage,"Clearly , that would be a good thing .","În mod clar , acesta ar fi un lucru bun .",NoArgument,train
minimum wage,"The paper spawned a flood of similar “ case-study ” research , a flurry of revisionist thinking and a heated academic debate .","Lucrarea a generat un val de cercetări similare „studiu de caz”, un val de gândire revizionistă și o dezbatere academică aprinsă.",NoArgument,train
minimum wage,"So when Chrisanna Capshaw stepped up to the mic at a North Carolina hearing where people wanted to talk about why raising the minimum wage is no longer an option for working people , folks listened .","Așa că, când Chrisanna Capshaw a intervenit la microfon la o audiere din Carolina de Nord, unde oamenii au vrut să vorbească despre de ce creșterea salariului minim nu mai este o opțiune pentru oamenii care lucrează, oamenii au ascultat.",NoArgument,train
minimum wage,"But that consensus collapsed during the next decade , with the rise of what ’s known now as the “ new minimum wage research . ”","Dar acel consens s-a prăbușit în următorul deceniu, odată cu creșterea a ceea ce este cunoscut acum sub numele de „noul studiu privind salariul minim”.",NoArgument,train
minimum wage,This matters because low-wage employers are n’t just employers .,Acest lucru contează deoarece angajatorii cu salarii mici nu sunt doar angajatori.,NoArgument,train
minimum wage,"Gary Fields , Professor of Labor Economics and Economics at Cornell University , argues that the standard textbook model for the minimum wage is ambiguous , and that the standard theoretical arguments incorrectly measure only a one-sector market .","Gary Fields, profesor de economie și economie a muncii la Universitatea Cornell, susține că modelul standard de manual pentru salariul minim este ambiguu și că argumentele teoretice standard măsoară incorect doar o piață cu un singur sector.",NoArgument,train
minimum wage,"In Montana , for a full-time worker , it was $ 13.92 an hour ; in New York City , it was $ 22.66 .","În Montana, pentru un muncitor cu normă întreagă, era 13,92 USD pe oră; în New York, a fost 22,66 dolari.",NoArgument,train
minimum wage,We look forward to seeing you on [ website ] frequently .,Așteptăm cu nerăbdare să vă vedem pe [site-ul web] frecvent.,NoArgument,train
minimum wage,"It also has one of the most complicated systems with more than 1,200 minimum wage rates .","De asemenea, are unul dintre cele mai complicate sisteme cu peste 1.200 de salarii minime.",NoArgument,train
minimum wage,31 % felt that no hiring changes would result .,31 % au considerat că nu vor avea loc schimbări de angajare .,NoArgument,train
minimum wage,It is important to hear and ponder deeply .,Este important să auziți și să meditați profund.,NoArgument,train
minimum wage,African-Americans and young adults are evidently consulting oracles different from Hatch ’s .,"În mod evident, afro-americanii și tinerii adulți consultă oracole diferite de cele ale lui Hatch.",NoArgument,train
minimum wage,Another agenda is being served .,O altă agendă este servită.,NoArgument,train
minimum wage,"Both indulge nostalgia in their own way , but their yearning points to something real : In American politics , and specifically in political media , quality debate has seemingly withered .","Amândoi își răsfață nostalgia în felul lor, dar dorința lor indică ceva real: în politica americană, și în special în mass-media politică, dezbaterea de calitate pare să se ofilească.",NoArgument,train
minimum wage,Name E-mail Feedback Type What kind of error ?,Nume E-mail Feedback Tip Ce fel de eroare?,NoArgument,train
minimum wage,The association and franchisees want to be recognized as smaller businesses to get more time to raise pay incrementally to $ 15 by 2021 .,Asociația și francizații doresc să fie recunoscuți ca întreprinderi mai mici pentru a avea mai mult timp pentru a crește salariile treptat la 15 USD până în 2021.,NoArgument,train
minimum wage,"At $ 7.25 per hour , someone working 40 hours a week earns around $ 15,100 per year .","Cu 7,25 USD pe oră, cineva care lucrează 40 de ore pe săptămână câștigă în jur de 15.100 USD pe an.",NoArgument,train
minimum wage,"After a few seconds , the door is opened by an impatient-looking blonde woman holding a cell phone to her ear .","După câteva secunde, ușa este deschisă de o femeie blondă cu aspect nerăbdător ținând un telefon mobil la ureche.",NoArgument,train
minimum wage,The result is a surplus of the commodity .,Rezultatul este un surplus al mărfii.,NoArgument,train
minimum wage,"When voters elsewhere have been presented with similar questions , he noted , â € œthe passing rates are high.â € But Hamer said thereâ € ™ s still time to change some minds .","Când alegătorilor din alte părţi li s-au adresat întrebări similare, el a remarcat: „ratele de promovare sunt mari.” Dar Hamer a spus că este încă timp să se răzgândească.",NoArgument,train
minimum wage,"Since then , many other nations have adopted similar policies .","De atunci, multe alte naţiuni au adoptat politici similare.",NoArgument,train
minimum wage,Robust competition is a powerful force helping to ensure that workers are paid what they contribute to their employers ’ bottom lines .,Concurența puternică este o forță puternică care ajută la asigurarea faptului că lucrătorii sunt plătiți cu ceea ce contribuie la rezultatele angajatorilor lor.,NoArgument,train
minimum wage,The most prominent critics of the new research were David Neumark of the University of California at Irvine and William Wascher of the Federal Reserve .,Cei mai proeminenți critici ai noilor cercetări au fost David Neumark de la Universitatea din California la Irvine și William Wascher de la Rezerva Federală.,NoArgument,train
minimum wage,"The first minimum wage law was enacted in New Zealand in 1894 , according the Organization for Economic Cooperation and Development ( OECD ) , an international economic group .","Prima lege a salariului minim a fost adoptată în Noua Zeelandă în 1894, conform Organizației pentru Cooperare și Dezvoltare Economică (OCDE), un grup economic internațional.",NoArgument,val
minimum wage,"Sen. Tom Harkin , D-Iowa , has introduced legislation that would raise the federal minimum wage to $ 9.80 -- about $ 20,400 for a year of full-time work -- within two years .","Senatorul Tom Harkin, D-Iowa, a introdus o legislație care ar ridica salariul minim federal la 9,80 dolari - aproximativ 20.400 dolari pentru un an de muncă cu normă întreagă - în termen de doi ani.",NoArgument,val
minimum wage,"As with many other aspects of the national economy in a capitalistic society , minimum wages have advantages as well as disadvantages .","Ca și în multe alte aspecte ale economiei naționale într-o societate capitalistă, salariile minime au atât avantaje, cât și dezavantaje.",NoArgument,val
minimum wage,"Meanwhile , in Congress , several bills on the minimum wage have been introduced .","Între timp, în Congres au fost introduse mai multe proiecte de lege privind salariul minim.",NoArgument,val
minimum wage,"Well , intuitively , because that sounds absurd .","Ei bine , intuitiv , pentru că asta sună absurd .",NoArgument,val
minimum wage,"It ’s an approach both noble and misguided , but a year into his Late Show run , it ’s kept him firmly out of the zeitgeist .","Este o abordare deopotrivă nobilă și greșită, dar la un an de la lansarea lui Late Show, l-a ținut ferm departe de zeitgeist.",NoArgument,val
minimum wage,By cutting his own salary and directing more of his company 's profits into salaries .,Prin reducerea propriului salariu și direcționând mai mult din profiturile companiei sale în salarii.,NoArgument,val
minimum wage,For instance : the Federal Reserve has a set a target inflation rate of 2.5 percent per year .,"De exemplu: Rezerva Federală a stabilit o rată țintă a inflației de 2,5% pe an.",NoArgument,val
minimum wage,"In the United States , the minimum wage promulgated by the Fair Labor Standards Act of 1938 was intentionally set at a high , national level to render low-technology , low-wage factories in the South obsolete .","În Statele Unite, salariul minim promulgat prin Legea privind standardele echitabile de muncă din 1938 a fost stabilit în mod intenționat la un nivel național înalt, pentru a face ca fabricile cu tehnologie scăzută și cu salarii mici din sud să fie învechite.",NoArgument,val
minimum wage,"Businesses didnâ € ™ t run much of a campaign against the 2006 measure â € ” a mistake , Hamer said , they wonâ € ™ t repeat this time .","Întreprinderile nu au desfășurat o mare campanie împotriva măsurii din 2006 – o greșeală, a spus Hamer, nu vor repeta de data aceasta.",NoArgument,val
minimum wage,This was part of the chain ’s reasoning in boosting prices by 2 percent this year .,Acest lucru a făcut parte din raționamentul lanțului de a crește prețurile cu 2% în acest an.,NoArgument,val
minimum wage,"If the crabs were to work together , they could all easily escape .","Dacă crabii ar lucra împreună, toți ar putea scăpa cu ușurință.",NoArgument,val
minimum wage,I do think – and you will probably agree – that the knee-jerk answer to every complex problem is … more [ formal ] education .,Cred – și probabil că veți fi de acord – că răspunsul la fiecare problemă complexă este… educație mai [formală].,NoArgument,test
minimum wage,"I do n't think we should be doing anything to dissuade people from entering the job market right now . ""","Nu cred că ar trebui să facem ceva pentru a descuraja oamenii să intre pe piața muncii chiar acum. """,NoArgument,test
minimum wage,I do n’t have a formal education .,Nu am o educație formală.,NoArgument,test
minimum wage,I think you should educate yourself on the topic and then come back to this .,Cred că ar trebui să te educi cu privire la subiect și apoi să revii la asta.,NoArgument,test
minimum wage,Those were the people that had my job .,Aceștia erau oamenii care aveau slujba mea.,NoArgument,test
minimum wage,All one has to do is read and research to know this as the info is everywhere .,"Tot ce trebuie să faci este să citești și să cercetezi pentru a ști asta, deoarece informațiile sunt peste tot.",NoArgument,test
minimum wage,"Our new resource shows the minimum wage levels of all 50 states and DC , plus the 37 cities and counties that have set their own rates .","Noua noastră resursă arată nivelurile salariului minim din toate cele 50 de state și DC, plus cele 37 de orașe și județe care și-au stabilit propriile tarife.",NoArgument,test
minimum wage,"As a rule if , less people quit then more money for them .","De regulă, dacă, mai puțini oameni renunță, atunci mai mulți bani pentru ei.",NoArgument,test
minimum wage,This column looks at those opposed .,Această coloană îi privește pe cei care se opun.,NoArgument,test
minimum wage,My issue with this is a lot of Americans just look for someone that sounds good and makes them feel good then they vote on whatever that persons opinion is on an issue .,"Problema mea cu asta este că mulți americani caută pe cineva care să sune bine și să-i facă să se simtă bine, apoi votează orice părere a acelei persoane despre o problemă.",NoArgument,test
minimum wage,"In fact , one way to look at this is that low minimum wage laws are government subsidies to low wage businesses .","De fapt, o modalitate de a privi acest lucru este că legile privind salariul minim scăzut sunt subvenții guvernamentale pentru întreprinderile cu salarii mici.",NoArgument,test
minimum wage,LOL jk I know you totally talk shit about fast food workers as a means of compensating for your own insecurities — all of you fucknuts do .,"LOL, jk Știu că vorbești prostii despre lucrătorii de la fast-food ca un mijloc de a-ți compensa propriile nesiguranțe - toți nenorociții fac.",NoArgument,test
minimum wage,But no single solution will work on its own .,Dar nicio soluție nu va funcționa singură.,NoArgument,test
school uniforms,The US Department of Education maintains that the mandatory use of standardized dress reduces violence within the school .,Departamentul de Educație al SUA susține că utilizarea obligatorie a îmbrăcămintei standardizate reduce violența în școală.,Argument_for,train
school uniforms,"Youth have the need to fit in , to be a part of their environment .","Tinerii au nevoia de a se integra, de a face parte din mediul lor.",Argument_for,train
school uniforms,Students have less time to prepare and get ready for school in the morning .,• Elevii au mai puțin timp să se pregătească și să se pregătească pentru școală dimineața.,Argument_for,train
school uniforms,"Candy-striped clown suits , silly hats , wide shorts that expose the genitals and short ties spring to mind .","Îmi vin în minte costume de clovn cu dungi, pălării prostuțe, pantaloni scurți largi care scot la iveală organele genitale și cravate scurte.",Argument_for,train
school uniforms,""" Wealthier students may own every uniform accessory and wear designer bracelets or shoes that light up ; others -- if they do own uniforms -- have very basic ones .",„Elevii mai bogați pot deține fiecare accesoriu de uniformă și pot purta brățări de designer sau pantofi care se luminează; alții – dacă au uniforme – au unele foarte simple.,Argument_for,train
school uniforms,Schools also say that uniforms help to set high academic standards .,"Școlile spun, de asemenea, că uniformele ajută la stabilirea unor standarde academice înalte.",Argument_for,train
school uniforms,"The idea is that students can not easily walk away from school without being immediately identified by the collaborating general public , apprehended and handed over to their school for punishment .","Ideea este că elevii nu pot pleca cu ușurință de la școală fără a fi imediat identificați de publicul larg colaborator, reținuți și predați școlii lor pentru pedeapsă.",Argument_for,train
school uniforms,Makes morning easier for parents .,Ușurează dimineața părinților.,Argument_for,train
school uniforms,"Most problems of enforcing uniform rules in the USA are because uniform is voluntary , or students are allowed an opt-out from it .",Cele mai multe probleme legate de aplicarea regulilor uniforme în SUA se datorează faptului că uniforma este voluntară sau studenților li se permite să renunțe la ea.,Argument_for,train
school uniforms,Students are often so focused on their wardrobe that it distracts them from learning .,Elevii sunt adesea atât de concentrați pe garderoba lor încât le distrage atenția de la învățare.,Argument_for,train
school uniforms,Parents want their kids to be well mannered and behaved ; a 1994 study proves that students wearing uniform at school are well perceived by teachers .,Părinții doresc ca copiii lor să fie educați și să se comporte bine; un studiu din 1994 demonstrează că elevii care poartă uniformă la școală sunt bine percepuți de profesori.,Argument_for,train
school uniforms,"Even from the earliest grades , children feel the pressure to conform to idealized standards of dress , which may be beyond their family 's means .","Chiar și din primele clase, copiii simt presiunea de a se conforma standardelor idealizate de îmbrăcăminte, ceea ce poate depăși posibilitățile familiei lor.",Argument_for,train
school uniforms,"As early as the sixteenth century , uniforms were utilised and became more specific as various fashion trends became undesirable to the university .","Încă din secolul al XVI-lea, uniformele au fost folosite și au devenit mai specifice pe măsură ce diversele tendințe de modă au devenit nedorite universității.",Argument_for,train
school uniforms,"In my research , students indicated that there was a reduction in the bullying that they specifically saw occur at their school .","În cercetarea mea, studenții au indicat că a existat o reducere a hărțuirii pe care au văzut-o în mod special la școala lor.",Argument_for,train
school uniforms,And the courts have allowed schools to adopt policies requiring students to conform to dress codes .,Și instanțele au permis școlilor să adopte politici care cer elevilor să se conformeze codurilor vestimentare.,Argument_for,train
school uniforms,"Now , because US high schools allows kids to wear any clothes they want ( to a degree ) , there is no discipline with the students .","Acum, pentru că liceele din SUA le permit copiilor să poarte orice haine doresc (până la un punct), nu există nicio disciplină cu elevii.",Argument_for,train
school uniforms,Theme 3 : Uniforms will make it easier to identify those who are not from the school and therefore increase security/safety .,"Tema 3: Uniformele vor facilita identificarea celor care nu sunt de la școală și, prin urmare, vor crește securitatea/siguranța.",Argument_for,train
school uniforms,Supporters further claim that uniforms improve attendance .,Susținătorii susțin în continuare că uniformele îmbunătățesc prezența.,Argument_for,train
school uniforms,"When we talk about safety and keeping an eye on students , it becomes seamlessly easy to manage them at field trips and outings .","Când vorbim despre siguranță și supravegherea studenților, devine perfect ușor să îi gestionăm în excursii și ieșiri.",Argument_for,train
school uniforms,"During a telephone interview in April 1996 , Dick Van Der Laan , Long Beach Unified School District spokesman , stated that the only change which had occurred in the district , prior to the improved discipline results , was the implementation of the uniform policy .","În timpul unui interviu telefonic din aprilie 1996 , Dick Van Der Laan , purtătorul de cuvânt al districtului şcolar unificat din Long Beach , a declarat că singura schimbare care a avut loc în district , înainte de rezultatele îmbunătăţite ale disciplinei , a fost implementarea politicii uniforme .",Argument_for,train
school uniforms,Wearing a uniform five days a week might make students appreciate their weekend fashions more -- maybe enough to even take good care of them !,Purtarea unei uniforme cinci zile pe săptămână i-ar putea face pe studenți să-și aprecieze mai mult moda de weekend -- poate suficient pentru a avea grijă de ei!,Argument_for,train
school uniforms,"School uniforms remove these factors from the social environment within the school , thus relieving students from the pressure to fit in .","Uniformele școlare îndepărtează acești factori din mediul social din școală, eliberând astfel elevii de presiunea de a se integra.",Argument_for,train
school uniforms,"People who are for uniforms say that it promotes social conformity , so the less-to-do do n’t have to be pressured to keep up with their well-off contemporaries .","Oamenii care sunt pentru uniforme spun că promovează conformitatea socială, astfel încât cei mai puțin de făcut nu trebuie să fie presați să țină pasul cu contemporanii lor înstăriți.",Argument_for,train
school uniforms,Students in uniform feel united and connected .,Elevii în uniformă se simt uniți și conectați.,Argument_for,train
school uniforms,It makes more sense to just express yourself through actions .,Este mai logic să te exprimi doar prin acțiuni.,Argument_for,train
school uniforms,"In Detroit , a 15-year-old boy was shot for his $ 86 basketball shoes .","În Detroit, un băiat de 15 ani a fost împușcat pentru pantofii de baschet de 86 de dolari.",Argument_for,train
school uniforms,Chicago school officials found a drop in gang violence after adopting school uniforms .,Oficialii școlii din Chicago au constatat o scădere a violenței bandelor după ce au adoptat uniforme școlare.,Argument_for,train
school uniforms,"Although uniforms have been a mainstay of private schools , public schools did n’t jump on the bandwagon until 1994 , when the Long Beach California School District integrated school uniforms to address safety issues challenging the district .","Deși uniformele au fost un pilon de bază al școlilor private, școlile publice nu s-au urcat pe val până în 1994, când Districtul școlar din Long Beach California a integrat uniformele școlare pentru a aborda problemele de siguranță care provoacă districtul.",Argument_for,train
school uniforms,"Mention how wearing a uniform can influence on the development of personality of students , instilling in them a desire to look neat , develop their work skills , etc .","Menționați cum purtarea uniformei poate influența dezvoltarea personalității elevilor, insuflându-le dorința de a arăta îngrijit, de a-și dezvolta abilitățile de lucru etc.",Argument_for,train
school uniforms,The elementary schools with mandatory uniforms saw a slight decrease in discipline problems .,Școlile primare cu uniforme obligatorie au înregistrat o uşoară scădere a problemelor de disciplină.,Argument_for,train
school uniforms,"So far , legally , no First Amendment problem , under court rulings that apply to public schools in Nevada and neighboring states .","Până acum, din punct de vedere legal, nicio problemă cu Primul Amendament, în temeiul hotărârilor judecătorești care se aplică școlilor publice din Nevada și statelor învecinate.",Argument_for,train
school uniforms,Teachers overwhelmingly agreed that school uniforms improved the learning environment .,Profesorii au fost de acord în mod covârșitor că uniformele școlare au îmbunătățit mediul de învățare.,Argument_for,train
school uniforms,"Studies show , however , that when students wear uniforms , the attrition rate drops to 5 % , which is roughly 1/4 of the national mean .","Studiile arată, însă, că atunci când studenții poartă uniforme, rata de uzură scade la 5%, ceea ce reprezintă aproximativ 1/4 din media națională.",Argument_for,train
school uniforms,"Short skirts can sometimes be too short , that a gust of wind can easily expose your underpants .","Fustele scurte pot fi uneori prea scurte, astfel încât o rafală de vânt vă poate expune cu ușurință chiloții.",Argument_for,train
school uniforms,"It is also worth noting that uniforms do not have to be expensive , they can simply be particular pants and sweaters .","De asemenea, este de remarcat faptul că uniformele nu trebuie să fie neapărat scumpe, ele pot fi pur și simplu niște pantaloni și pulovere.",Argument_for,train
school uniforms,"The idea of a school uniform is that students wear the uniform at school , but do not wear the uniform , say , at a disco or other events outside school .","Ideea unei uniforme școlare este ca elevii să poarte uniforma la școală, dar să nu poarte uniforma, să zicem, la o discotecă sau la alte evenimente în afara școlii.",Argument_for,train
school uniforms,"By Knownroads ( Own work ) [ Public domain ] , via Wikimedia Commons According to school-reported statistics and the School Administrator , the mandate of uniforms on campuses has reduced tardiness , skipped classes , suspensions , and discipline referrals among students .","Prin Knownroads (Proprie lucrare) [Domeniu public], prin Wikimedia Commons. Conform statisticilor raportate de școală și a administratorului școlii, mandatul de uniforme în campusuri a redus întârzierile, cursurile sărite, suspendările și recomandările disciplinare în rândul elevilor.",Argument_for,train
school uniforms,A “ substantial disruption ” occurs when school administrators or teachers are unable to proceed with regular school activities due to the interference caused by a student ’s clothing .,O „perturbare substanțială” are loc atunci când administratorii școlii sau profesorii nu pot continua cu activitățile școlare obișnuite din cauza interferenței cauzate de îmbrăcămintea unui elev.,Argument_for,train
school uniforms,""" I personally feel proud walking around in my uniform , despite what people might say . ""","„Personal mă simt mândru că mă plimb în uniformă, în ciuda a ceea ce ar putea spune oamenii.”",Argument_for,train
school uniforms,"The average clothing cost per child in schools with a student uniform is markedly less than that in schools without uniforms ... Chosen by each school , school uniforms provide students with a school identity , strengthen school and individual spirit and pride -- not unlike the way an athletic team uniform builds team identity , morale and self-esteem .","Costul mediu de îmbrăcăminte per copil în școlile cu uniformă de elev este semnificativ mai mic decât cel din școlile fără uniforme... Alese de fiecare școală, uniformele școlare oferă elevilor o identitate școlară, întăresc școala și spiritul și mândria individuală - nu spre deosebire de modul în care o uniformă de echipă de atletism construiește identitatea echipei, moralul și stima de sine.",Argument_for,train
school uniforms,"There are numerous different ways students can add their personal touch to school-uniforms like , a different hair style , use of a cool nail polish , addition of accessories such as buttons , socks , scarfs and the list can just go on .","Există numeroase moduri diferite în care elevii își pot adăuga nota personală uniformelor școlare, cum ar fi un stil de păr diferit, utilizarea unei oje grozave, adăugarea de accesorii precum nasturi, șosete, eșarfe și lista poate continua.",Argument_for,train
school uniforms,""" Uniforms give schools a sense of identity and cohesion , "" said author and historian Alexander Davidson .","„Uniformele oferă școlilor un sentiment de identitate și coeziune”, a spus autorul și istoricul Alexander Davidson.",Argument_for,train
school uniforms,"Many students feel that they are judged according to what they wear by other students , as well as by teachers and administrators .","Mulți elevi simt că sunt judecați în funcție de ceea ce poartă de către alți elevi, precum și de către profesori și administratori.",Argument_for,train
school uniforms,"Outsiders who do not belong on campus are easily identified , and thus , do not pose a great threat to the students .","Cei din afară care nu aparțin campusului sunt ușor de identificat și, prin urmare, nu reprezintă o mare amenințare pentru studenți.",Argument_for,train
school uniforms,We can not afford to allow our schools to be used as laboratories and our children to be used as guinea pigs for new questionable fads founded in vanity and based on supposition .,Nu ne putem permite să permitem școlilor noastre să fie folosite ca laboratoare și copiilor noștri să fie folosiți ca cobai pentru noi moduri discutabile fondate în vanitate și bazate pe presupuneri.,Argument_for,train
school uniforms,"Research has shown that among middle and high school students , uniforms reduce absences on average by half a day each school year .","Cercetările au arătat că printre elevii de gimnaziu și liceu, uniformele reduc absențele în medie cu o jumătate de zi în fiecare an școlar.",Argument_for,train
school uniforms,Uniforms eliminate this pressure and allow the attention of students to be directed to learning and growing .,Uniformele elimină această presiune și permit ca atenția elevilor să fie îndreptată spre învățare și creștere.,Argument_for,train
school uniforms,"Birmingham schools reported a drop in weapon and drug incidents , and Houston schools reported a decrease in violent crime .","Școlile din Birmingham au raportat o scădere a incidentelor cu arme și droguri, iar școlile din Houston au raportat o scădere a criminalității violente.",Argument_for,train
school uniforms,"In addition , distracting fashion trends and status - symbol clothing are eliminated , enabling students to focus more on their academic goals .","În plus, tendințele modei care distrag atenția și îmbrăcămintea simbol al statutului sunt eliminate, permițând studenților să se concentreze mai mult pe obiectivele lor academice.",Argument_for,train
school uniforms,One-third of students reported benefits to wearing school uniforms .,O treime dintre elevi au raportat beneficii pentru purtarea uniformelor școlare.,Argument_for,train
school uniforms,""" If a simple change in attire can positively influence more than 30 percent , or even 25 percent of a school 's student population , then perhaps administrators , teachers , students and community members find it worth the effort , "" Sanchez said .","„Dacă o simplă schimbare de ținută poate influența pozitiv mai mult de 30%, sau chiar 25% din populația elevilor unei școli, atunci poate că administratorii, profesorii, studenții și membrii comunității merită efortul”, a spus Sanchez.",Argument_for,train
school uniforms,The local community knows where that kid belongs .,Comunitatea locală știe unde este acel copil.,Argument_for,train
school uniforms,"They believe that students feel more professional and feel like they belong to something when they wear school uniforms , encouraging them to behave accordingly as a result .","Ei cred că elevii se simt mai profesioniști și simt că aparțin ceva atunci când poartă uniforme școlare, încurajându-i ca urmare să se comporte în consecință.",Argument_for,train
school uniforms,All students in a similar outfit also make students less concerned about what other people are wearing .,Toți studenții într-o ținută similară îi fac pe studenți mai puțin preocupați de ceea ce poartă alți oameni.,Argument_for,train
school uniforms,If uniform must be worn by everyone there is much less confusion and enforcing the rules is quicker and simpler .,"Dacă uniforma trebuie purtată de toată lumea, există mult mai puțină confuzie și aplicarea regulilor este mai rapidă și mai simplă.",Argument_for,train
school uniforms,Children consequently judge each other by their physical appearances .,"Prin urmare, copiii se judecă unii pe alții după aspectul lor fizic.",Argument_for,train
school uniforms,"When they are all dressed alike , their all-for-one-and-one-for-all comradery is boosted .","Când toți sunt îmbrăcați la fel, camaraderia lor „tot-pentru-unul-și-unu-pentru-toți” este sporită.",Argument_for,train
school uniforms,"It makes you look like a community , rather than just normal people , if you know what I mean !","Te face să arăți ca o comunitate, mai degrabă decât oameni normali, dacă știi ce vreau să spun!",Argument_for,val
school uniforms,"Across the country , similar statistics abound ; for example , at Ruffner Middle School in Norfolk , VA , the number of discipline referrals decreased by 42 % once uniforms were enforced .","În toată țara , statistici similare abundă ; de exemplu , la Ruffner Middle School din Norfolk , VA , numărul de recomandări disciplinare a scăzut cu 42 % odată ce uniformele au fost aplicate .",Argument_for,val
school uniforms,This is an ideal time to teach your child there is more to life than a cool logo .,Acesta este un moment ideal pentru a-ți învăța copilul că viața este mai mult decât un logo cool.,Argument_for,val
school uniforms,Tremendous amount of time can be utilized more productively if the school management does n’t have to worry about the dressing of individual students .,O cantitate enormă de timp poate fi utilizată mai productiv dacă conducerea școlii nu trebuie să-și facă griji cu privire la îmbrăcămintea individuală a elevilor.,Argument_for,val
school uniforms,"Uniforms are made to last , and can be washed easily and frequently .",Uniformele sunt făcute pentru a rezista și pot fi spălate ușor și frecvent.,Argument_for,val
school uniforms,"Jegory says2013-05-14T21 :03:29.110 Report Post It seems a lot of people saying "" Yes "" are arguing that it would mean less bullying would occur .",Jegory spune2013-05-14T21 :03:29.110 Raportează post Se pare că mulți oameni care spun „Da” susțin că ar însemna că ar avea loc mai puțină agresiune.,Argument_for,val
school uniforms,"In addition , with the visual uniformity present across all students , the instance of school pride has increased .","În plus , odată cu uniformitatea vizuală prezentă la toți elevii , orgoliul școlar a crescut .",Argument_for,val
school uniforms,A middle school student at Boone Middle School in Haines City was recently suspended over the color of his sweater .,Un elev de gimnaziu la Boone Middle School din Haines City a fost suspendat recent din cauza culorii puloverului său.,Argument_for,val
school uniforms,Requiring uniforms enhances school security by permitting identification of non-students who try to enter the campus .,"Solicitarea uniformelor sporește securitatea școlii, permițând identificarea non-studentilor care încearcă să intre în campus.",Argument_for,val
school uniforms,"These statistics offered by Long Beach are often most cited as a proven deterrent to school violence , after adopting a mandatory uniform policy in 1994 .","Aceste statistici oferite de Long Beach sunt adesea citate ca un factor de descurajare dovedit a violenţei în şcoală , după adoptarea unei politici de uniformă obligatorie în 1994 .",Argument_for,val
school uniforms,"In Long Beach , California , the first district to have a widespread mandatory uniform policy in the public schools , the initial reports concerning drops in crime and discipline were astonishing .","În Long Beach , California , primul district care a avut o politică de uniformă obligatorie pe scară largă în școlile publice , rapoartele inițiale privind scăderea criminalității și a disciplinei au fost uimitoare.",Argument_for,val
school uniforms,They focus attention upon learning and away from such distractions as fashion competition and gang intimidation .,Aceștia concentrează atenția asupra învățării și departe de astfel de distrageri precum competiția de modă și intimidarea bandelor.,Argument_for,val
school uniforms,The uniform actually levels the fashion playing field for families of modest income since everyone wears the same dress .,"Uniforma de fapt nivelează terenul de joc în modă pentru familiile cu venituri modeste, deoarece toată lumea poartă aceeași rochie.",Argument_for,val
school uniforms,"Virginia B. Draa , Assistant Professor of Human Ecology at Youngstown State University , said uniforms can decrease peer pressure and blur class lines between students .","Virginia B. Draa, profesor asistent de Ecologie Umană la Universitatea de Stat din Youngstown, a spus că uniformele pot scădea presiunea colegilor și pot estompa liniile de curs între studenți.",Argument_for,test
school uniforms,School uniforms can save parents money .,Uniformele școlare pot economisi bani pentru părinți.,Argument_for,test
school uniforms,Uniforms encourage and reflect sameness .,Uniformele încurajează și reflectă asemănarea.,Argument_for,test
school uniforms,Most parents and educators support mandatory school uniforms .,Majoritatea părinților și educatorilor susțin uniformele școlare obligatorii.,Argument_for,test
school uniforms,Apparently the same casual mind-set toward revealing outfits is cropping up in the ranks of our teachers .,"Aparent, în rândurile profesorilor noștri apare aceeași mentalitate casual față de ținutele dezvăluite.",Argument_for,test
school uniforms,School uniforms may improve attendance and discipline .,Uniformele școlare pot îmbunătăți prezența și disciplina.,Argument_for,test
school uniforms,"A 2007 peer-reviewed study found that after uniforms were introduced , "" Teachers perceived an increase in the level of respect , caring , and trust ... throughout the school "" and said "" students are made to feel ' important ' and as if they are a part of a team by wearing a uniform . ""","Un studiu din 2007, evaluat de colegi, a constatat că, după introducerea uniformelor, „Profesorii au perceput o creștere a nivelului de respect, grijă și încredere... în întreaga școală” și au spus că „elevii sunt făcuți să se simtă „importanți” și ca și cum ar fi parte dintr-o echipă purtând o uniformă”.",Argument_for,test
school uniforms,A 2012 peer-reviewed study found that 54 % of eighth-graders said they could still express their individuality while wearing school uniforms .,Un studiu evaluat de colegi din 2012 a constatat că 54 % dintre elevii de clasa a VIII-a au spus că își pot exprima în continuare individualitatea purtând uniforme școlare.,Argument_for,test
school uniforms,"We have a styling of uniforms for girls that 's more comfortable , practical and more suited for a girl 's shape .","Avem un stil de uniforme pentru fete care este mai confortabil, practic și mai potrivit pentru forma unei fete.",Argument_for,test
school uniforms,Uniforms can be reused and recycled .,Uniformele pot fi refolosite și reciclate.,Argument_for,test
school uniforms,"Her final analysis surprised her : “ I really went into this thinking uniforms do n’t make a difference , but I came away seeing that they do .","Analiza ei finală a surprins-o: „Am intrat într-adevăr în această gândire că uniformele nu fac diferență, dar am plecat văzând că da.",Argument_for,test
school uniforms,"Wearing one 's own choice of shirt or pants is not the "" pure speech "" protected by the Constitution .",Purtarea cămășii sau a pantalonilor la alegerea proprie nu este „discursul pur” protejat de Constituție.,Argument_for,test
school uniforms,It is the position of the plaintiffs that requiring the purchase of specific items in order to be educated causes the education to cease to be free ( Norgard 11 ) .,Poziția reclamanților este că necesitatea achiziționării unor obiecte specifice pentru a fi educată face ca educația să nu mai fie gratuită (Norgard 11).,Argument_against,train
school uniforms,"They can give the school a bad name : If the children of a school are out causing trouble wearing the uniform from a school , it can reflect badly on that school and result in fewer parents wanting to send their children there .","Ei pot da școlii un nume prost: dacă copiii unei școli sunt plecați cauzând probleme cu purtarea uniformei de la o școală, se poate reflecta prost asupra școlii și poate duce la ca mai puțini părinți să-și trimită copiii acolo.",Argument_against,train
school uniforms,"One of the most egregious acts of enforcement occurred on August 12 , 1999 .",Unul dintre cele mai flagrante acte de executare a avut loc la 12 august 1999 .,Argument_against,train
school uniforms,"1Simply Put , Uniforms are Generally Disliked !","Pur și simplu, uniformele sunt în general antipatice!",Argument_against,train
school uniforms,"Take the case of the Harford County Public School students , wherein 87.9 % are in strong disfavor of the mandatory uniform system .","Să luăm cazul elevilor de la Școala Publică din județul Harford, în care 87,9% sunt puternic defavorizați de sistemul de uniformă obligatorie.",Argument_against,train
school uniforms,If you think back to when you were a child you 'll remember that most of us hated wearing a school uniform .,"Dacă te gândești la când erai copil, îți vei aminti că cei mai mulți dintre noi uram să purtăm uniforma școlară.",Argument_against,train
school uniforms,"School uniforms can be ugly and/or unflattering , and having to wear something unattractive or unflattering is not good for students ’ self-image .","Uniformele școlare pot fi urâte și/sau nemăgulitoare, iar nevoia de a purta ceva neatractiv sau nemăgulitor nu este bună pentru imaginea de sine a elevilor.",Argument_against,train
school uniforms,"She could have easily bought a full weeks worth of street clothing ( 7 shirts , 3 pairs of pants ) for slightly less money .","Ar fi putut cumpăra cu ușurință o săptămână întreagă de îmbrăcăminte de stradă ( 7 cămăși , 3 perechi de pantaloni ) pentru ceva mai puțini bani .",Argument_against,train
school uniforms,The cost of uniform often means that parents dislike it and it can lead to a bad relationship between them and the school .,Costul uniformei înseamnă adesea că părinților le displace și poate duce la o relație proastă între ei și școală.,Argument_against,train
school uniforms,"Yet , at a different school , a principal may base a decision on the size of a stripe and if the "" spirit "" of the policy is honored .","Cu toate acestea, la o altă școală, un director poate baza o decizie pe dimensiunea unei dungi și dacă „spiritul” politicii este onorat.",Argument_against,train
school uniforms,"to cover up the real problems faced by children and teens ; and they violate students ' right of self-expression , depriving them of their search for identity .","pentru a acoperi problemele reale cu care se confruntă copiii și adolescenții; și încalcă dreptul elevilor de a se exprima, privându-i de căutarea identității.",Argument_against,train
school uniforms,"There are risks from ties , though ; they can become caught in things , creating a strangulation hazard , and are easily grabbed during playground scuffles .","Există riscuri de la legături, totuşi; pot fi prinși în lucruri, creând un pericol de strangulare și sunt ușor apucați în timpul bătăilor pe terenul de joacă.",Argument_against,train
school uniforms,The high cost is another reason why uniforms should be banned .,Costul ridicat este un alt motiv pentru care uniformele ar trebui interzise.,Argument_against,train
school uniforms,"In response , Mary and John Frudden , parents of a student sued the school district on the basis of it violating the 1st Amendment .","Ca răspuns , Mary și John Frudden , părinții unui elev au dat în judecată districtul școlar pe baza faptului că acesta a încălcat primul amendament .",Argument_against,train
school uniforms,"If children want to bully a classmate they will , no matter what he 's wearing .","Dacă copiii vor să agreseze un coleg de clasă, o vor face, indiferent ce poartă el.",Argument_against,train
school uniforms,"Even with these compelling statistics , however , there are other statistics that argue that uniforms are not as beneficial as school administrators and parents are encouraged to believe .","Chiar și cu aceste statistici convingătoare, totuși, există și alte statistici care susțin că uniformele nu sunt atât de benefice pe cât sunt încurajați să creadă administratorii școlii și părinții.",Argument_against,train
school uniforms,"Many girls , for example , do not like to wear skirts or dresses , which most girls ' uniforms require .","Multe fete, de exemplu, nu le place să poarte fuste sau rochii, ceea ce necesită majoritatea uniformelor fetelor.",Argument_against,train
school uniforms,"Uniforms may work for police officers , soldiers and neo-Nazis , but they have no place in schools .","Uniformele pot lucra pentru ofițeri de poliție, soldați și neo-naziști, dar nu au loc în școli.",Argument_against,train
school uniforms,"Their conclusion was : “ Student uniform use was not significantly correlated with any of the school commitment variables such as absenteeism , behavior , or substance use ( drugs ) .","Concluzia lor a fost: „Utilizarea uniformelor elevilor nu a fost corelată semnificativ cu niciuna dintre variabilele angajamentului școlar, cum ar fi absenteismul, comportamentul sau consumul de substanțe (droguri).",Argument_against,train
school uniforms,"So , is the teacher a dictator out to humiliate children , to crush their developing personality ?","Deci , este profesorul un dictator dornic să umilească copiii , să le zdrobească personalitatea în curs de dezvoltare ?",Argument_against,train
school uniforms,"The charter school however , sold shirts that were almost thirteen dollars .",Școala charter însă a vândut cămăși care costau aproape treisprezece dolari.,Argument_against,train
school uniforms,"If safety really was an important issue , then why are teachers , maintenance staff and visiting parents not required to similarly wear the school uniform ?","Dacă siguranța a fost într-adevăr o problemă importantă, atunci de ce profesorii, personalul de întreținere și părinții vizitatori nu sunt obligați să poarte uniform uniformă școlară?",Argument_against,train
school uniforms,"Instead of helping you out , your uniform can actually get in the way of learning .","În loc să te ajute, uniforma ta poate chiar să te împiedice să înveți.",Argument_against,train
school uniforms,"In addition , opponents argue that uniforms may not be comfortable for all students , which will limit learning as students worry about their appearance .","În plus, oponenții susțin că uniformele ar putea să nu fie confortabile pentru toți elevii, ceea ce va limita învățarea, deoarece studenții își fac griji pentru aspectul lor.",Argument_against,train
school uniforms,Impeding one ’s freedom to choose can take a toll on his transition to adult life .,Împiedicarea libertății de a alege poate afecta tranziția lui la viața adultă.,Argument_against,train
school uniforms,"Uniforms are part of a mindset that does not protect children , but that makes children prone to be abused .","Uniformele fac parte dintr-o mentalitate care nu protejează copiii, dar care îi face pe copii predispuși să fie abuzați.",Argument_against,train
school uniforms,Uniforms can be more expensive for a family who buys from second-hand stores or who relies on hand-me-down clothing from friends and family .,Uniformele pot fi mai scumpe pentru o familie care cumpără din magazinele second-hand sau care se bazează pe haine de la prieteni și familie .,Argument_against,train
school uniforms,"Again , if there was a need for more discipline , how do school uniforms benefit ?","Din nou, dacă era nevoie de mai multă disciplină, cum beneficiază uniformele școlare?",Argument_against,train
school uniforms,Some uniforms are made from unpleasant fabrics that will make you itch from the first class to the last class .,Unele uniforme sunt confecționate din țesături neplăcute care te vor face să te mâncărimi de la prima clasă la ultima clasă.,Argument_against,train
school uniforms,"Despite claims set forth by proponents that uniforms improve academic performance , there is no empirical data to lend validation to these claims .","În ciuda afirmațiilor susținute de susținători că uniformele îmbunătățesc performanța academică, nu există date empirice care să valideze aceste afirmații.",Argument_against,train
school uniforms,"They even went as far as to cite an infringement on religious freedom , claiming that opting out of the uniforms on the grounds of religion allowed the school to rank the validity of certain religions .","Ei au mers chiar până la a invocă o încălcare a libertăţii religioase , susţinând că renunţarea la uniforme pe motive de religie a permis şcolii să ierarhească validitatea anumitor religii .",Argument_against,train
school uniforms,"The University of Notre Dame study also belies the claims that uniforms improve discipline : "" Our findings indicate that student uniforms have no direct effect on . . . behavioral problems "" ( Brunsma and Rockquemore 1 ) .","Studiul de la Universitatea Notre Dame infirmă, de asemenea, afirmațiile conform cărora uniformele îmbunătățesc disciplina: „Descoperirile noastre indică faptul că uniformele studenților nu au niciun efect direct asupra... problemelor de comportament” (Brunsma și Rockquemore 1).",Argument_against,train
school uniforms,"They may well end up still wearing hand-me-downs from older siblings , or faded clothes from the charity shop too .",S-ar putea să ajungă să poarte încă haine de la frații mai mari sau haine decolorate de la magazinul de caritate.,Argument_against,train
school uniforms,"Even as recently as February 2000 , over half way through the school year , the suspensions continue due to conflicts over compliant clothing .","Chiar și recent, în februarie 2000, la jumătatea anului școlar, suspendările continuă din cauza conflictelor legate de îmbrăcămintea conformă.",Argument_against,train
school uniforms,"In terms of personal development , uniforms promote conformity rather than individuality .","În ceea ce privește dezvoltarea personală, uniformele promovează mai degrabă conformitatea decât individualitatea.",Argument_against,train
school uniforms,If it 's not based upon the style of clothes worn there are many other superficial ways to judge people and form cliques .,"Dacă nu se bazează pe stilul de haine purtate, există multe alte moduri superficiale de a judeca oamenii și de a forma clicuri.",Argument_against,train
school uniforms,The same kids will get bullied regardless of whether of not the school has uniforms .,"Aceiași copii vor fi hărțuiți, indiferent dacă școala are uniforme sau nu.",Argument_against,train
school uniforms,"While the positive reports emerging from some school districts with uniform policies seem to lend credence to this position , upon closer examination , flaws begin to appear .","În timp ce rapoartele pozitive care apar din unele districte școlare cu politici uniforme par să acorde credibilitate acestei poziții, la o examinare mai atentă, încep să apară defecte.",Argument_against,train
school uniforms,"There is no concrete evidence proving uniforms alone cause such dramatic reductions in crime , but rather , these policies appear to act as nothing more that a ?","Nu există dovezi concrete care să demonstreze că uniformele singure cauzează reduceri atât de dramatice ale criminalităţii, ci mai degrabă, aceste politici par să acţioneze ca ceva mai mult decât un?",Argument_against,train
school uniforms,How safe is the evolving mind of a child in the hands of a system that puts discipline above development ?,Cât de sigură este mintea în evoluție a unui copil în mâinile unui sistem care pune disciplina mai presus de dezvoltare?,Argument_against,train
school uniforms,"Your child then tells you that the clothes you purchased for school , following the schoolï ¿ ½ s Code of Conduct guidelines , were deemed unacceptable by the principal and he/she was forced , under threat of punishment , to change into loaned , approved clothing .","Apoi copilul dumneavoastră vă spune că hainele pe care le-ați cumpărat pentru școală, urmând instrucțiunile Codului de conduită al școlii, au fost considerate inacceptabile de către director și a fost forțat, sub amenințarea cu pedeapsa, să se schimbe în îmbrăcăminte împrumutată și aprobată.",Argument_against,train
school uniforms,"Secondly , uniforms can be detrimental to adult development .","În al doilea rând, uniformele pot fi dăunătoare dezvoltării adulților.",Argument_against,train
school uniforms,"In the absense of arguments in favor , uniforms become a straitjacket that is forced upon those who resent it for the sake of killing their spirit .","În lipsa argumentelor în favoarea, uniformele devin o cămașă de forță care este forțată asupra celor care le supără de dragul uciderii spiritului lor.",Argument_against,train
school uniforms,"I think that we should n't wear uniforms anymore , kids do n't get to have the freedom to wear what they want and uniforms sometimes cost to much then what families want to pay just a uniform !","Cred că nu ar trebui să mai purtăm uniforme, copiii nu au libertatea de a purta ceea ce își doresc și uniformele costă uneori mai mult decât ceea ce vor familiile să plătească doar o uniformă!",Argument_against,train
school uniforms,It 's obvious that there are a lot of things you can say against school uniforms .,Este evident că sunt multe lucruri pe care le poți spune împotriva uniformelor școlare .,Argument_against,train
school uniforms,Finland ’s schools top international league tables and do n’t have school uniform ; while the UK has the uniforms without the stunning results .,Școlile din Finlanda sunt în topul clasamentului internațional și nu au uniformă școlară; în timp ce Marea Britanie are uniformele fără rezultate uimitoare .,Argument_against,train
school uniforms,He wore a pair of pants left over from the previous school year and was deemed to be noncompliant because the pants were too faded ( 1 ) .,El a purtat o pereche de pantaloni rămași din anul școlar precedent și a fost considerat a fi neconform deoarece pantalonii erau prea decolorați ( 1 ) .,Argument_against,train
school uniforms,"When you compound all the people that have to buy school uniforms , it totals to $ 1 billion annually .","Când adună toți oamenii care trebuie să cumpere uniforme școlare, se ridică la 1 miliard de dolari anual.",Argument_against,train
school uniforms,"The situation is also prone to exploitation by unfair trade practices , unhealthy schemes , favoratism and cronyism , e.g. deals in which secret bribes are paid for the privilege of exclusively and ' locally ' producing and selling such school uniforms .","Situația este, de asemenea, predispusă la exploatare prin practici comerciale neloiale, scheme nesănătoase, favoratism și favoritism, de ex. tranzacții în care se plătesc mită secretă pentru privilegiul de a produce și vinde exclusiv și „local” astfel de uniforme școlare.",Argument_against,train
school uniforms,"Even minus the uniform , he adds that bullies can come up with other reasons that can justify violence and aggression towards their fellow students .","Chiar și fără uniformă, el adaugă că bătăușii pot veni cu alte motive care pot justifica violența și agresivitatea față de colegii lor.",Argument_against,train
school uniforms,For cheapness uniform items are often made of polycottons which are hot in warm weather but do n’t keep children properly warm in winter .,"Pentru a fi ieftin, articolele uniforme sunt adesea făcute din polibuton, care sunt fierbinți pe vreme caldă, dar nu țin copiii la cald în timpul iernii.",Argument_against,train
school uniforms,"Fourthly , uniforms actually attract bullies !","În al patrulea rând, uniformele chiar atrag bătăușii!",Argument_against,train
school uniforms,You are told that you will have to purchase more clothing that is deemed acceptable by the principal or your child will be punished and denied an education .,"Vi se spune că va trebui să cumpărați mai multe haine care sunt considerate acceptabile de către director, altfel copilul dumneavoastră va fi pedepsit și va fi refuzat o educație.",Argument_against,train
school uniforms,"Uniforms are not a "" silver bullet "" solution to school improvement efforts .",Uniformele nu sunt o soluție „glonț de argint” pentru eforturile de îmbunătățire a școlii.,Argument_against,train
school uniforms,Making everyone wear the same school uniform infringes on ( goes against ) our rights and is a misuse of authority .,A face pe toți să poarte aceeași uniformă școlară încalcă (contra) drepturile noastre și este o abuz de autoritate.,Argument_against,train
school uniforms,"People think that these can stop the violence , but they actually do n’t .","Oamenii cred că acestea pot opri violența, dar de fapt nu o fac.",Argument_against,train
school uniforms,Are schools teaching students that decisions should be made without debate and without prior research into the matter ?,Îi învață școlile pe elevi că deciziile ar trebui luate fără dezbateri și fără cercetare prealabilă în materie?,Argument_against,train
school uniforms,"From the results , researchers were able to conclude that students wearing uniforms did not have any significant difference in academic preparedness or proschool attitudes than other students .","Din rezultate, cercetătorii au putut concluziona că studenții care purtau uniforme nu au avut nicio diferență semnificativă în pregătirea academică sau atitudinile proșcolare decât alți studenți.",Argument_against,val
school uniforms,"Some critics allege that this uniform is associated with the dress of a professional business man , which , they claim , gives boys at a young age the impression that masculinity is gained through business success .","Unii critici susțin că această uniformă este asociată cu ținuta unui om de afaceri profesionist, ceea ce, susțin ei, le dă băieților la o vârstă fragedă impresia că masculinitatea este câștigată prin succesul în afaceri.",Argument_against,val
school uniforms,"Why do these educational institutes , who are otherwise so keen to teach students the value of scientific research , typically base their decision to introduce school uniforms on a lack of scientific research into the impact of uniforms ?","De ce aceste institute de învățământ, care de altfel sunt atât de dornice să învețe studenții valoarea cercetării științifice, își bazează de obicei decizia de a introduce uniformele școlare pe lipsa cercetării științifice asupra impactului uniformelor?",Argument_against,val
school uniforms,"Whatever way you look at it , homogeneity is definitely boring .","Oricum ai privi, omogenitatea este cu siguranta plictisitoare.",Argument_against,val
school uniforms,"In terms are usage , uniforms prove to be uncomfortable and costly .","În ceea ce privește utilizarea, uniformele se dovedesc a fi inconfortabile și costisitoare.",Argument_against,val
school uniforms,"4 ) School Uniforms do not cut down on bullying - No matter what you dress students in , they will always find a way to pass judgment upon their peers .","Uniformele școlare nu reduc hărțuirea - Indiferent în ce îmbrăcați elevii, ei vor găsi întotdeauna o modalitate de a judeca colegii lor.",Argument_against,val
school uniforms,Some families complain about the financial burden of purchasing uniforms in addition to their kids ’ other clothing .,Unele familii se plâng de povara financiară a achiziționării de uniforme pe lângă alte haine ale copiilor lor.,Argument_against,val
school uniforms,"Kids will be kids , and frankly it takes more than stipulating the right shade of blue shirt to eradicate bullying from schools .","Copiii vor fi copii și, sincer, este nevoie de mai mult decât de a stipula nuanța potrivită de cămașă albastră pentru a eradica intimidarea din școli.",Argument_against,val
school uniforms,"It can be used as an excuse : If a child is misbehaving and needs to be put in line , it can sometimes be difficult for a teacher to find a reason .","Poate fi folosit ca o scuză: Dacă un copil se comportă prost și trebuie pus la rând, uneori poate fi dificil pentru un profesor să găsească un motiv.",Argument_against,val
school uniforms,"But according to published reports , some students have not been as receptive to the idea ; one high school student said a mandatory school uniform policy would be “ terrible ” and only cause more problems .","Dar, conform rapoartelor publicate, unii studenți nu au fost la fel de receptivi la idee; un elev de liceu a spus că o politică obligatorie privind uniforma școlară ar fi „îngrozitoare” și ar cauza doar mai multe probleme.",Argument_against,val
school uniforms,"The very point of uniforms is that it is something that not everyone wears , and this exclusivity obviously comes at a cost .","Ideea uniformă este că este ceva pe care nu îl poartă toată lumea, iar această exclusivitate, evident, are un cost.",Argument_against,val
school uniforms,"Examine an argument that supposedly favored school uniforms more closely , and it either does n't make sense or it turns into an argument against school uniforms .","Examinați un argument care se presupune că a favorizat mai îndeaproape uniformele școlare și fie nu are sens, fie se transformă într-un argument împotriva uniformelor școlare.",Argument_against,val
school uniforms,"Child and teen development specialist Robyn Silverman told NBC News ' Today that students , especially girls , tend to compare how each other looks in their uniforms : "" As a body image expert , I hear from students all the time that they feel it allows for a lot of comparison ... So if you have a body that ’s a plus-size body , a curvier body , a very tall body , a very short body , those girls often feel that they do n’t look their best . ""","Specialistul în dezvoltare pentru copii și adolescenți, Robyn Silverman, a declarat astăzi pentru NBC News că studenții, în special fetele, au tendința de a compara cum arată unul pe altul în uniforme: „Ca expert în imaginea corporală, aud tot timpul de la studenți că simt că acest lucru permite o mulțime de comparații... Deci, dacă ai un corp care este un corp de mărime plus, un corp mai curbat, un corp de fete foarte înalt, nu se simte foarte des înalt. cel mai bun.",Argument_against,test
school uniforms,You know you are an adult when you are given the freedom to choose – whether you like this or that .,Știi că ești adult atunci când ți se oferă libertatea de a alege – dacă îți place asta sau asta.,Argument_against,test
school uniforms,"In any other walk of life , we would n’t dream of telling girls that they have to wear a skirt .","În orice alt domeniu al vieții, nu am visa să le spunem fetelor că trebuie să poarte o fustă.",Argument_against,test
school uniforms,"So long as this parade of choices does not interrupt the school day , schools should be interested in nurturing , rather than standardizing , student expression .","Atâta timp cât această paradă a alegerilor nu întrerupe ziua de școală, școlile ar trebui să fie interesate să cultive, mai degrabă decât să standardizeze, expresia elevilor.",Argument_against,test
school uniforms,"More substantive improvements to public education could be achieved with smaller class sizes , tightened security , increased parental involvement , improved facilities , and other measures .","Îmbunătățiri mai substanțiale ale educației publice ar putea fi realizate cu clase mai mici, securitate sporită, implicare sporită a părinților, facilități îmbunătățite și alte măsuri.",Argument_against,test
school uniforms,"To imagine that telling students what to wear will bring back those days is to engage in wishful , if not fuzzy , thinking ... If we want students to grow into critical thinkers and ethical people , then we have to aim higher than mere conformity .","Să ne imaginăm că a le spune studenților ce să poarte va aduce înapoi acele zile înseamnă să ne angajăm într-o gândire plină de iluzii, dacă nu neclare... Dacă dorim ca studenții să devină gânditori critici și oameni etici, atunci trebuie să țintim mai mult decât simpla conformare.",Argument_against,test
school uniforms,A 2004 book makes the case that uniforms do not improve school safety or academic discipline .,O carte din 2004 susține că uniformele nu îmbunătățesc siguranța școlii sau disciplina academică.,Argument_against,test
school uniforms,"Although it is n’t obvious , uniforms do fuel wicked commercial interests , and they should be stopped before more hard-wasted money is lost .","Deși nu este evident, uniformele alimentează interese comerciale răutăcioase și ar trebui oprite înainte de a se pierde mai mulți bani irositi.",Argument_against,test
school uniforms,Brunsma concluded that there is no positive correlation between uniforms and school safety or academic achievement .,Brunsma a concluzionat că nu există o corelație pozitivă între uniforme și siguranța școlară sau performanța școlară.,Argument_against,test
school uniforms,"Schools spend so much time trying to keep their students under control that they end up squashing the sparks that some of those kids were born with ... Uniforms jeopardize the ability of America 's youth to express themselves , to become the people that they want to be .","Școlile petrec atât de mult timp încercând să-și țină elevii sub control, încât ajung să zdrobească scânteile cu care s-au născut unii dintre acești copii... Uniformele pun în pericol capacitatea tinerilor Americii de a se exprima, de a deveni oamenii care își doresc să fie.",Argument_against,test
school uniforms,Today 's school uniforms seem more a punitive measure meant to deny students their right to freedom of expression and individuality .,Uniformele școlare de astăzi par mai degrabă o măsură punitivă menită să le refuze elevilor dreptul la libertatea de exprimare și la individualitate.,Argument_against,test
school uniforms,School uniforms in public schools undermine the promise of a free education by imposing an extra expense on families .,Uniformele școlare din școlile publice subminează promisiunea unei educații gratuite prin impunerea unei cheltuieli suplimentare familiilor.,Argument_against,test
school uniforms,""" My son 's an unusual size , "" his mother Irit told Education World , "" so it 's hard to find him clothes anyway .","„Fiul meu are o mărime neobișnuită”, a spus mama lui Irit pentru Education World, „deci oricum e greu să-i găsești haine.",NoArgument,train
school uniforms,Opponents argue that altering the traditional definition of marriage as between a man and a woman will further weaken a threatened institution .,Oponenții susțin că modificarea definiției tradiționale a căsătoriei ca între un bărbat și o femeie va slăbi și mai mult o instituție amenințată.,NoArgument,train
school uniforms,"Information is presented on 51 different ProCon.org issue websites in subjects ranging from alternative energy , gay marriage , and medical marijuana to the death penalty , illegal immigration , and Obamacare .","Informațiile sunt prezentate pe 51 de site-uri web cu probleme diferite ale ProCon.org în subiecte variind de la energie alternativă, căsătorie gay și marijuana medicală până la pedeapsa cu moartea, imigrația ilegală și Obamacare.",NoArgument,train
school uniforms,Our country has tremendous problems .,Țara noastră are probleme uriașe.,NoArgument,train
school uniforms,Lyle Denniston looks at the constitutional issues involved in a case where a public school is mandating the appearance of a logo on clothing worn by students .,Lyle Denniston analizează problemele constituționale implicate într-un caz în care o școală publică impune apariția unui logo pe îmbrăcămintea purtată de elevi.,NoArgument,train
school uniforms,"Most teachers are not trained in testing and measurement , and research has shown many teachers "" consider noncognitive outcomes , including student class participation , perceived effort , progress over the period of the course , and comportment , "" which are irrelevant to subject-matter mastery .","Majoritatea profesorilor nu sunt instruiți în testare și măsurare, iar cercetările au arătat că mulți profesori „au în vedere rezultatele noncognitive, inclusiv participarea elevilor la clasă, efortul perceput, progresul pe perioada cursului și comportamentul”, care sunt irelevante pentru stăpânirea materiei.",NoArgument,train
school uniforms,There is one deeper argument .,Există un argument mai profund.,NoArgument,train
school uniforms,"For that reason , they fail to prepare them for higher education and the knowledge economy . ""","Din acest motiv, ei nu reușesc să-i pregătească pentru învățământul superior și economia cunoașterii. """,NoArgument,train
school uniforms,""" Boy Misses FCAT in Sweater Dispute . """,""" Băiat ratează FCAT în disputa privind puloverele "" .",NoArgument,train
school uniforms,Get UNLIMITED access for only 99 ¢ per week .,Obțineți acces NELIMITAT pentru doar 99 ¢ pe săptămână.,NoArgument,train
school uniforms,"Manual on School Uniforms This manual , prepared by the U.S. Department of Education in consultation with local communities and the U.S. Department of Justice , assists parents , teachers , and school leaders in determining whether to adopt a school uniform policy .","Manual privind uniformele școlare Acest manual, pregătit de Departamentul Educației din SUA în consultare cu comunitățile locale și Departamentul de Justiție al SUA, ajută părinții, profesorii și liderii școlilor să decidă dacă să adopte o politică privind uniformele școlare.",NoArgument,train
school uniforms,"The National Association of Elementary School Principals ( NAESP ) , which includes middle level principals , has not taken an official stand on school uniforms , leaving it to be decided school-by-school .","Asociația Națională a Directorilor de Școli Primare (NAESP), care include directori de nivel mediu, nu a luat o poziție oficială în privința uniformelor școlare, lăsând să fie decisă școală cu școală.",NoArgument,train
school uniforms,This surely gives them the identity from other school .,Acest lucru le oferă cu siguranță identitatea de la altă școală.,NoArgument,train
school uniforms,"This will increase certainty in the defense community as to funding , and will allow military leaders to plan for our future defense needs .",Acest lucru va spori certitudinea comunității de apărare cu privire la finanțare și va permite liderilor militari să planifice nevoile noastre viitoare de apărare.,NoArgument,train
school uniforms,"You 'd say , look at it first .","Ai spune , uită - te la asta mai întâi .",NoArgument,train
school uniforms,But I 'd rather leave it to the states .,Dar mai degrabă las pe seama statelor .,NoArgument,train
school uniforms,Into every compulsory immunization law in America are written legal exceptions and waivers .,În fiecare lege privind imunizarea obligatorie din America sunt scrise excepții legale și derogări.,NoArgument,train
school uniforms,"If you decide not to immunize your child , you put your child at risk .","Dacă decideți să nu vă imunizați copilul, îl puneți în pericol.",NoArgument,train
school uniforms,We have ISIS to worry about .,Avem ISIS de care să ne îngrijorăm.,NoArgument,train
school uniforms,"Following the passage of NCLB on Jan. 8 , 2002 , annual state spending on standardized tests rose from $ 423 million to almost $ 1.1 billion in 2008 ( a 160 % increase compared to a 19.22 % increase in inflation over the same period ) , according to the Pew Center on the States .","După aprobarea NCLB pe 8 ianuarie 2002, cheltuielile anuale ale statului pentru testele standardizate au crescut de la 423 de milioane de dolari la aproape 1,1 miliarde de dolari în 2008 (o creștere de 160% față de o creștere de 19,22% a inflației în aceeași perioadă), potrivit Pew Center on the States.",NoArgument,train
school uniforms,The school code within states ’ constitutions typically asserts that it allows the board of school directors to make reasonable rules and regulations as they see fit in managing the school ’s affairs .,"Codul școlar din constituțiile statelor afirmă de obicei că permite consiliului directorilor școlii să facă reguli și reglementări rezonabile, după cum consideră de cuviință în gestionarea afacerilor școlii.",NoArgument,train
school uniforms,"Right now , we do n't have a country , we do n't have a border , and we 're going to do something about it , and it can be done with proper management , and it can be done with heart . ""","Momentan , nu avem o țară , nu avem o graniță și vom face ceva în privința asta , și se poate face cu un management adecvat și se poate face cu inimă . """,NoArgument,train
school uniforms,Such policies could include ones that prohibit girls from wearing yoga pants and leg warmers or boys from having long hair .,Astfel de politici ar putea include unele care interzic fetelor să poarte pantaloni de yoga și încălzitoare pentru picioare sau băieților să aibă părul lung.,NoArgument,train
school uniforms,Is there any research that concludes that schools without uniforms have a significantly higher incidence of unwelcome visitors ?,Există vreo cercetare care să concluzioneze că școlile fără uniforme au o incidență semnificativ mai mare de vizitatori nedoriți?,NoArgument,train
school uniforms,"Now Pro "" Goofy Elizabeth Warren lied when she says I want to abolish the Federal Minimum Wage .","Acum, pro"" Goofy Elizabeth Warren a mințit când a spus că vreau să elimin salariul minim federal.",NoArgument,train
school uniforms,"The importance of every game increases attendance and revenue , which is shared with other sports and non-athletic programs at each school .","Importanța fiecărui joc crește prezența și veniturile, care sunt împărțite cu alte programe sportive și non-atletice din fiecare școală.",NoArgument,train
school uniforms,"The 2002 edition of the survey found that "" virtually all students say they take the tests seriously and more than half ( 56 percent ) say they take them very seriously . """,Ediția din 2002 a sondajului a constatat că „practic toți studenții spun că iau testele în serios și mai mult de jumătate (56 la sută) spun că le iau foarte în serios”.,NoArgument,train
school uniforms,Parents who question the necessity and morality of this dangerous and invasive policy are derisively informed that unvaccinated children are a scourge on society .,Părinţii care pun la îndoială necesitatea şi moralitatea acestei politici periculoase şi invazive sunt informaţi în derizoriu că copiii nevaccinaţi sunt un flagel pentru societate.,NoArgument,train
school uniforms,"It is likely that some cheating occurs , but some people cheat on their tax returns also , and the solution is not to abolish taxation .","Este probabil să apară unele înșelăciuni, dar unii oameni își înșală și declarațiile fiscale, iar soluția nu este eliminarea impozitării.",NoArgument,train
school uniforms,"The AFCA is the copyright owner of The Coaches ' Trophy . ""","AFCA este proprietarul drepturilor de autor al Trofeului Antrenorilor. """,NoArgument,train
school uniforms,I 'm not talking about increasing [ the tax rate ] at this point .,Nu vorbesc despre creșterea cotei de impozitare în acest moment .,NoArgument,train
school uniforms,Standardized testing causes severe stress in younger students .,Testarea standardizată provoacă stres sever la studenții mai tineri.,NoArgument,train
school uniforms,Vaccines are not legally required for your child to enter school .,Vaccinurile nu sunt obligatorii legal pentru ca copilul dumneavoastră să intre la școală.,NoArgument,train
school uniforms,"Increased testing does not force teachers to encourage "" drill n ' kill "" rote learning .",Creșterea testării nu îi obligă pe profesori să încurajeze învățarea prin memorare „drill and kill”.,NoArgument,train
school uniforms,Juarez says the board will workshop Vitti ’s proposal before he can formally recommend uniforms .,Juarez spune că consiliul va analiza propunerea lui Vitti înainte ca acesta să poată recomanda oficial uniforme.,NoArgument,train
school uniforms,There were discipline effects examined .,Au fost examinate efectele disciplinei.,NoArgument,train
school uniforms,"Certainly I would never want the job , but I play the game to demonstrate the important role I believe the uniform plays in changing the attitude of the student and the ambience of the school .","Cu siguranță nu mi-aș dori niciodată postul, dar joc jocul pentru a demonstra rolul important pe care cred că îl joacă uniforma în schimbarea atitudinii elevului și a atmosferei școlii.",NoArgument,train
school uniforms,"The semifinals will rotate among current bowl sites , and the national championship game will be hosted in the city that places the highest bid .","Semifinalele se vor roti între locurile actuale de bowl , iar meciul de campionat naţional va fi găzduit în oraşul care plasează cea mai mare ofertă .",NoArgument,train
school uniforms,"You would learn to be tough , I suspect . ""","Ai învăța să fii dur, bănuiesc. """,NoArgument,train
school uniforms,He is crying and wearing a different outfit than the one he wore to school .,Plânge și poartă o altă ținută decât cea pe care a purtat-o ​​la școală.,NoArgument,train
school uniforms,Thank you to all who participated .,Mulțumesc tuturor celor care au participat.,NoArgument,train
school uniforms,"Of course , everyone knew that it was built to keep people in !","Desigur, toată lumea știa că a fost construit pentru a ține oamenii înăuntru!",NoArgument,train
school uniforms,"Now Con "" I 'm the only one on this stage that said , ' Do not go into Iraq .","Now Con "" Eu sunt singurul de pe această scenă care a spus "" Nu intra în Irak "" .",NoArgument,train
school uniforms,The lack of this provision virtually guarantees legal challenge and community division .,Lipsa acestei prevederi garantează practic contestarea juridică și împărțirea comunității.,NoArgument,train
school uniforms,Findings among the three schools were also almost identical .,"Descoperirile celor trei școli au fost, de asemenea, aproape identice.",NoArgument,train
school uniforms,You thought you did n't want to touch it .,Ai crezut că nu vrei să-l atingi.,NoArgument,train
school uniforms,In February 2007 the british government issued new guidelines designed to stop headteachers insisting that specific suppliers be used by parents buying uniforms .,"În februarie 2007, guvernul britanic a emis noi linii directoare menite să împiedice directorii să insiste ca anumiți furnizori să fie folosiți de către părinții care cumpără uniforme.",NoArgument,train
school uniforms,Want each day 's news headlines delivered fresh to your inbox every morning ?,Doriți ca titlurile de știri din fiecare zi să fie livrate proaspete în căsuța dvs. de e-mail în fiecare dimineață?,NoArgument,train
school uniforms,"To return home and apply for reentry like everybody else , under the rules of the new legal immigration system that I have outlined above .","Să mă întorc acasă și să aplici pentru reintrare ca toți ceilalți, conform regulilor noului sistem legal de imigrare pe care le-am subliniat mai sus.",NoArgument,train
school uniforms,“ We ’re looking at what our options are . ”,„Ne uităm la care sunt opțiunile noastre.”,NoArgument,train
school uniforms,Decide what the ramifications will be if a student does not wear a uniform .,Decideți care vor fi ramificațiile dacă un elev nu poartă uniformă.,NoArgument,train
school uniforms,Each state offers legal exemptions to ' mandatory ' injections .,Fiecare stat oferă scutiri legale la injecţiile „obligatorii”.,NoArgument,val
school uniforms,Ever wonder why private schools use them ?,Te-ai întrebat vreodată de ce le folosesc școlile private?,NoArgument,val
school uniforms,"Students follow a straightforward dress code : Pants , skirts , and jumpers must be khaki or navy blue ; shirts must have a collar and be either navy blue or white .","Elevii urmează un cod vestimentar simplu: pantalonii, fustele și puloverele trebuie să fie kaki sau bleumarin; cămășile trebuie să aibă guler și să fie fie bleumarin, fie albe.",NoArgument,val
school uniforms,“ Our goal would be to have little stores where people can trade in uniforms .,„Scopul nostru ar fi să avem mici magazine unde oamenii să poată face schimb de uniforme.,NoArgument,val
school uniforms,"The contents of this Web Site , such as text , graphics , images , audio , video and all other material ( "" Material "" ) , are protected by copyright under both United States and foreign laws .","Conţinutul acestui site Web , cum ar fi text , grafică , imagini , audio , video şi toate celelalte materiale ( "" Material "" ) , sunt protejate de drepturi de autor atât în ​​conformitate cu legislaţia Statelor Unite , cât şi în cele străine .",NoArgument,val
school uniforms,"This declaration alone will help stop the crisis of illegal crossings and illegal overstays , very importantly .","Numai această declarație va ajuta la oprirea crizei trecerilor ilegale și a depășirilor ilegale de șederi , foarte important .",NoArgument,val
school uniforms,Even the “ expense ” excuse was proven empty .,Chiar și scuza „cheltuielii” sa dovedit a fi goală.,NoArgument,val
school uniforms,"No long-term , formal studies have been done with regards to the effectiveness of school uniforms , but many schools have kept their own informal statistics , such as the Long Beach School District .","Nu s-au făcut studii formale pe termen lung cu privire la eficacitatea uniformelor școlare, dar multe școli și-au păstrat propriile statistici informale, cum ar fi districtul școlar din Long Beach.",NoArgument,val
school uniforms,"I think we have to keep our country very competitive , so you have to be careful of it .","Cred că trebuie să ne menținem țara foarte competitivă, așa că trebuie să fii atent la asta.",NoArgument,val
school uniforms,"Uhmm , how about this one , ahh , No Pamela has the same dress and wears it so often … !","Uhmm , ce zici de asta , ahh , Nu Pamela are aceeași rochie și o poartă atât de des...!",NoArgument,val
school uniforms,"Fast forward to 16th century England , students of the Christ Hospital Boarding School became the fathers of the ‘ modern school uniform . ’","Avanză rapid până în Anglia secolului al XVI-lea, studenții de la Christ Hospital Boarding School au devenit părinții „uniformei școlare moderne”. ’",NoArgument,test
school uniforms,School uniforms -- some love them and some hate them .,Uniforme școlare – unii le iubesc și alții le urăsc.,NoArgument,test
school uniforms,"My family , at the beginning went to a pace where they sold overgrown shirts as well .","Familia mea, la început, a mers într-un ritm în care au vândut și cămăși prea mari.",NoArgument,test
school uniforms,Go back to my closet .,Du-te înapoi în dulapul meu.,NoArgument,test
school uniforms,There seems to be a big rift between school uniform supporters and those against school uniforms .,Se pare că există o ruptură mare între susținătorii uniformelor școlare și cei împotriva uniformelor școlare.,NoArgument,test
school uniforms,"ProCon.org has no control over the content of these comments , and we therefore take no responsibility for them .","ProCon.org nu are control asupra conținutului acestor comentarii și, prin urmare, nu ne asumăm nicio responsabilitate pentru ele.",NoArgument,test
school uniforms,is possibly the most common argument against school uniforms .,este posibil cel mai comun argument împotriva uniformelor școlare .,NoArgument,test
school uniforms,"In some institutions , the uniforms are changed when students transition to middle school , junior high or senior high .","În unele instituţii, uniformele sunt schimbate atunci când elevii trec la gimnaziu, liceu sau liceu.",NoArgument,test
school uniforms,"The school board made the rule in the middle of of the day , in the midst of winter .","Consiliul şcolii a făcut regula în mijlocul zilei, în plină iarnă.",NoArgument,test
school uniforms,"Therefore , such a policy should not be discussed as increasing the educational atmosphere at any level of schooling .","Prin urmare , o astfel de politică nu ar trebui discutată ca o creştere a atmosferei educaţionale la orice nivel de şcolarizare .",NoArgument,test
school uniforms,"According to a 2013 US Department of Justice report , almost 50 % of high school students say there are gang members at their schools .","Potrivit unui raport din 2013 al Departamentului de Justiție al SUA, aproape 50% dintre elevii de liceu spun că sunt membri ai bandelor în școlile lor.",NoArgument,test